{"type": "FeatureCollection", "features": [{"type": "Feature", "properties": {"name": "\u0637\u0631\u064a\u0642 \u0627\u0644\u0631\u064a\u0627\u0636 - \u0627\u0644\u0642\u0635\u064a\u0645 - \u062d\u0627\u0626\u0644 - \u0627\u0644\u062c\u0648\u0641 \u0627\u0644\u0633\u0631\u064a\u0639", "name:en": "Riyadh\u2013Qassim Expressway", "network": "SA:national", "ref": "65", "route": "road", "type": "route", "wikipedia": "ar:\u0627\u0644\u0637\u0631\u064a\u0642 \u0627\u0644\u0633\u0631\u064a\u0639 65 (\u0627\u0644\u0633\u0639\u0648\u062f\u064a\u0629)", "id": "relation/8249853", "@id": "relation/8249853"}, "geometry": {"type": "MultiLineString", "coordinates": [[[-288247.4792980061, 0, 191093.02519999992], [-288584.4599168726, 0, 191318.3814080003], [-288828.14943049196, 0, 191481.342756], [-289166.96047646395, 0, 191707.6897120001], [-289491.9978112873, 0, 191923.494664], [-291647.1083017773, 0, 193366.0794120001], [-292170.24639114604, 0, 193709.6685919999], [-292698.1982004173, 0, 194047.01271999994], [-293148.85744411557, 0, 194324.16612400013], [-293321.7367334599, 0, 194430.47672400024], [-293760.5538216849, 0, 194700.33866800027], [-294399.9796529764, 0, 195087.09774399994], [-294849.2837738458, 0, 195358.85212800032], [-297751.1175077325, 0, 197117.31850799997], [-297781.3954014032, 0, 197135.664044], [-298378.21576641704, 0, 197486.0882720002], [-299366.9295634679, 0, 198084.1215760002], [-299536.5626257348, 0, 198193.315364], [-299566.4966822692, 0, 198213.21938000008], [-301852.214720105, 0, 199588.05477600024], [-302695.8292458183, 0, 200103.2993960001], [-302756.30413030396, 0, 200140.33556000027], [-302929.4766924986, 0, 200247.53672000012], [-303186.5455158465, 0, 200404.93206800005], [-303278.1983382694, 0, 200464.76656800005], [-303561.3178810876, 0, 200649.62456000017], [-303610.3854629476, 0, 200681.66245600002], [-303986.50283816125, 0, 200928.136068], [-304010.65234052745, 0, 200943.9657720003], [-304406.3482067721, 0, 201212.64772399998], [-304489.9410822158, 0, 201270.4116720003], [-304695.9197523163, 0, 201412.7454240002], [-304766.1130923181, 0, 201461.25868], [-304853.4982891138, 0, 201517.43075199993], [-305220.7365759362, 0, 201775.4259840001], [-306020.9669453886, 0, 202352.99867200025], [-306191.43937478174, 0, 202480.1149800003], [-306464.05165924144, 0, 202683.39643200015], [-306897.8932218533, 0, 203020.21735599998], [-307767.5483541806, 0, 203702.39744800015], [-307914.18477977195, 0, 203820.11834799996], [-309483.1743078878, 0, 205079.6262240002], [-309663.40564422455, 0, 205227.9155960001], [-309807.03855130565, 0, 205347.67365199997], [-310051.32472348475, 0, 205543.77496400016], [-310145.8293715642, 0, 205616.15522800008], [-310330.146302104, 0, 205757.30898800003], [-310723.99151552905, 0, 206057.8729880001], [-310777.60988301085, 0, 206099.39534800008], [-311129.2844830073, 0, 206359.06037999998], [-311419.37178425485, 0, 206575.3440080003], [-311935.21850377216, 0, 206942.06548399996], [-312470.25942575594, 0, 207307.60696800004], [-312508.2028649849, 0, 207332.77641999992], [-313382.0548329407, 0, 207908.0893120002], [-314272.4918862742, 0, 208458.58897599997], [-315680.7577790842, 0, 209268.05235600017], [-316581.9852507695, 0, 209756.19055600007], [-317478.71250111825, 0, 210248.75929199994], [-318010.6892274501, 0, 210553.37533999994], [-318537.99381387694, 0, 210866.29586000007], [-319059.85768327187, 0, 211185.61728000027], [-319573.0346085574, 0, 211511.67356000005], [-320778.2242212088, 0, 212319.9235520003], [-321587.4348076215, 0, 212862.61968400027], [-322469.4175125551, 0, 213458.35979599995], [-324257.4312962193, 0, 214666.1150040001], [-324935.0635010203, 0, 215123.80718400018], [-325929.7236579494, 0, 215795.6790440001], [-326447.35024028766, 0, 216145.0012040001], [-326925.23329486186, 0, 216467.50637600032], [-327187.4394495336, 0, 216644.60536399993], [-328037.62733225606, 0, 217218.8273200001], [-328916.6166315364, 0, 217812.47461600025], [-330020.71812624205, 0, 218552.17375200026], [-331204.5493850415, 0, 219317.53214799997], [-332291.0140572486, 0, 219999.03318800012], [-332960.42450935906, 0, 220418.90996400002], [-336318.6615896848, 0, 222526.4090720002], [-336940.88545132603, 0, 222916.85284000024], [-337328.10674345656, 0, 223159.6640240001], [-339383.38311026135, 0, 224448.40453200028], [-339528.2295601747, 0, 224539.21938800006], [-342622.0963344447, 0, 226478.936992], [-344489.7690922047, 0, 227649.03264400025], [-344592.24267155054, 0, 227713.2197560001], [-346168.7056009427, 0, 228700.78400400013], [-346578.70104689646, 0, 228957.61037600008], [-347484.8231413399, 0, 229524.4406840001], [-347639.88357676007, 0, 229621.4338000001], [-349447.92081716063, 0, 230752.57858399994], [-349657.621018613, 0, 230883.76920400016], [-353782.67558907054, 0, 233464.08888000002], [-353840.0963907607, 0, 233500.0007120001], [-353875.04642433644, 0, 233521.8305640001], [-354638.33452739613, 0, 233998.45827599996], [-355066.5634544083, 0, 234265.8600480001], [-356114.02283740777, 0, 234918.35109600017], [-357022.6428075144, 0, 235491.56003999995], [-357366.6417490948, 0, 235715.62493600027], [-357463.4420156993, 0, 235778.6765840003], [-357886.02796853986, 0, 236053.926416], [-358626.2587577831, 0, 236540.717644], [-359422.10014732444, 0, 237074.95345599996], [-359889.0208649783, 0, 237393.0614880002], [-359964.776276296, 0, 237444.66944000017], [-360540.01580460626, 0, 237836.54923599996], [-361609.5009900154, 0, 238562.9345000002], [-362216.1106005447, 0, 238966.84798800023], [-362815.31759979634, 0, 239381.87121199997], [-363033.2901182239, 0, 239527.41098000016], [-363322.86166376807, 0, 239720.76268800028], [-364249.4521806526, 0, 240352.69293200012], [-365319.40255748056, 0, 241075.96123599994], [-365343.3295769944, 0, 241093.6499840002], [-365382.57757476845, 0, 241119.353772], [-365465.1187130906, 0, 241175.79301200027], [-366300.8755489637, 0, 241748.79044799999], [-366981.78431941196, 0, 242208.341672], [-367050.76411658217, 0, 242251.33345600014], [-367623.1619320929, 0, 242648.64566800016], [-367835.84542634216, 0, 242787.55076399993], [-367855.0295159523, 0, 242800.07426399994], [-368019.11061976035, 0, 242912.34048400007], [-368670.0651079608, 0, 243358.06576400026], [-369343.8443142682, 0, 243818.63000000027], [-370095.4217289948, 0, 244325.1360000001], [-370212.740982325, 0, 244402.5701920001], [-370308.8940260851, 0, 244466.02259200008], [-371412.22694366315, 0, 245194.1555800002], [-372827.2684506213, 0, 246102.14829200014], [-374431.1473351706, 0, 247099.60888799993], [-376900.9193692663, 0, 248631.99548000025], [-377314.15092943975, 0, 248888.36544], [-377468.4124491619, 0, 248984.07837600008], [-378534.62106892385, 0, 249645.53068400006], [-381348.80667173426, 0, 251391.23979200012], [-381486.79660464445, 0, 251476.83374000018], [-382114.97693902167, 0, 251866.47600399994], [-382233.28725233104, 0, 251939.85814800006], [-382837.8945171878, 0, 252314.861832], [-386153.57669552113, 0, 254367.62489600005], [-386291.89023985347, 0, 254453.4192200001], [-386438.0412483119, 0, 254544.0670960003], [-387765.5863170482, 0, 255367.45660800027], [-388295.54047199263, 0, 255696.1623040002], [-388446.6265546367, 0, 255783.64869200022], [-388577.3352305517, 0, 255870.78998800018], [-388602.5162443261, 0, 255886.39705200025], [-388617.6147397332, 0, 255895.67000800025], [-389095.2854243121, 0, 256188.94254800017], [-389173.326341297, 0, 256236.8658080002], [-389317.38398837013, 0, 256325.30954799996], [-389636.1513518916, 0, 256521.02123999994], [-390580.56072269956, 0, 257100.83146000016], [-391333.9887902458, 0, 257541.38036], [-392523.2506532208, 0, 258236.74073999995], [-392868.37212192145, 0, 258438.51937200007], [-394587.9117512632, 0, 259482.22229600002], [-396643.8757923391, 0, 260753.619148], [-398077.0395389295, 0, 261638.83578799994], [-399523.1679681127, 0, 262521.06905200024], [-399799.06693107734, 0, 262685.58887999994], [-400666.2646391689, 0, 263202.6925440002], [-401630.11092100985, 0, 263777.4043080002], [-402727.5480429942, 0, 264452.7270880001], [-402905.33206795226, 0, 264567.987816], [-403060.87792050606, 0, 264668.83260399994], [-403262.79122211697, 0, 264799.73379200033], [-403410.99514053395, 0, 264895.81408399995], [-403800.8053240405, 0, 265148.5327480001], [-405035.787413229, 0, 265997.837556], [-405398.131077294, 0, 266247.01624399994], [-406115.6888412839, 0, 266745.97474800015], [-406755.8630239882, 0, 267189.061744], [-407134.4985005799, 0, 267448.01432800025], [-407393.64045959903, 0, 267625.2357680001], [-408591.8522009633, 0, 268426.7397680002], [-410552.92730539665, 0, 269707.6210840003], [-412638.3602115882, 0, 271071.35787600005], [-412901.42595909955, 0, 271243.3695399999], [-413342.24539299856, 0, 271531.6215480001], [-413597.3523220999, 0, 271698.423436], [-413803.7355064776, 0, 271833.1317680002], [-414890.8069501001, 0, 272542.68544800027], [-418041.61922178435, 0, 274599.15546800016], [-418998.2853752006, 0, 275223.4825560002], [-419705.32576797495, 0, 275684.881692], [-423317.48657314095, 0, 278037.2848000001], [-423922.4477879896, 0, 278426.57084], [-424646.16428185377, 0, 278903.52138000005], [-424963.08099255635, 0, 279109.3743239999], [-425508.7201886107, 0, 279458.11762000027], [-425944.42251689924, 0, 279741.727584], [-426175.13723506796, 0, 279894.31390800024], [-426378.375320938, 0, 280028.73280800023], [-428967.81279117346, 0, 281719.7726640001], [-430418.80550454365, 0, 282660.4934560001], [-430762.49094755895, 0, 282883.31156800006], [-431122.9940716614, 0, 283117.0167759999], [-433504.8145889728, 0, 284661.0140440003], [-434793.51617421285, 0, 285469.06366000016]], [[-434811.0417552853, 0, 285438.4729240002], [-433524.47398285946, 0, 284636.50138000015], [-433322.9449698117, 0, 284505.789436], [-432339.27748837334, 0, 283867.7699880002], [-431153.46410961397, 0, 283098.5933160002], [-430779.85472292063, 0, 282856.2385440001], [-430437.1097756, 0, 282633.89910800016], [-429150.8959531668, 0, 281799.5111800002], [-429018.0736901516, 0, 281713.33836800006], [-428981.3842451832, 0, 281689.538152], [-427388.89243754547, 0, 280650.4550080002], [-426612.0025419042, 0, 280139.10658799997], [-426200.8744559739, 0, 279869.66766000015], [-426019.21720680816, 0, 279750.6109200002], [-425964.1425879276, 0, 279716.9143560003], [-425543.23536933813, 0, 279442.8779120002], [-424981.516730753, 0, 279084.1492120002], [-424660.8076986991, 0, 278875.31289200025], [-424413.6595880078, 0, 278712.70776799996], [-423394.23304443853, 0, 278049.630188], [-423334.99192849925, 0, 278011.48082400026], [-423317.3551060007, 0, 277999.9926000001], [-422230.5263709439, 0, 277291.89721200004], [-421777.2276715843, 0, 276996.3648760002], [-421682.5612177941, 0, 276934.6379360002], [-419723.92331188306, 0, 275657.56376399996], [-419139.07656948216, 0, 275275.90314400016], [-418894.99265444267, 0, 275116.61535600026], [-418757.1443015291, 0, 275026.6576640002], [-418060.15608855087, 0, 274571.793012], [-414909.41460686526, 0, 272515.3675200002], [-414063.23141548934, 0, 271964.6340840001], [-413616.03076886304, 0, 271673.5656800002], [-413375.52680517954, 0, 271516.114672], [-412919.8010201546, 0, 271217.754808], [-412622.03806049173, 0, 271022.81122400024], [-411466.46212397487, 0, 270266.23597599997], [-410571.70688072965, 0, 269680.40334400017], [-408614.42409764754, 0, 268396.80582], [-407418.48774909414, 0, 267603.7176120002], [-406786.9196076428, 0, 267172.3192160001], [-406121.3318154548, 0, 266712.189128], [-406060.5737709751, 0, 266669.85413200007], [-405408.5169813693, 0, 266215.46815600025], [-403826.7650277988, 0, 265128.417224], [-403421.2192388971, 0, 264865.51278000016], [-403265.80485348427, 0, 264764.7570480001], [-402744.61854550417, 0, 264426.86745200003], [-401644.97682070825, 0, 263749.93053200026], [-400249.16996764485, 0, 262917.279196], [-399532.6032636356, 0, 262489.7992640002], [-398094.9898599932, 0, 261609.21353600023], [-396651.6323536101, 0, 260718.25278399998], [-396247.81586324546, 0, 260468.80692800006], [-396124.3884443249, 0, 260392.56386000014], [-394605.5283480477, 0, 259454.2587120003], [-392876.078118908, 0, 258402.12886399994], [-392567.555079463, 0, 258222.25800799998], [-392064.67304254003, 0, 257929.0633920002], [-391899.2165901882, 0, 257832.6046120001], [-391472.4439145748, 0, 257583.78214799997], [-390588.47908968135, 0, 257068.38168000022], [-389836.90167495544, 0, 256606.39254800018], [-389482.1527664501, 0, 256388.3278], [-389313.7939241571, 0, 256284.8224640002], [-388750.95275845175, 0, 255938.8399040001], [-388620.2339696797, 0, 255858.47799600026], [-388601.14089578233, 0, 255846.64468], [-388313.46045448596, 0, 255668.36570000005], [-388264.190615487, 0, 255637.80836000008], [-388185.2698799476, 0, 255588.86095599996], [-388039.98857718584, 0, 255498.74741600006], [-387787.1064766108, 0, 255341.89753600018], [-386664.16472943063, 0, 254645.41282400014], [-386532.889733527, 0, 254563.9933760002], [-386171.4663394432, 0, 254339.81716000018], [-385351.79905895796, 0, 253832.38720400026], [-383529.41167456296, 0, 252704.12560800006], [-382888.4689147311, 0, 252307.29207200013], [-382855.8043868233, 0, 252287.06522800025], [-382742.540389125, 0, 252216.81117600028], [-380711.82815182145, 0, 250957.21424400018], [-380543.3378423882, 0, 250852.69589600005], [-378667.524234794, 0, 249689.0568040001], [-378552.1163114251, 0, 249617.46691199995], [-378532.0524032612, 0, 249605.02133600006], [-376919.5877031724, 0, 248604.6552880003], [-375410.7191095496, 0, 247668.48748400016], [-375254.74851700524, 0, 247571.71700799998], [-374449.4414933706, 0, 247072.03492400004], [-373222.30698116525, 0, 246309.9382040001], [-372844.5209845568, 0, 246075.3090400001], [-372476.40287918, 0, 245838.64272000006], [-371641.3842818633, 0, 245301.80202000012], [-371483.7349550671, 0, 245200.44516000012], [-371406.1996809285, 0, 245150.59606400013], [-370089.18209626415, 0, 244281.3093160001], [-369354.0987512025, 0, 243783.31929600012], [-368674.7372478658, 0, 243320.5620560002], [-367853.42157169915, 0, 242763.32753200002], [-367637.9165903645, 0, 242617.1087120002], [-367001.32235901547, 0, 242182.05902000016], [-366581.48710326094, 0, 241894.552856], [-366319.74614000873, 0, 241721.57270800028], [-366210.6587522255, 0, 241647.56717199998], [-365942.8601876682, 0, 241465.65915999992], [-365621.77697990683, 0, 241247.63894000027], [-365339.4361270733, 0, 241055.92363600028], [-364270.05207023397, 0, 240327.45668800024], [-363609.13641795027, 0, 239877.2118160002], [-363054.1124906583, 0, 239500.96134799995], [-361781.8645236557, 0, 238638.46512000015], [-361772.51013098855, 0, 238632.49836800003], [-360558.78526708216, 0, 237809.25357200013], [-359835.83735034487, 0, 237309.6382800002], [-359472.5026262999, 0, 237065.79182000007], [-358644.2697559885, 0, 236511.2512400001], [-357893.0260655404, 0, 236015.29837600022], [-357035.0108315489, 0, 235460.81345600015], [-356152.91688518843, 0, 234903.95742000005], [-355088.2656453958, 0, 234240.32324000026], [-354669.58325533266, 0, 233978.89935199998], [-353907.78174224216, 0, 233503.24012399997], [-353858.3197589621, 0, 233472.34882400004], [-353807.46220142406, 0, 233440.54470000014], [-349690.76085079665, 0, 230865.44593199997], [-349681.7098438383, 0, 230859.7797440002], [-347657.88446210837, 0, 229593.63719599994], [-347451.21811773675, 0, 229464.21656400026], [-346054.63257468934, 0, 228589.64211600012], [-342640.1275583641, 0, 226451.15151999998], [-341741.21593091724, 0, 225887.605152], [-341514.7688383764, 0, 225745.63875600003], [-340915.82477340533, 0, 225370.13413200018], [-340778.47195048246, 0, 225284.0058480002], [-339520.6550303292, 0, 224495.38157199993], [-339294.49109778233, 0, 224353.5710240002], [-337536.3304677968, 0, 223251.13566800006], [-336958.92678810185, 0, 222889.0562360001], [-336232.3483557247, 0, 222433.12291200002], [-332978.62765184627, 0, 220391.21354800026], [-332186.5482450858, 0, 219893.04541600018], [-331208.4023835344, 0, 219277.82430400024], [-330919.9735908245, 0, 219091.87537600004], [-330106.96057020343, 0, 218567.71402399996], [-330035.7458316505, 0, 218521.80565600013], [-328935.2950782995, 0, 217785.07876400006], [-328060.8869032121, 0, 217194.52616400007], [-327206.4819591464, 0, 216617.4432840001], [-326944.2050144767, 0, 216440.29976799994], [-326397.6657741545, 0, 216071.47434400025], [-325948.6953775643, 0, 215768.4835680003], [-324954.0352206345, 0, 215096.61170799995], [-322429.2189062293, 0, 213391.18930800003], [-321606.3660758082, 0, 212835.3796800003], [-320609.0158989332, 0, 212157.02899600018], [-319592.92659815354, 0, 211482.30734400018], [-319077.7978914785, 0, 211157.742752], [-318555.499169236, 0, 210838.15416400024], [-318027.7799556742, 0, 210524.97760800028], [-317495.3178122094, 0, 210220.09439199994], [-316598.236611868, 0, 209727.31414799998], [-315697.2923001767, 0, 209239.3317960003], [-314289.8657744922, 0, 208430.35822400032], [-313400.2883139991, 0, 207880.39289600003], [-312526.8408603205, 0, 207305.33604], [-312491.2436039011, 0, 207282.11468799994], [-311956.3948261985, 0, 206917.74206400005], [-311433.681476821, 0, 206541.40253999995], [-311140.3782870672, 0, 206325.95381200025], [-310791.343142732, 0, 206067.6357520003], [-310731.12107966986, 0, 206022.30624800012], [-310342.1098118613, 0, 205726.8073080003], [-310069.6289945411, 0, 205513.27328400005], [-309821.27745387383, 0, 205318.9530920001], [-309683.2470695361, 0, 205203.40293199997], [-309501.4583532301, 0, 205057.54033599998], [-307785.77172238193, 0, 203680.24476799992], [-306921.6887742269, 0, 202995.34846800004], [-306481.6278045984, 0, 202660.75394400014], [-306204.16134880885, 0, 202453.84346000018], [-306038.24981789454, 0, 202330.133544], [-305237.60482130793, 0, 201752.26029200028], [-304782.7082905522, 0, 201428.1855080003], [-304427.1908049199, 0, 201184.99583599993], [-303628.5987182919, 0, 200656.28149600004], [-303390.32969599107, 0, 200501.79160000006], [-303202.38224981003, 0, 200381.06505999994], [-302772.67684568575, 0, 200111.98235599993], [-302713.41550403234, 0, 200073.87751999998], [-301708.8447473045, 0, 199464.03316399996], [-299680.1550813883, 0, 198234.75980000026], [-298993.2089353484, 0, 197821.99637200005], [-298389.6938590414, 0, 197456.66639600004], [-297910.3848916389, 0, 197171.24191600012], [-297771.51514017495, 0, 197080.838944], [-294461.14221173397, 0, 195086.5522760003], [-293777.63443705265, 0, 194673.1320600003], [-293341.0421773533, 0, 194404.6393520001], [-292715.62265291985, 0, 194020.01762000006], [-292188.07535792654, 0, 193682.92952800027], [-291665.23054140876, 0, 193339.54072400002], [-289510.2414052021, 0, 191897.02276800032], [-289394.3784032707, 0, 191819.67763200012], [-289135.73197424156, 0, 191647.00918000008], [-288762.1124746911, 0, 191396.51691600023], [-288270.4051446837, 0, 191066.84273600005], [-287992.5139489021, 0, 190880.5264520003], [-287170.8443227428, 0, 190331.4962120003], [-286921.10732067464, 0, 190162.77962000016], [-286628.7648523303, 0, 189969.75074000028], [-286303.5555989392, 0, 189751.8752360003]], [[3253.397092456959, 0, -14207.070283999705], [3282.653587576559, 0, -14179.55198000005], [3325.1882638548545, 0, -14116.990139999809], [3351.340111895055, 0, -14061.163159999964], [3385.460891201596, 0, -13984.652924000056], [3408.942945010036, 0, -13926.376904000068], [3433.476735940035, 0, -13861.488475999926], [3451.9225869937445, 0, -13800.062099999903], [3471.4404008831248, 0, -13699.94089199973], [3479.0452692997783, 0, -13588.298063999775], [3478.822786447431, 0, -13510.529911999802], [3477.356422190907, 0, -13481.108036000049], [3476.2237822143406, 0, -13458.398756000039], [3468.406543801677, 0, -13401.057823999903], [3460.5994182460686, 0, -13354.136443999723], [3450.183175600314, 0, -13299.400399999971], [3435.428517328757, 0, -13241.191171999972], [3421.5334518968602, 0, -13183.850239999838], [3403.3100836962158, 0, -13115.210327999754], [3354.2930661207774, 0, -12918.83071599986], [3270.5080463944296, 0, -12554.202055999764], [3251.4048596400144, 0, -12476.645411999887], [3245.3371454778367, 0, -12410.621519999922], [3242.5257712494545, 0, -12363.310519999934], [3243.597734084406, 0, -12284.651807999835], [3250.535153943299, 0, -12233.778567999745], [3266.169630768627, 0, -12148.051035999695], [3292.6349773739557, 0, -12061.16577599996], [3322.589259621764, 0, -11990.35512399982], [3359.2584788768368, 0, -11927.804415999708], [3402.005525151143, 0, -11875.016471999785], [3453.2878226804323, 0, -11808.057491999967], [3495.488774680207, 0, -11739.740407999701], [3532.4714924996897, 0, -11675.319523999882], [3559.573949091612, 0, -11623.132707999865], [3583.602097175302, 0, -11569.454203999816], [3605.243611021193, 0, -11505.345015999685], [3617.8745693355204, 0, -11458.91344399969], [3633.1854347386643, 0, -11377.215696000067], [3644.066868803224, 0, -11303.878080000059], [3643.915175949547, 0, -11256.990095999872], [3643.1465988219497, 0, -11223.193344000012], [3633.205660452775, 0, -10947.887852000062], [3622.7691920936286, 0, -10645.308959999758], [3621.7477935425172, 0, -10567.852503999866], [3612.3731751619853, 0, -10317.504955999706], [3604.4042438949255, 0, -10199.14953200001], [3549.0161264492363, 0, -9756.986491999902], [3527.415064030849, 0, -9565.85005199998], [3513.4896600285037, 0, -9461.743587999903], [3507.9983787113056, 0, -9431.72058399985], [3491.9189361812832, 0, -9321.870007999878], [3477.498002188247, 0, -9216.27185599977], [3435.226260190521, 0, -8885.963151999715], [3394.491672446552, 0, -8546.97148799983], [3365.33630589607, 0, -8324.93261599986], [3334.4617536662686, 0, -8023.288811999805], [3322.0229396338405, 0, -7896.1168439999055], [3310.393154155794, 0, -7771.393915999755], [3299.3600272368385, 0, -7644.589303999798], [3296.5385401514004, 0, -7620.800219999825], [3266.4831293337556, 0, -7333.494432000035], [3237.914308486027, 0, -7098.1194240000395], [3231.51287004461, 0, -7007.315699999993], [3229.399282944436, 0, -6977.415147999788], [3188.6343566300193, 0, -6660.898991999949], [3162.219574309968, 0, -6490.9801440000065], [3147.3840131826855, 0, -6367.4483399999335], [3137.453187669848, 0, -6294.800907999686], [3113.3239110177587, 0, -6095.126224000043], [3081.326831667728, 0, -5852.148059999786], [3068.6756476392893, 0, -5750.869123999926], [3063.558542028834, 0, -5717.272748000036], [3031.3693183976225, 0, -5463.752579999975], [2995.0641619922376, 0, -5209.074683999833], [2979.3487823119026, 0, -5088.548519999685], [2959.8815327070815, 0, -4965.651239999908], [2956.079098498755, 0, -4948.88644799976], [2942.1840330668574, 0, -4915.034036000041], [2922.797686317762, 0, -4867.422471999704], [2891.32647552887, 0, -4811.4396440000155], [2841.318397973487, 0, -4751.82778399984], [2785.181929114312, 0, -4695.689107999913], [2537.8416741410424, 0, -4469.754035999892], [2458.192812902261, 0, -4386.97648399991], [2379.2821902206288, 0, -4310.165684000049], [2259.3335940862357, 0, -4186.555955999856], [2226.163423332135, 0, -4148.907532000071], [2196.7855739293063, 0, -4108.509503999793], [2171.0989173079115, 0, -4069.647692000066], [2148.951760614993, 0, -4029.3832479997673], [2127.138328201314, 0, -3988.628996000072], [2106.255278625965, 0, -3946.973051999727], [2092.4815674772967, 0, -3918.586451999813], [2075.775127817017, 0, -3884.5225319999954], [2046.4680684121397, 0, -3816.394691999964], [2022.935450319141, 0, -3764.8090039998524], [2002.0220621726253, 0, -3717.019327999807], [1985.467315366023, 0, -3670.131344000016], [1809.210331805385, 0, -3298.8902759997654], [1634.9759196314212, 0, -2916.0273999997494], [1565.9455581773489, 0, -2767.481992000026], [1519.0016762738621, 0, -2669.5760520000345], [1480.2896599180042, 0, -2584.761343999975], [1449.930863392286, 0, -2520.8525319998116], [1420.553013989457, 0, -2457.6339039998043], [1362.5254408824553, 0, -2330.072315999702], [1179.1388931810252, 0, -1922.6188519998375], [1166.1944363008504, 0, -1891.6496279997998], [1094.3628134747328, 0, -1741.4344199999418], [1036.3554660825605, 0, -1616.3218719999838], [1006.0270081272905, 0, -1555.2851159997674], [979.147034387715, 0, -1492.8679920000304], [928.5726368444083, 0, -1384.3643879999813], [807.7341092999076, 0, -1107.8677719999528], [753.6404375422359, 0, -989.8129119998146], [647.0306997088719, 0, -767.8185679999689], [469.7219790259564, 0, -378.0761159998414], [303.5778524022814, 0, -11.944635999978885], [298.76413249989906, 0, -0.512072000051802], [186.40017906948583, 0, 232.94823200011123], [104.4152478781832, 0, 408.41081599997835], [46.24609477455979, 0, 535.6495760002632], [-36.406284974503336, 0, 718.1475840000854], [-106.81199497231884, 0, 892.3856480002758], [-212.7340585338113, 0, 1113.0330200002002], [-217.26461844151316, 0, 1121.348624000087], [-332.9152503768884, 0, 1369.1692079999832], [-392.6215577349877, 0, 1497.298527999997], [-449.71874800365947, 0, 1627.2200999999945], [-541.4423604251818, 0, 1824.3789520002938], [-545.2852460617307, 0, 1833.4070040002011], [-573.1967312087542, 0, 1894.5439480000066], [-712.4002069512392, 0, 2205.7167440002845], [-847.9327156256822, 0, 2498.3658920000303], [-939.7776823304338, 0, 2691.7176000001336], [-1009.4451537718187, 0, 2848.812384000103], [-1018.1725493087014, 0, 2862.7162520000393], [-1214.1597167547297, 0, 3287.1905440002756], [-1277.183041188239, 0, 3429.1569400002363], [-1371.576447841522, 0, 3634.475548000183], [-1481.5537670348551, 0, 3875.594668000072], [-1654.109444957003, 0, 4249.162324000223], [-1782.107875212744, 0, 4530.334380000311], [-1826.6448971650395, 0, 4633.2719840001755], [-2058.654061021054, 0, 5152.668839999947], [-2136.523059438902, 0, 5312.802660000232], [-2289.409230617992, 0, 5649.278491999983], [-2390.2849785676995, 0, 5861.05366000024], [-2394.289669914981, 0, 5871.061328000126], [-2421.9179950680423, 0, 5932.632420000259], [-2475.4756854082384, 0, 6046.30127200016], [-2488.6729637112085, 0, 6075.411452000224], [-2631.8305665164157, 0, 6393.419296000094], [-2772.5105193717623, 0, 6693.226320000039], [-2863.0509275314407, 0, 6884.718984000169], [-2950.9619928882994, 0, 7074.207888000217], [-3412.8060563599774, 0, 8083.023124000226], [-3470.1864066218923, 0, 8210.707164000178], [-3536.233475279794, 0, 8358.718235999984], [-3569.5250003178426, 0, 8429.584547999983], [-3682.475499451009, 0, 8664.547672000306], [-3897.7984493608556, 0, 9141.787644000206], [-3969.8019907547614, 0, 9290.377580000055], [-4096.000332476176, 0, 9562.877808000048], [-4220.86377708135, 0, 9844.450616000075], [-4316.177453715908, 0, 10062.103480000203], [-4382.254860944257, 0, 10189.909972000005], [-4513.125342570714, 0, 10476.625764000019], [-4583.804099705436, 0, 10637.305051999954], [-4637.6146114691455, 0, 10762.306280000194], [-4792.5233540356285, 0, 11102.8564240001], [-4877.633158020442, 0, 11283.628971999928], [-4951.06261224265, 0, 11445.00957600015], [-5242.353343465462, 0, 12072.609472000016], [-5305.589037894982, 0, 12211.447776000203], [-5397.090167464156, 0, 12403.474776000248], [-5442.800280820522, 0, 12507.80388000016], [-5560.23077557755, 0, 12765.966092000284], [-5564.296144066446, 0, 12774.014528000214], [-5608.782601733465, 0, 12862.113176000288], [-5654.158990811308, 0, 12962.479288000159], [-5704.500792645213, 0, 13070.058936000087], [-5720.074592328926, 0, 13105.926240000019], [-5788.872358073595, 0, 13257.121064000252], [-5833.8341200171935, 0, 13356.730199999976], [-6006.622393648744, 0, 13744.101536000078], [-6072.093029460948, 0, 13881.871168000036], [-6425.658733704501, 0, 14649.16653200022], [-6575.480709231695, 0, 14978.439960000042], [-6793.1599548074555, 0, 15446.440371999934], [-6908.5274267488685, 0, 15694.951139999986], [-6935.265820491104, 0, 15752.55924000008], [-7088.060975957413, 0, 16081.699083999923], [-7324.853521145362, 0, 16596.476160000286], [-7576.997383164677, 0, 17151.094663999957], [-7768.211282135826, 0, 17565.483364000185], [-8055.649014865752, 0, 18183.16464800002], [-8240.08729968946, 0, 18578.98517199999], [-8317.349526690443, 0, 18753.089652000202], [-8355.212063063696, 0, 18838.41643200031], [-8466.574843657829, 0, 19080.214604000226], [-8479.822686246076, 0, 19107.476872000054], [-8578.979248516463, 0, 19322.00164400001], [-8907.283036130642, 0, 20042.331100000283], [-10586.189206298213, 0, 23682.261328000142], [-10717.03946221056, 0, 23967.79712800021], [-10825.388611436636, 0, 24198.140471999934], [-11534.67405845142, 0, 25741.803779999937], [-11571.484857703832, 0, 25821.664748000243], [-11696.206722311666, 0, 26092.094424000166], [-12050.399423685478, 0, 26859.990916000253], [-12118.054436596525, 0, 27006.677280000004], [-12467.483982352513, 0, 27763.63101599996], [-13227.677551189843, 0, 29410.254192000084], [-13239.51970666318, 0, 29435.91345200016], [-13873.434030924089, 0, 30808.845276000215], [-13940.563175274, 0, 30952.993543999964], [-14037.171297596573, 0, 31165.18059600029], [-14103.08689911419, 0, 31312.57940800006], [-14216.017172533246, 0, 31566.288819999958], [-14356.838705385933, 0, 31870.415060000152], [-14704.023196902179, 0, 32636.79759999995], [-14928.103880919356, 0, 33131.4034920003], [-15009.077526416604, 0, 33331.89081199995], [-15046.707467080454, 0, 33421.52567600018], [-15423.269807999532, 0, 34354.86595200012], [-15568.470207906243, 0, 34737.90694000023], [-15717.816879156857, 0, 35123.50828800022], [-15893.851379865147, 0, 35588.73683200015], [-16182.836379706605, 0, 36338.83325600025], [-16477.322773722317, 0, 37086.84799600015], [-16634.203523391632, 0, 37441.12389600029], [-16767.36962354239, 0, 37725.14574400006], [-16993.65491037252, 0, 38188.13675599995], [-17367.324974207488, 0, 38864.51707599997], [-18201.150254405264, 0, 40365.233127999956], [-18387.01445205655, 0, 40701.40839600015], [-18548.47632591885, 0, 41003.92049600007], [-18704.214322753825, 0, 41301.00018000018], [-18853.217156868144, 0, 41590.05369200022], [-18998.518685343974, 0, 41877.93834400005], [-19183.83678872145, 0, 42258.22972800008], [-19403.245332833587, 0, 42722.111300000084], [-19659.88941618944, 0, 43275.53868000008], [-19736.989837480407, 0, 43450.57824800014], [-19835.812675471556, 0, 43661.86360800021], [-20592.456631524074, 0, 45309.63338000029], [-20694.990888011485, 0, 45522.64419999996], [-20800.69046872063, 0, 45730.61222400002], [-20916.03771494793, 0, 45941.59702000013], [-21037.159402487112, 0, 46148.35165600025], [-21096.289276999516, 0, 46244.53213600025], [-21279.635373273442, 0, 46521.151204000125], [-21390.826235299784, 0, 46674.1939400002], [-21497.668568842553, 0, 46819.38861600032], [-21593.942966886607, 0, 46943.766451999996], [-21701.98873040461, 0, 47074.70103599996], [-21831.67600776922, 0, 47230.359792000156], [-21938.12393989185, 0, 47349.75049200009], [-22048.30351622414, 0, 47466.71441600013], [-22255.303584875015, 0, 47680.437684000215], [-22633.241274337113, 0, 48037.30734000021], [-23022.050285007437, 0, 48397.89508400015], [-23899.755251456805, 0, 49215.80765200019], [-23980.5670912426, 0, 49292.19543600026], [-24061.378931029114, 0, 49366.06738800018], [-25202.776642119396, 0, 50426.66868800027], [-25297.099258774007, 0, 50515.51317999996], [-25898.399619411684, 0, 51081.909340000035], [-26577.771235606164, 0, 51761.261903999984], [-27217.510565462075, 0, 52405.37055600017], [-27297.04818527468, 0, 52486.867928000225], [-27530.018070540194, 0, 52719.51559599998], [-28150.00699079804, 0, 53344.05419200007], [-28193.62374276906, 0, 53386.16654800021], [-28767.993565382603, 0, 53958.440404000154], [-29242.48881288272, 0, 54441.53580800006], [-29986.107409199336, 0, 55185.12001199999], [-30087.357332856503, 0, 55286.33215600026], [-30214.7489916961, 0, 55410.97716000029], [-30386.97094533901, 0, 55566.88082000018], [-30618.0295006433, 0, 55768.82643200026], [-30738.665771048847, 0, 55870.26121599996], [-30866.714765589866, 0, 55971.69600000006], [-30993.641233010654, 0, 56071.884000000224], [-31125.61401604251, 0, 56168.48749600002], [-31234.83287096602, 0, 56249.01638400023], [-31721.35230536504, 0, 56607.74508400019], [-32032.454123328247, 0, 56837.11994400007], [-32113.50867168122, 0, 56898.446132000114], [-34024.88919712433, 0, 58285.92748000013], [-34055.69295935546, 0, 58308.69242], [-34194.91666081206, 0, 58411.61889200013], [-34360.898981724284, 0, 58547.2066520003], [-34596.10380837319, 0, 58748.540003999944], [-34774.0091876152, 0, 58913.96152399993], [-35021.86519829255, 0, 59153.67801200004], [-35157.68086696096, 0, 59294.78724400027], [-35265.15019763398, 0, 59417.75131600003], [-35308.48378961104, 0, 59468.301728000304], [-35630.2142202153, 0, 59855.383632000194], [-35810.36465369704, 0, 60082.19813200021], [-35876.421835212, 0, 60165.37643600012], [-35918.744141495, 0, 60216.67269200002], [-35958.48766925831, 0, 60271.26402000005], [-36019.943500866895, 0, 60364.69489599996], [-36078.09242825641, 0, 60466.9200520002], [-36132.560275720825, 0, 60574.27706000029], [-36159.84476373831, 0, 60632.98722800021], [-36182.618917560765, 0, 60682.00142399994], [-36237.814890725276, 0, 60793.38821600006], [-36291.18043678357, 0, 60882.78930799993], [-36322.09544044088, 0, 60932.61614000006], [-36355.36673976481, 0, 60978.64696000011], [-36417.78329278217, 0, 61063.784495999986], [-36472.25114024659, 0, 61132.658180000035], [-36560.57683273769, 0, 61227.5584800001], [-36633.814142677285, 0, 61300.46194800018], [-36715.141738167884, 0, 61370.80505599999], [-36784.69796818309, 0, 61426.13109600031], [-36859.77581808595, 0, 61481.089780000286], [-37009.931517891666, 0, 61589.53772400008], [-37071.387349499535, 0, 61637.5277760001], [-37154.20153495933, 0, 61711.900667999944], [-37232.95035193095, 0, 61789.56863199994], [-37384.04654743133, 0, 61947.18662000009], [-37593.048961755485, 0, 62155.2437], [-37771.702692410974, 0, 62325.29613199992], [-37953.28915157808, 0, 62491.28538400021], [-38013.19771607441, 0, 62544.77464400003], [-38553.133260816285, 0, 62994.774611999965], [-39159.28779278385, 0, 63491.773884000206], [-39491.90977031044, 0, 63761.14602000003], [-39809.51415528418, 0, 64041.49430799999], [-39961.76321647596, 0, 64181.99128000018], [-40112.00993199446, 0, 64327.286144000274], [-40259.32391900063, 0, 64473.90571600004], [-40403.7860803509, 0, 64624.06526400003], [-40544.840208912996, 0, 64776.22857200012], [-40679.54346331822, 0, 64929.427156000034], [-40760.092368824175, 0, 65023.51482000009], [-40914.89998282082, 0, 65213.60485200005], [-41028.76063907892, 0, 65358.44330399996], [-41139.344729688404, 0, 65504.328164000224], [-41437.89649219301, 0, 65922.75778000022], [-41729.18722341582, 0, 66342.23380400018], [-42563.47769503312, 0, 67547.7848760003], [-42696.89661660739, 0, 67737.12906400023], [-42841.01494082209, 0, 67925.89438800013], [-42985.689472167665, 0, 68115.79517600025], [-43134.86422485049, 0, 68297.83677200027], [-43326.27026810354, 0, 68520.7773360001], [-43526.6767540311, 0, 68737.5396400001], [-43751.85973945439, 0, 68970.5546640002], [-44002.93163863804, 0, 69210.83888400023], [-44264.7029404614, 0, 69453.36063600029], [-44455.93706514666, 0, 69628.67850400005], [-44523.956140907394, 0, 69694.04560800025], [-44791.68391546676, 0, 69934.19624400028], [-45922.22041820587, 0, 70986.51533600008], [-45995.993709564376, 0, 71054.45393200028], [-46349.49873666631, 0, 71384.26169600002], [-46525.624253086666, 0, 71557.23071200002], [-46568.32073507641, 0, 71599.16495600005], [-46798.78263182162, 0, 71833.04827600002], [-47044.13065397866, 0, 72091.01011200018], [-47099.812044275364, 0, 72151.03385600002], [-47322.08252690116, 0, 72390.63902400002], [-47593.04641568021, 0, 72696.74676000002], [-48077.00729727436, 0, 73250.59715600022], [-48120.462243533926, 0, 73300.31266800023], [-48893.671059249384, 0, 74182.41234800013], [-48948.7153395595, 0, 74247.60134000023], [-49711.13373692318, 0, 75117.92336400013], [-49840.99293285557, 0, 75268.6729080003], [-49893.498886074216, 0, 75327.49439599994], [-50926.83060793238, 0, 76506.13942400004], [-51149.61684626154, 0, 76752.63530000027], [-51389.099411395364, 0, 76988.95652800024], [-51519.61594302847, 0, 77112.38814399994], [-51655.60353026466, 0, 77233.99411200006], [-51813.49556562803, 0, 77369.21451600027], [-51976.18109517896, 0, 77501.59626000015], [-52159.40583716965, 0, 77644.19718000002], [-52348.68818046619, 0, 77780.040976], [-52725.10894138793, 0, 78031.72436399997], [-52815.002126703956, 0, 78085.23588800004], [-53424.98943145102, 0, 78443.09629200013], [-53533.75320781206, 0, 78506.66001200023], [-53818.67283916462, 0, 78672.43775600001], [-54175.29262620301, 0, 78880.873324], [-54550.33803858172, 0, 79101.45390399994], [-55004.870506487765, 0, 79369.57925600022], [-55274.17588672911, 0, 79520.228612], [-55470.59790702278, 0, 79635.73424400002], [-56409.02046652429, 0, 80187.58088000013], [-56712.09267607955, 0, 80374.10867199997], [-57014.14348708441, 0, 80567.37132400023], [-57308.32649539133, 0, 80769.11655999994], [-57602.29713370296, 0, 80975.35912400001], [-57961.38445783416, 0, 81246.53464399994], [-58701.16016851494, 0, 81822.28168400013], [-59736.05938319876, 0, 82627.7152800003], [-60363.198093310784, 0, 83117.08913200001], [-60446.85164589685, 0, 83182.25586000024], [-60982.17572787529, 0, 83592.98213199999], [-61533.20507667702, 0, 83992.3092360002], [-62029.837368012995, 0, 84332.80372000024]], [[-62028.14852090485, 0, 84293.4743640002], [-61821.279919394256, 0, 84149.25930400006], [-61540.961637948065, 0, 83954.05968400011], [-61375.15123560363, 0, 83837.9529240002], [-61205.05298191724, 0, 83713.27452400017], [-60976.47207656209, 0, 83546.31678800003], [-60780.848971966465, 0, 83398.38363999994], [-60446.21453590954, 0, 83140.42180400019], [-60361.69127762748, 0, 83074.2531960001], [-59641.90868511193, 0, 82514.70321600015], [-58773.962625606895, 0, 81835.35065200021], [-58006.30576835025, 0, 81238.43054800016], [-57621.23851474664, 0, 80947.95214000007], [-57267.12671622856, 0, 80695.63422800021], [-56926.62682314841, 0, 80470.38933999997], [-56717.38170025779, 0, 80337.4509960003], [-56507.37811309664, 0, 80210.47940399997], [-55483.51202533179, 0, 79608.42744800007], [-55184.32315284058, 0, 79431.3061960002], [-54982.38962551561, 0, 79314.35340400029], [-54691.42250571426, 0, 79147.484724], [-54562.503805477245, 0, 79070.9410920001], [-54481.69196569073, 0, 79023.60782800024], [-54278.46399267774, 0, 78906.08730400002], [-53908.29297734374, 0, 78686.95388399999], [-53568.26838853873, 0, 78489.21616800004], [-53455.00439084044, 0, 78424.49472000028], [-53212.19469577487, 0, 78280.16834000002], [-52829.32193212716, 0, 78055.65816400004], [-52736.39488972968, 0, 77999.5528840001], [-52660.396769845545, 0, 77952.04150800015], [-52487.36578764754, 0, 77836.8030440001], [-52340.09225206888, 0, 77735.334864], [-52184.70820522653, 0, 77622.33393200001], [-52045.54518091227, 0, 77513.9527800002], [-51841.45761505962, 0, 77349.06559600013], [-51661.71169585506, 0, 77195.70003200024], [-51447.18766164326, 0, 76999.67664400015], [-51280.20416789404, 0, 76839.39810800015], [-51135.99482796727, 0, 76689.48346400025], [-50933.95005921612, 0, 76467.0995000002], [-50357.13292522388, 0, 75809.13150800021], [-49929.29839963257, 0, 75317.82068799999], [-49879.13862922279, 0, 75263.47426400005], [-49769.51526002209, 0, 75135.80135600023], [-49342.783035836896, 0, 74651.49256399999], [-48972.39965050689, 0, 74224.02376399995], [-48918.62959017068, 0, 74164.02228399998], [-48801.60360969228, 0, 74029.15810399996], [-48168.194928278404, 0, 73301.41473600005], [-48128.3199333741, 0, 73255.58429199997], [-47964.91639098085, 0, 73067.84311200018], [-47536.40430397473, 0, 72581.68640800008], [-47352.279517716146, 0, 72373.65159200004], [-47165.869225790324, 0, 72173.53162799994], [-47123.00082523279, 0, 72127.56760000026], [-46873.75935315464, 0, 71860.34394000024], [-46593.6028774199, 0, 71580.35187600009], [-46542.25990274899, 0, 71530.42485599998], [-46166.93133037632, 0, 71165.47336800006], [-46021.7107047555, 0, 71033.75954400009], [-45943.43719206046, 0, 70960.14362799999], [-45725.50512506119, 0, 70757.91971600022], [-45152.51065099067, 0, 70231.35385200012], [-44552.30247890278, 0, 69674.9208320002], [-44475.11104189974, 0, 69608.02864399998], [-44177.13571224083, 0, 69323.50585600028], [-44040.51101501733, 0, 69196.37841600011], [-43949.100901160935, 0, 69111.2965400001], [-43818.38211238887, 0, 68986.11720000015], [-43721.06609008031, 0, 68888.32258000027], [-43583.46044573392, 0, 68748.48239600024], [-43485.17358916025, 0, 68645.78969600008], [-43354.454800387466, 0, 68498.11258400022], [-43167.70067132607, 0, 68285.89213600029], [-43036.97176969695, 0, 68124.5226640002], [-42873.81093586945, 0, 67919.13726400027], [-42749.96888981467, 0, 67753.84932800026], [-42593.68479870516, 0, 67534.77156800008], [-42467.8808584046, 0, 67351.87280799993], [-41638.3130909769, 0, 66156.61883599992], [-41301.969582097714, 0, 65665.5529200002], [-41195.147474269055, 0, 65517.73109200024], [-41067.83671828447, 0, 65348.80299200001], [-40958.82012049991, 0, 65211.901656000315], [-40804.43724649457, 0, 65024.02689200015], [-40720.07579392324, 0, 64925.31944800028], [-40578.32387823222, 0, 64759.95358800015], [-40458.26404067237, 0, 64631.79087200014], [-40276.23261579986, 0, 64443.87158000025], [-40136.80665720503, 0, 64301.237263999996], [-39982.84852319099, 0, 64152.82544000025], [-39825.02727782628, 0, 64007.307935999925], [-39521.965181128086, 0, 63744.20311600017], [-39114.33614369731, 0, 63410.74405600008], [-38609.87650109161, 0, 62999.216280000066], [-38460.974795546404, 0, 62876.12975600005], [-38285.86056481939, 0, 62731.58073599997], [-38158.58014740597, 0, 62626.1384320001], [-38017.27319742037, 0, 62504.08718399993], [-37962.50196424788, 0, 62456.375432], [-37820.871402840094, 0, 62325.08462400022], [-37615.590519869256, 0, 62130.107644000105], [-37340.1971997509, 0, 61853.110088000154], [-37287.529440821534, 0, 61802.604204], [-37252.01308725786, 0, 61766.581052000234], [-37218.22603222984, 0, 61729.14413600015], [-37176.61162593282, 0, 61680.63087999995], [-37131.60941256172, 0, 61623.64617200002], [-37085.9296377758, 0, 61560.015659999954], [-37051.46502133296, 0, 61510.366939999934], [-37015.149752071244, 0, 61450.554704000184], [-36981.4739384694, 0, 61391.120956000115], [-36928.067940983594, 0, 61291.11106800006], [-36876.93733630798, 0, 61188.35157600029], [-36828.67878300308, 0, 61104.104600000144], [-36782.26076966074, 0, 61029.40888000009], [-36737.693409137995, 0, 60963.16234800029], [-36699.44658420094, 0, 60910.51912000008], [-36655.5365593789, 0, 60857.39721600021], [-36606.903830367264, 0, 60800.991371999924], [-36551.192101499386, 0, 60740.35536800004], [-36497.83666829815, 0, 60687.23346400017], [-36455.81774772322, 0, 60648.69448000026], [-36406.24452301619, 0, 60605.4466600003], [-36316.058064849145, 0, 60535.40411600004], [-36196.60499870544, 0, 60443.2645520002], [-36134.63341139349, 0, 60389.330011999926], [-36077.14181970469, 0, 60337.477156000255], [-36024.65609219944, 0, 60285.22354800025], [-35963.00811630968, 0, 60213.889691999924], [-35883.85478506087, 0, 60117.67581599994], [-35475.497621930714, 0, 59616.15695200027], [-35331.78381199464, 0, 59446.85036399997], [-35287.954690027604, 0, 59400.418791999975], [-35180.717955063985, 0, 59274.092856000076], [-35042.424636446434, 0, 59128.93157599995], [-34857.47059591865, 0, 58943.94000000026], [-34746.694361027265, 0, 58840.05617600001], [-34672.526668248625, 0, 58773.330968000155], [-34486.0759248953, 0, 58610.54773200015], [-34386.59575120201, 0, 58528.74979600015], [-34214.313120417486, 0, 58385.6590680001], [-34074.81637182399, 0, 58281.296568000194], [-34053.51869511367, 0, 58265.36667600031], [-33075.48407498913, 0, 57550.42510800012], [-32139.670632578476, 0, 56874.979875999954], [-32053.63044575533, 0, 56812.00615200004], [-31346.55971440984, 0, 56289.72610800019], [-31221.625479805996, 0, 56199.45672000006], [-31064.016604437304, 0, 56085.598623999926], [-30944.796134003005, 0, 55992.89132800018], [-30822.309210777854, 0, 55894.484448000265], [-30728.40122125749, 0, 55815.5919640002], [-30618.98010919574, 0, 55724.50994000007], [-30504.654261518834, 0, 55625.29042400015], [-30372.367979921128, 0, 55508.17065200026], [-30277.640848989326, 0, 55422.77708000016], [-30182.91371805752, 0, 55330.88242000002], [-30024.49581413373, 0, 55175.53536000031], [-29267.51813380269, 0, 54415.075044000114], [-28786.59110928999, 0, 53929.2300360001], [-28215.245030900838, 0, 53362.45538799996], [-28174.338524589082, 0, 53320.66586000003], [-27472.223093143315, 0, 52608.885780000004], [-27319.781887669636, 0, 52464.225440000206], [-27239.101515023405, 0, 52383.863531999974], [-26600.494825144062, 0, 51739.75488000018], [-25918.5039790031, 0, 51055.72687600017], [-25223.295628845775, 0, 50402.76828400018], [-24589.61390029427, 0, 49811.670216000144], [-24004.392982187335, 0, 49268.45088000001], [-23921.41699101609, 0, 49194.144780000155], [-23045.117711681632, 0, 48373.24883600004], [-22665.218127973036, 0, 48022.601968], [-22277.086678717526, 0, 47654.71163200015], [-22073.545207140123, 0, 47449.40415599994], [-21962.293667972164, 0, 47327.04121200008], [-21841.9810089888, 0, 47189.894972000286], [-21726.694439903113, 0, 47054.329475999984], [-21677.161666623593, 0, 46996.08685199999], [-21609.58755656827, 0, 46913.1311880003], [-21527.18799824272, 0, 46807.199076000245], [-21368.962238600827, 0, 46589.55734400025], [-21285.12665459064, 0, 46466.74911999993], [-21218.806538795114, 0, 46367.28470000031], [-21191.795097915972, 0, 46326.753088000056], [-21125.212047840592, 0, 46223.59284399996], [-21071.472326075553, 0, 46140.31435200006], [-20943.74694295672, 0, 45924.3090240002], [-20834.00221947279, 0, 45730.56769600029], [-20723.721514570665, 0, 45512.00200800017], [-20583.496640277786, 0, 45221.133980000275], [-19963.800992870958, 0, 43864.610724000166], [-19868.34573623906, 0, 43655.65195199999], [-19687.87169133513, 0, 43257.23767200017], [-19396.10565583574, 0, 42622.023488000304], [-19213.22475098134, 0, 42241.29795599995], [-19099.141611870888, 0, 42004.30880800008], [-18823.748291753254, 0, 41455.645924000004], [-17376.62880258935, 0, 38812.385920000204], [-17299.5283812991, 0, 38669.45104], [-17132.292066126363, 0, 38369.3768480001], [-17016.853804186998, 0, 38148.3843840001], [-16889.452032490346, 0, 37904.493396000245], [-16755.50724235494, 0, 37621.1506000001], [-16646.723240279785, 0, 37392.85554400019], [-16539.56740817189, 0, 37145.92552000002], [-16473.813612365007, 0, 36997.7697320001], [-16375.587432932949, 0, 36747.60029600004], [-15739.610085857143, 0, 35090.357191999996], [-15595.0569087948, 0, 34720.93063999999], [-15454.114021658885, 0, 34346.917704000174], [-15075.165046502727, 0, 33407.733127999956], [-15031.406714534367, 0, 33300.12008400004], [-14958.422226017572, 0, 33121.32903200003], [-14386.610956209615, 0, 31857.813636000014], [-14246.284953346902, 0, 31551.193827999945], [-14129.28931143895, 0, 31300.434396000113], [-13999.794178356236, 0, 31041.87143200005], [-13887.956093485525, 0, 30802.333056000047], [-13803.978929477997, 0, 30610.46190400024], [-13698.390590195026, 0, 30381.153835999954], [-13541.348034814975, 0, 30047.69477600026], [-13370.703686854766, 0, 29673.43693599995], [-13256.276710608738, 0, 29427.753696000116], [-13244.343539422618, 0, 29402.138964000165], [-13187.408154865398, 0, 29279.87620800029], [-13060.21875316404, 0, 29005.36108800008], [-13002.282195769818, 0, 28880.315332000115], [-12762.71872778099, 0, 28360.896212000083], [-12479.599184963476, 0, 27749.571300000178], [-12310.815602679206, 0, 27383.974156000233], [-12135.45866338573, 0, 26997.916396000055], [-12066.145141936979, 0, 26850.33947200018], [-11887.946489843955, 0, 26466.986787999977], [-11728.598203081832, 0, 26132.559244000036], [-11560.168570790915, 0, 25755.373687999927], [-11323.507492742532, 0, 25235.95456800029], [-11085.400276153174, 0, 24718.127324000274], [-10901.275489894593, 0, 24326.3588480002], [-10748.551124426955, 0, 23990.92942400002], [-10524.955857541976, 0, 23503.470276000135], [-10310.077873337543, 0, 23035.180432000023], [-10038.567890283963, 0, 22448.6353520002], [-9819.331264738898, 0, 21988.34941600029], [-9640.748324082793, 0, 21591.98342400027], [-9398.272353295746, 0, 21059.773636000264], [-9151.447854025842, 0, 20524.368964000092], [-8978.315743258716, 0, 20150.133388000046], [-8914.301358845261, 0, 20011.361876000246], [-8773.024747430107, 0, 19705.109424000122], [-8757.95659059414, 0, 19672.21436400012], [-8597.870065275587, 0, 19322.72522400016], [-8388.77663523937, 0, 18869.69735200004], [-8368.308212797549, 0, 18824.746335999946], [-8334.268336346733, 0, 18749.97269200016], [-8178.924740931891, 0, 18408.74349600023], [-8072.132971673684, 0, 18179.569011999924], [-7860.470875974825, 0, 17724.214552000296], [-7622.060273677393, 0, 17204.294491999946], [-7568.775630474103, 0, 17088.087544000045], [-7541.056289608979, 0, 17027.663048000264], [-7357.174211917576, 0, 16629.092920000196], [-7286.151617646559, 0, 16471.73096800027], [-6968.8910698076725, 0, 15779.676792000191], [-6926.700230665672, 0, 15687.648548000074], [-6887.917424310425, 0, 15603.034215999982], [-6764.4798925335535, 0, 15343.769936000028], [-6610.046454242932, 0, 15006.826559999954], [-6461.5593758319765, 0, 14687.260236000066], [-6279.507725246068, 0, 14293.187435999957], [-6215.766387970239, 0, 14153.770268000124], [-6096.404337538599, 0, 13892.669208000063], [-6066.348926720954, 0, 13827.446819999972], [-6024.14797472118, 0, 13735.841592000052], [-5961.781985988375, 0, 13606.354167999985], [-5799.885259278441, 0, 13246.757172000158], [-5727.82104074292, 0, 13082.638095999968], [-5615.436861598395, 0, 12844.925367999942], [-5567.188421150554, 0, 12726.425228000136], [-5456.078461979936, 0, 12488.801555999966], [-5334.107294458151, 0, 12230.138404000314], [-5255.40904177181, 0, 12063.726136000218], [-5152.126433870912, 0, 11835.11938400022], [-4975.262678893409, 0, 11439.287728000121], [-4959.446170643238, 0, 11403.743252000007], [-4950.031100834483, 0, 11383.62772800025], [-4928.055862710072, 0, 11336.7174800002], [-4897.353229048059, 0, 11271.918108000307], [-4772.439220158325, 0, 11011.407044000021], [-4638.160705743677, 0, 10718.25695599996], [-4600.662232220111, 0, 10632.206596000091], [-4526.312508016628, 0, 10472.952204000196], [-4395.067850684148, 0, 10175.460636000022], [-4345.585641689903, 0, 10068.760416000086], [-4238.025295304098, 0, 9836.64708400024], [-4134.287608840731, 0, 9613.906895999984], [-3981.1283905247346, 0, 9285.446104000166], [-3808.259214037458, 0, 8907.748476000002], [-3789.9347172669773, 0, 8868.06289600014], [-3733.9600541192535, 0, 8741.269416000312], [-3618.875742171802, 0, 8501.207836000127], [-3539.8033137787183, 0, 8319.834159999997], [-3493.0515761578495, 0, 8209.482644000105], [-3427.5708274885897, 0, 8075.030348000157], [-2964.9076226047555, 0, 7067.851516000287], [-2875.8639172713306, 0, 6876.347720000027], [-2807.430214376349, 0, 6719.297464000183], [-2758.453648228414, 0, 6606.897660000083], [-2721.470930408931, 0, 6529.307620000213], [-2509.3234175771545, 0, 6069.155268000279], [-2496.490202123872, 0, 6040.824328000224], [-2445.521403159711, 0, 5923.982856000029], [-2417.306532304615, 0, 5863.502699999989], [-2398.0213141246377, 0, 5822.870900000143], [-2164.9503002900083, 0, 5307.069680000073], [-2082.752999103414, 0, 5133.978212000231], [-2005.2682892493651, 0, 4968.367448000011], [-1738.9158632330248, 0, 4394.935863999984], [-1669.1371503654661, 0, 4243.462740000059], [-1494.3768696310822, 0, 3869.204900000148], [-1383.1152176067872, 0, 3621.350920000257], [-1296.7311936480673, 0, 3428.9231680002727], [-1030.5506862002337, 0, 2855.0129080001884], [-1022.9458177828616, 0, 2838.6154719999827], [-957.6268748250534, 0, 2687.086688000198], [-954.2997448925878, 0, 2680.3073000000713], [-863.4761767382288, 0, 2494.7591240001984], [-587.2131509238804, 0, 1886.8294720000258], [-565.5210727934304, 0, 1837.8264080000379], [-551.7878130722661, 0, 1806.4786959999274], [-476.85154316674874, 0, 1635.4132520000323], [-436.1978582785054, 0, 1558.580188000307], [-210.11482858732833, 0, 1070.3863280001417], [-191.17344754364606, 0, 1029.4873599999419], [-132.62000587622404, 0, 893.2316800002753], [-94.34284236800534, 0, 812.6248679999535], [-47.763023314924574, 0, 712.9600719999734], [35.83996498586096, 0, 530.8850799999532], [91.92586956047721, 0, 406.67422400024975], [173.3040293356339, 0, 228.40637600003006], [243.62883647772378, 0, 80.71813200004087], [276.1113329606712, 0, 0.768108000275447], [322.30686345067187, 0, -107.35700799970076], [337.7593088504373, 0, -140.51923600005495], [753.1449075522637, 0, -1036.6229719998814], [762.3779459361742, 0, -1051.962867999989], [915.8102113890774, 0, -1389.006432000047], [966.576753215002, 0, -1498.2781439999758], [1066.5221183263793, 0, -1717.244584000031], [1082.6116737141758, 0, -1752.0320839999995], [1118.4111872718147, 0, -1845.6855999997324], [1135.4513512113338, 0, -1883.0891199998193], [1176.7219203727784, 0, -1961.4472679999653], [1194.7733700056342, 0, -2003.5484919999772], [1207.1211683267186, 0, -2030.3543480000064], [1217.8205709664348, 0, -2057.1936000000305], [1242.6375218903956, 0, -2108.445327999799], [1290.228626637532, 0, -2210.9153879997357], [1300.8673521356336, 0, -2234.103343999803], [1315.237721843392, 0, -2260.4861840000303], [1337.0511542577897, 0, -2306.4502119997023], [1379.8487648166547, 0, -2403.4321959999697], [1469.165517286986, 0, -2595.5816479998657], [1478.7221670930803, 0, -2616.9773519999494], [1558.350802617751, 0, -2802.8260919997756], [1622.0415756090208, 0, -2925.656579999958], [1667.1246918358477, 0, -3019.577264000045], [1790.744255037564, 0, -3307.450783999746], [1963.9673815174724, 0, -3671.411523999948], [1994.0430180492285, 0, -3739.0495559997917], [2071.1333264824234, 0, -3914.801571999877], [2101.401107296079, 0, -3968.947619999852], [2142.863820739423, 0, -4053.161200000006], [2189.736912643521, 0, -4128.702952000065], [2240.94842017414, 0, -4192.088560000046], [2330.3561883572524, 0, -4284.985100000029], [2436.247913348297, 0, -4392.653803999813], [2444.2471831858047, 0, -4400.067715999841], [2528.0827671967118, 0, -4480.9750919997205], [2719.2157633121356, 0, -4654.879195999963], [2802.535591618959, 0, -4730.420948000022], [2867.0960703069445, 0, -4807.855140000049], [2891.761328377228, 0, -4846.683555999781], [2917.5996778523, 0, -4894.6179479999355], [2928.8350619094917, 0, -4926.422071999843], [2939.554690263319, 0, -4956.856959999965], [2940.5558630996006, 0, -4959.706752000046], [2950.638381466834, 0, -5003.0658919997295], [2977.002599502326, 0, -5177.593387999743], [3033.2604226447306, 0, -5618.5875680000345], [3057.0660878753542, 0, -5804.681211999953], [3062.7798520449, 0, -5856.23350400007], [3089.922760064326, 0, -6061.14022799995], [3116.428558097158, 0, -6295.1682640000245], [3125.3885493441626, 0, -6367.748903999886], [3142.1556661460563, 0, -6495.711243999926], [3155.484411589311, 0, -6594.351895999803], [3164.515192834267, 0, -6668.479883999951], [3207.353254821354, 0, -6976.023647999742], [3214.776091813164, 0, -7102.460903999756], [3227.204792989255, 0, -7247.889351999835], [3242.4044169655067, 0, -7357.127667999769], [3256.9365923847163, 0, -7506.307599999789], [3269.8507106937245, 0, -7618.930043999721], [3289.115703159591, 0, -7775.312380000066], [3295.769963024522, 0, -7846.8243479997], [3300.2499586476647, 0, -7894.836663999974], [3344.099306328089, 0, -8339.070255999759], [3370.7770229287094, 0, -8552.782391999712], [3380.4853655884813, 0, -8612.505572000002], [3411.1475478222724, 0, -8831.739180000015], [3427.489924632864, 0, -8993.33129199994], [3450.8506241580744, 0, -9139.416527999785], [3469.1144437869407, 0, -9292.347943999746], [3491.1604719107413, 0, -9432.577747999978], [3505.1566659117566, 0, -9568.432675999707], [3529.923052551877, 0, -9763.064563999744], [3554.224247771754, 0, -9959.366251999912], [3589.8113913348197, 0, -10325.575655999895], [3598.6702540112688, 0, -10564.101019999925], [3603.696343909661, 0, -10644.730095999717], [3606.305460999089, 0, -10829.755067999804], [3612.02933802569, 0, -11007.132355999898], [3620.807297847132, 0, -11181.570796000058], [3619.088112167812, 0, -11262.544963999926], [3615.1137593916974, 0, -11334.279571999788], [3604.0806324727414, 0, -11393.023135999705], [3590.1653413274516, 0, -11460.249283999878], [3573.1352902449885, 0, -11521.052267999734], [3550.826327841337, 0, -11577.079623999944], [3525.3924926434565, 0, -11636.591295999739], [3499.3518860301483, 0, -11686.985859999771], [3470.5302437581877, 0, -11736.211563999988], [3432.1317259674584, 0, -11796.41341999994], [3389.344228265649, 0, -11846.641004000001], [3372.9310614563865, 0, -11865.910495999758], [3348.6197533787354, 0, -11900.66459999973], [3307.8649399213737, 0, -11965.31925599991], [3275.7262805747214, 0, -12034.604824000024], [3256.168015257838, 0, -12091.133119999758], [3236.437831373166, 0, -12161.632075999814], [3228.8936400974085, 0, -12199.202575999874], [3216.2626817830806, 0, -12281.868807999743], [3213.38051755531, 0, -12362.98769199972], [3217.2234031918583, 0, -12422.944643999974], [3220.429178841095, 0, -12451.487091999732], [3231.1589200512594, 0, -12509.829903999711], [3301.959031469929, 0, -12847.31874799983], [3306.105302813832, 0, -12872.343484000006], [3313.9326540835514, 0, -12919.520900000016], [3344.9690120240857, 0, -13078.597179999808], [3359.8045731513685, 0, -13147.905011999786], [3373.8007671531022, 0, -13227.287304000036], [3387.6857197279437, 0, -13290.717439999746], [3403.3100836962158, 0, -13364.567127999806], [3412.856620644536, 0, -13443.626591999842], [3418.2973376771756, 0, -13479.215595999685], [3424.142568987006, 0, -13517.476279999903], [3424.142568987006, 0, -13577.43323199976], [3424.142568987006, 0, -13640.852235999737], [3417.1950362710577, 0, -13704.282371999841], [3403.3100836962158, 0, -13776.395467999777], [3385.076602637798, 0, -13839.825603999883], [3362.5148188106323, 0, -13916.280179999932], [3334.7348008038934, 0, -13997.955663999692], [3324.2174295890213, 0, -14026.264339999881], [3300.1791686489946, 0, -14070.636491999934], [3270.609174964266, 0, -14127.63233199999], [3249.200256827778, 0, -14161.262103999876]]]}}, {"type": "Feature", "properties": {"admin_level": "9", "alt_name": "Al-Ma'athar", "boundary": "administrative", "name": "\u0628\u0644\u062f\u064a\u0629 \u0627\u0644\u0645\u0639\u0630\u0631", "name:de": "Stadtbezirk Al Maader", "name:en": "Al Maathar Municipality", "place": "municipality", "type": "boundary", "wikipedia": "ar:\u0628\u0644\u062f\u064a\u0629 \u0627\u0644\u0645\u0639\u0630\u0631", "id": "relation/8835053", "@id": "relation/8835053"}, "geometry": {"type": "Polygon", "coordinates": [[[716.243092587788, 0, -3632.549711999825], [735.3260536288105, 0, -3631.5144359999867], [847.6293299176092, 0, -3612.745883999756], [978.9650029628714, 0, -3586.0513479998413], [1106.9027560777163, 0, -3546.5884079998127], [1181.8895902677928, 0, -3521.8197079998604], [1280.5000582636492, 0, -3487.855976000027], [1378.6251091265888, 0, -3444.1183479998754], [1401.1868929544726, 0, -3433.743324000047], [1643.6122994562415, 0, -3322.222947999942], [1782.876452340341, 0, -3257.234331999816], [942.4980408467534, 0, -1432.3655719997303], [932.7694724728706, 0, -1411.1479799997505], [68.30223575469729, 0, 473.0209440000318], [-0.5258685604202716, 0, 620.5199440001825], [-51.69692466353605, 0, 735.2240719999214], [-125.358974595147, 0, 899.0537160002883], [-181.50555631137783, 0, 1024.1439999999861], [-227.49882966242373, 0, 1122.7846520002581], [-718.2757768315176, 0, 2193.593996000202], [-857.3477854344366, 0, 2498.4994760000095], [-1211.8640982297122, 0, 3267.052756000259], [-1382.4781076194745, 0, 3638.282691999984], [-1577.464102228503, 0, 4065.373003999943], [-1675.8318616579008, 0, 4279.908908000031], [-1793.6365321209535, 0, 4534.642464000034], [-2217.0214006602873, 0, 5454.869244000177], [-2415.9109580467607, 0, 5891.232512000138], [-2621.4143238706615, 0, 5796.098440000108], [-2877.178588673459, 0, 5677.687356000158], [-3072.417404705283, 0, 5587.306648000309], [-3435.529645897875, 0, 5419.2023160002145], [-4229.955235467921, 0, 5051.412167999952], [-4934.983169711909, 0, 4725.233436000305], [-5467.718360314319, 0, 4479.672647999924], [-5490.0273227179705, 0, 4469.275360000231], [-7089.982418775688, 0, 3723.297776000012], [-7520.850801448446, 0, 3523.3447920002814], [-7725.039495870218, 0, 3426.796955999946], [-7870.6949743386795, 0, 3350.320116000033], [-8027.75775543284, 0, 3252.570024000281], [-8165.272384066453, 0, 3152.582400000088], [-8077.047820145184, 0, 2966.6334720002774], [-8012.345761460578, 0, 2842.9012920002356], [-7964.046756727459, 0, 2758.999408000165], [-7925.941511787747, 0, 2699.877356000177], [-7835.340426485735, 0, 2565.5475120000774], [-7684.021748132287, 0, 2387.7026800000554], [-7497.651907633968, 0, 2215.9247880001394], [-7149.901096129797, 0, 1900.7667359999568], [-6980.68266099717, 0, 1751.7760480001712], [-6948.786710216258, 0, 1722.6324720001119], [-6848.467169398137, 0, 1632.8528920001688], [-6676.0429586162745, 0, 1481.5356160000877], [-6554.496531086509, 0, 1371.584852000133], [-6389.272674444109, 0, 1226.1452719999243], [-6175.132928795388, 0, 1034.9086440000176], [-5953.853506149538, 0, 835.4899960002031], [-5561.7477041179145, 0, 484.4869039999537], [-5313.021987743847, 0, 245.98380400018328], [-5193.083504467228, 0, 91.26013600023896], [-5070.95053123471, 0, -99.52007999987089], [-4849.964381439877, 0, -465.49571199988964], [-4181.9495035865375, 0, -1548.416671999786], [-3749.1697909525606, 0, -2250.968323999936], [-3681.120376621377, 0, -2358.492312000006], [-3613.1822037163674, 0, -2384.095911999828], [-3532.5422824976413, 0, -2420.219251999983], [-3343.077907776978, 0, -2553.458159999989], [-3266.9685464659538, 0, -2608.617219999938], [-3020.963188608205, 0, -2786.161488000007], [-2795.5779460459553, 0, -2952.4290399999927], [-2579.172920443383, 0, -3111.1268319997116], [-2377.643907396316, 0, -3257.4569720000445], [-2098.215557360235, 0, -3461.539927999789], [-1877.8260661244924, 0, -3625.659003999979], [-1780.6920752414974, 0, -3695.7349439998375], [-1359.4511323735037, 0, -4003.223047999769], [-1257.7056787263625, 0, -4076.3046279999485], [-1063.9231140932889, 0, -4224.961355999786], [-941.7193508621007, 0, -4318.214119999978], [-823.833777544041, 0, -4418.168347999781], [-701.8727228793111, 0, -4527.751755999792], [-549.3202759794603, 0, -4663.91838], [-251.59776774406487, 0, -4932.388823999965], [-254.00462769525603, 0, -4841.340195999825], [-250.47524062383565, 0, -4653.209395999828], [-250.03027491842246, 0, -4540.609215999761], [-248.402104951884, 0, -4321.397872000007], [-243.68951361933836, 0, -4234.145255999933], [-209.62941145369305, 0, -3841.7422559999577], [-207.8697743468699, 0, -3802.13459999982], [-211.51040284446395, 0, -3741.4540679998113], [-219.7928326759335, 0, -3690.925919999798], [-79.82077980656982, 0, -3691.827612000053], [11.781478332441942, 0, -3686.8404759999094], [236.60040090604957, 0, -3671.2668079998384], [489.83645147442695, 0, -3653.1550439997686], [665.0922621987834, 0, -3637.1027000000363], [716.243092587788, 0, -3632.549711999825]]]}}, {"type": "Feature", "properties": {"admin_level": "9", "alt_name": "Ulaya;Supreme;Higher", "boundary": "administrative", "name": "\u0628\u0644\u062f\u064a\u0629 \u0627\u0644\u0639\u0644\u064a\u0627", "name:de": "Stadtbezirlk Al Olaya", "name:en": "Municipality of Olaya", "place": "municipality", "type": "boundary", "wikipedia": "ar:\u0628\u0644\u062f\u064a\u0629 \u0627\u0644\u0639\u0644\u064a\u0627", "id": "relation/8835054", "@id": "relation/8835054"}, "geometry": {"type": "MultiPolygon", "coordinates": [[[[6762.5989011435, 0, -2603.54102799994], [6303.5560990431495, 0, -2365.995279999888], [6115.881700000476, 0, -1424.773547999994], [6205.0872110446335, 0, -1369.6144880000454], [6287.051916521825, 0, -1310.659416000031], [6387.128748773487, 0, -1237.8672680000698], [6585.42164760087, 0, -1092.6614599998245], [6887.027492900318, 0, -872.6597439999309], [7171.58306140391, 0, -665.092471999808], [7482.786007936237, 0, -438.08872799995424], [7628.623517830261, 0, -338.0343119997714], [7727.486807249631, 0, -271.66532799972913], [7911.055386375905, 0, -145.68448399990686], [8042.138237998372, 0, -57.185083999895596], [8246.761785268502, 0, 82.87773999996702], [8375.235519800104, 0, 170.27507200015052], [8818.61350650468, 0, 475.9486600002334], [9001.302267077182, 0, 601.072339999926], [9158.638095308968, 0, 713.7281800002488], [9115.001117623835, 0, 794.9472520002114], [9018.757058151667, 0, 1002.358676000095], [8931.129152789488, 0, 1193.8290759999652], [8771.335900321954, 0, 1542.9508599999813], [8510.656787048374, 0, 2112.4862439999583], [8386.703499567418, 0, 2383.2721440000882], [8047.305907893387, 0, 3124.7412680002203], [7848.42646336325, 0, 3558.9004000001296], [7677.043876845891, 0, 3931.5886280002856], [7576.501853174705, 0, 4150.054128000023], [7319.574609824892, 0, 4708.301664000182], [7096.1917129359235, 0, 5188.602936000263], [6846.768209432928, 0, 5756.223616000012], [6726.576904732796, 0, 5998.211032000161], [6518.120584683173, 0, 6450.6600400002435], [6341.277055419781, 0, 6839.946080000179], [6012.9024778069315, 0, 7580.402191999942], [5941.2629992627135, 0, 7739.523000000254], [5759.797894379558, 0, 8131.614304000146], [5569.746973955423, 0, 8545.034520000132], [5174.941039121591, 0, 9410.480728000004], [4612.21111484315, 0, 9148.199675999995], [3745.7010810234733, 0, 8750.642560000299], [3359.4708488728475, 0, 8569.146431999923], [3126.238029326767, 0, 8461.19942800005], [1542.5444072246348, 0, 7728.980996000056], [-176.86375497678375, 0, 6932.38620799997], [-278.4777414836402, 0, 6882.993524000175], [-454.360549337535, 0, 6801.651999999967], [-1754.833500053033, 0, 6200.702112000286], [-1849.2774709908751, 0, 6155.261288000005], [-2108.6216871489337, 0, 6033.143248000239], [-2415.9109580467607, 0, 5891.232512000138], [-2217.0214006602873, 0, 5454.869244000177], [-1793.6365321209535, 0, 4534.642464000034], [-1675.8318616579008, 0, 4279.908908000031], [-1577.464102228503, 0, 4065.373003999943], [-1382.4781076194745, 0, 3638.282691999984], [-1211.8640982297122, 0, 3267.052756000259], [-857.3477854344366, 0, 2498.4994760000095], [-718.2757768315176, 0, 2193.593996000202], [-227.49882966242373, 0, 1122.7846520002581], [-181.50555631137783, 0, 1024.1439999999861], [-125.358974595147, 0, 899.0537160002883], [-51.69692466353605, 0, 735.2240719999214], [-0.5258685604202716, 0, 620.5199440001825], [68.30223575469729, 0, 473.0209440000318], [1208.0009868797708, 0, -2006.4205479999239], [1782.876452340341, 0, -3257.234331999816], [1802.3639276585548, 0, -3304.0666559997476], [1843.2805468273675, 0, -3388.135519999792], [1953.429784588489, 0, -3622.4529879996894], [2025.2512945575509, 0, -3789.087896000013], [2072.721045021458, 0, -3892.793607999757], [2131.1632452627064, 0, -4012.5850600000194], [2164.262626018137, 0, -4073.644079999705], [2197.523812485737, 0, -4124.1165679998585], [2225.6375547709963, 0, -4162.700079999893], [2258.2717441083396, 0, -4200.9273679997195], [2327.8481998369434, 0, -4270.558027999911], [2490.715760812712, 0, -4433.396923999773]]], [[[5957.251426080673, 0, -1472.6856759998886], [5910.873864166548, 0, -1484.0959759999512], [5679.511923153464, 0, -1530.6277359999297], [5500.1401796563705, 0, -1568.1537079998654], [3114.2138424278664, 0, -3802.4462959999028]]]]}}, {"type": "Feature", "properties": {"colour": "#00AEE6", "from": "SABB", "name": "Blue Line: SABB \u2192 Ad Dar Al Baida", "network": "Riyadh Metro", "network:wikidata": "Q3855748", "public_transport:version": "2", "ref": "1", "route": "subway", "to": "Ad Dar Al Baida", "type": "route", "wikidata": "Q106740369", "id": "relation/8857089", "@id": "relation/8857089"}, "geometry": {"type": "LineString", "coordinates": [[-5510.263149449671, 0, 13516.930812000252], [-5462.024821858885, 0, 13412.067372000029], [-5421.259895544467, 0, 13321.75345600017], [-5323.094393253306, 0, 13101.1951400001], [-5240.13862779617, 0, 12914.11074800007], [-5068.482994141904, 0, 12537.682168000103], [-4857.913086992826, 0, 12080.524323999965], [-4724.787438269574, 0, 11799.385664000267], [-4646.847649853056, 0, 11637.993928000311], [-4592.339350961138, 0, 11520.729440000312], [-4503.487789909613, 0, 11321.099284000004], [-4482.190113199298, 0, 11271.739996000204], [-4392.489072165168, 0, 11067.245155999995], [-3976.6787334720398, 0, 10157.749624000284], [-3800.3003956281727, 0, 9784.549324000076], [-3756.7746593699326, 0, 9691.218636000161], [-3713.6938888163872, 0, 9594.236652000289], [-3656.7686171162222, 0, 9462.589620000297], [-3525.3217026447865, 0, 9175.050060000149], [-3438.583728692716, 0, 8989.65773200012], [-3402.7538765639106, 0, 8917.533504000054], [-3355.3549160986736, 0, 8815.319479999946], [-3242.4448683930104, 0, 8559.417064000127], [-3102.594169806876, 0, 8257.016283999927], [-3048.429708050534, 0, 8133.785044000202], [-2973.230503864447, 0, 7962.830920000026], [-2947.149445822917, 0, 7905.211688000199], [-2935.175823208576, 0, 7875.266608000264], [-2924.061793434613, 0, 7842.249096000019], [-2917.9131764167096, 0, 7799.346368000132], [-2917.8828378462617, 0, 7769.690720000021], [-2920.016650659828, 0, 7743.107504000221], [-2921.6549334834217, 0, 7731.229660000232], [-2928.3698704899675, 0, 7703.27720800025], [-2932.880204684277, 0, 7688.304668000084], [-2949.040550070025, 0, 7646.68212000013], [-3040.6326953512626, 0, 7413.8006800000085], [-3044.2227595642976, 0, 7385.046724000152], [-3045.496979538204, 0, 7366.667792000124], [-3043.8991481421135, 0, 7338.8155280001265], [-3039.5910710867593, 0, 7316.6405840000325], [-3030.914239834435, 0, 7289.634352000035], [-3022.7936157136983, 0, 7269.81939200023], [-2944.894278725403, 0, 7101.18072400022], [-2906.7991466427466, 0, 7016.410544000285], [-2885.3902285062586, 0, 6969.1329400002915], [-2880.839442884446, 0, 6957.455472000271], [-2878.7561943554388, 0, 6949.763260000154], [-2876.1571901223483, 0, 6938.831636000149], [-2875.378500138414, 0, 6929.970564000216], [-2876.389785831751, 0, 6899.613600000214], [-2879.676464336713, 0, 6875.668668000001], [-2887.099301328523, 0, 6830.951424000266], [-2894.714282602232, 0, 6793.726016000283], [-2894.956991169409, 0, 6792.200932000258], [-2896.7773054178465, 0, 6780.779500000066], [-2897.626785400451, 0, 6762.222455999934], [-2895.321054019096, 0, 6745.59124800016], [-2891.164669817419, 0, 6730.73002800011], [-2884.4497328108732, 0, 6716.058052000293], [-2842.2386679547617, 0, 6620.100212000129], [-2816.956525611277, 0, 6565.1749240001445], [-2800.462455946289, 0, 6531.1889280000505], [-2793.201424665212, 0, 6519.633912000275], [-2785.6370076760622, 0, 6511.296044000128], [-2773.40045078187, 0, 6499.752160000086], [-2759.070532501615, 0, 6490.635051999929], [-2723.412598940598, 0, 6471.577068000271], [-2702.4284207961305, 0, 6458.296592000105], [-2686.1669468405457, 0, 6441.14218000015], [-2672.95955568052, 0, 6419.557232000227], [-2663.72651729661, 0, 6397.794172000201], [-2659.802728805054, 0, 6388.37650000009], [-2631.415939382169, 0, 6320.326584000179], [-2607.4282427267017, 0, 6261.928111999946], [-2597.6592229253156, 0, 6239.040720000227], [-2592.7342615967596, 0, 6229.968140000195], [-2583.8956246329844, 0, 6216.676532000294], [-2576.310981930442, 0, 6207.526028000143], [-2566.339704990101, 0, 6197.262324000033], [-2553.951455241513, 0, 6186.108060000194], [-2542.887989752109, 0, 6178.15981200025], [-2526.201775805941, 0, 6168.942516000108], [-2510.71899183429, 0, 6162.229919999971], [-2348.599782272008, 0, 6113.894776000274], [-2284.676413571335, 0, 6092.855296000002], [-2215.878647825947, 0, 6071.504120000044], [-2179.108300001756, 0, 6058.524208000227], [-2157.749946150546, 0, 6049.195591999971], [-2137.8781822685337, 0, 6038.330759999955], [-2117.9760798160733, 0, 6025.217264000159], [-2103.3023243995235, 0, 6014.563940000242], [-2087.53638043463, 0, 6001.439312000316], [-2074.966099261198, 0, 5989.3722240000925], [-2062.537398085107, 0, 5976.158540000311], [-2047.3579998222476, 0, 5956.644144000065], [-2037.7811243027604, 0, 5941.315380000088], [-2030.0346758887667, 0, 5926.220388000074], [-2020.8420889323597, 0, 5907.295988], [-1943.3371533649185, 0, 5734.182256000293], [-1910.3085626074399, 0, 5658.59597600011], [-1835.180148420023, 0, 5491.282016000155], [-1705.3310653446777, 0, 5205.679424000099], [-1673.657597416831, 0, 5139.878171999969], [-1381.082533362339, 0, 4493.687835999975], [-1336.9095742597308, 0, 4405.900883999984], [-1202.8939941263711, 0, 4103.054824000118], [-794.1424295753649, 0, 3222.279852000269], [-779.1551755944051, 0, 3189.9859200001747], [-757.7765960290836, 0, 3143.910571999993], [-498.7054270079314, 0, 2577.9485600002486], [-488.14760436555537, 0, 2547.81423600008], [-491.1511228758369, 0, 2479.430360000221], [-507.06875969512663, 0, 2389.6173840002834], [-519.2850908752076, 0, 2316.802972000062], [-507.6249668267135, 0, 2211.4385920003133], [-444.480288109975, 0, 2082.1292799999565], [-387.8482892608274, 0, 1966.1561040000204], [-346.769864381282, 0, 1911.0749680001916], [-280.0452343085641, 0, 1854.669124000306], [-195.3096060304938, 0, 1818.7461600001195], [-137.98993291019323, 0, 1780.1403840002206], [-127.11861170197015, 0, 1765.4238800002795], [-89.16505961665402, 0, 1693.5445560003072], [-20.34706815787342, 0, 1533.9673360001987], [13.97596828762276, 0, 1469.234756000296], [363.6886740382903, 0, 693.8241640001955], [405.87951318029087, 0, 600.181780000197], [450.0423594258435, 0, 506.37241600022463], [548.3292160002344, 0, 295.78837200004585], [677.7940105117812, 0, 7.436176000287986], [800.5640937316117, 0, -260.1771039999426], [918.510344191286, 0, -514.9663199998043], [1137.6862925947366, 0, -995.8575880000564], [1260.992357232043, 0, -1259.9531559999139], [1273.81545982827, 0, -1287.6273079998075], [1368.4616879050668, 0, -1492.600824000072], [1464.4933773819437, 0, -1707.838044000051], [1497.7747895629363, 0, -1778.4260559999611], [1554.811302689275, 0, -1897.5050599998074], [1567.2096652941998, 0, -1923.509411999962], [1577.858503649357, 0, -1944.393043999994], [1596.5167246990775, 0, -1986.4720039997455], [1598.1448946656158, 0, -1989.733679999895], [2073.954813567861, 0, -3020.0336759998418], [2302.2828974994964, 0, -3523.9347880000573], [2317.7151171858695, 0, -3559.0562479999735], [2340.4589324378785, 0, -3606.857055999754], [2404.0991411445893, 0, -3746.7083719999127], [2470.3282412273347, 0, -3892.5153080000646], [2485.6795580579824, 0, -3927.347335999762], [2511.3662146786583, 0, -3976.1611559999114], [2525.6253429609615, 0, -3999.9613720000148], [2556.0751551987423, 0, -4042.0180679999016], [2581.428087540897, 0, -4071.963147999836], [2603.0797142438437, 0, -4095.384875999867], [2649.9730318620527, 0, -4142.161539999939], [2682.1319169228163, 0, -4171.9841680000245], [2722.0372503975736, 0, -4200.270579999954], [2979.733070874983, 0, -4438.962923999959], [3026.9297742019835, 0, -4499.743643999951], [3060.565136375608, 0, -4551.295936000068], [3090.944158615437, 0, -4620.75961599989], [3158.2351086760787, 0, -4825.410303999942], [3229.2779286612067, 0, -5013.129219999871], [3349.459120504284, 0, -5376.221663999812], [3362.7373016629795, 0, -5416.352523999737], [3373.5883971570915, 0, -5442.946872000063], [3397.45473952933, 0, -5486.361672000001], [3426.7516860764335, 0, -5528.685535999846], [3461.469123942784, 0, -5562.337571999992], [3501.6171659839993, 0, -5600.331087999855], [3942.6691955923907, 0, -5916.735923999975], [3993.1121259961315, 0, -5976.9823080000515], [4001.2529758302608, 0, -5991.632020000003], [4013.18614701638, 0, -6028.534599999773], [4019.152732609439, 0, -6107.237839999996], [4038.8525779236634, 0, -6211.867507999859], [4097.689179585047, 0, -6454.478315999779], [4131.142510333828, 0, -6606.252004000053], [4198.291880397848, 0, -6784.13023200007], [4215.099448627246, 0, -6852.113355999992], [4248.967406510991, 0, -6981.623043999921], [4249.624742211697, 0, -6984.127743999925], [4269.577408948716, 0, -7074.5084519997745], [4289.166012836767, 0, -7158.944671999761], [4349.054351619709, 0, -7324.789207999946], [4372.495954000646, 0, -7389.699899999951], [4390.092325071033, 0, -7442.554635999865], [4426.03341862673, 0, -7567.221903999761], [4435.023748444182, 0, -7640.592915999763], [4427.196397174463, 0, -7731.597015999779], [4423.859154384942, 0, -7766.874323999934], [4423.3636243949695, 0, -7772.061836000046], [4406.44481473868, 0, -7928.677943999958], [4416.284624538736, 0, -8084.0695319997985], [4416.830718813986, 0, -8116.396859999888], [4483.990201734343, 0, -8512.629267999924], [4519.415539585958, 0, -8664.736915999749], [4583.4501497135225, 0, -8838.19573999993], [4632.3458130057315, 0, -8956.02795999984], [4663.200139521422, 0, -9003.12745199973], [4725.505451112612, 0, -9040.464179999826], [4881.374915087873, 0, -9053.93389999983], [4966.353251932402, 0, -9091.103647999953], [5087.02997376545, 0, -9176.998159999977], [5101.976776318907, 0, -9191.113536000012], [5124.144158725218, 0, -9222.438983999862], [5153.815280979783, 0, -9271.052428000043], [5184.032497508161, 0, -9327.269027999693], [5251.161641858789, 0, -9465.996011999765], [5264.015083026182, 0, -9494.449404000065], [5273.551507118166, 0, -9519.151312000027], [5284.301474042441, 0, -9549.79770799985], [5302.949582234387, 0, -9601.338867999839], [5355.526325451694, 0, -9720.239759999977], [5396.513734619177, 0, -9812.657623999903], [5411.389747173963, 0, -9847.077767999928], [5420.339625563193, 0, -9872.124767999969], [5446.076846469147, 0, -9958.720595999881], [5478.893067230615, 0, -10037.546287999954], [5498.663702543509, 0, -10080.627127999946], [5523.349186327186, 0, -10147.875539999983], [5536.111611782517, 0, -10182.71869999981], [5553.323694289824, 0, -10246.482795999864], [5556.91375850214, 0, -10266.910015999703], [5609.257906010044, 0, -10577.50394799994], [5631.243256991512, 0, -10706.624016000063], [5641.113405362735, 0, -10739.474547999938], [5656.434383622934, 0, -10775.531095999708], [5682.555893091967, 0, -10823.554543999717], [5709.698801111394, 0, -10870.832147999712], [5712.105661062585, 0, -10874.861931999742], [5749.6648117277655, 0, -10935.308691999786], [5897.181055872887, 0, -11188.439240000038], [5918.974262573173, 0, -11225.97634399971], [5951.021906207763, 0, -11283.473123999687], [5959.73918888759, 0, -11296.72020399986], [5966.888978742493, 0, -11305.99315999986], [5975.768067133054, 0, -11316.312523999828], [5985.284265511645, 0, -11324.7283159997], [5995.70050815668, 0, -11331.730344000056], [6006.319007940671, 0, -11337.40766399996], [6020.062380518891, 0, -11342.639703999801], [6033.320335963475, 0, -11345.411571999763], [6045.071475724751, 0, -11346.502507999856], [6057.318145475999, 0, -11346.446847999998], [6069.686169510475, 0, -11344.454220000045], [6082.569949248316, 0, -11341.170280000031], [6096.687497533279, 0, -11336.016163999913], [6136.582718150981, 0, -11321.733807999904], [6149.405820747208, 0, -11318.349679999907], [6168.529233215734, 0, -11316.3013919997], [6187.349259976188, 0, -11317.247612000077], [6204.682696766724, 0, -11319.974951999915], [6220.266609307492, 0, -11326.030759999892], [6233.908853315876, 0, -11333.533727999775], [6245.477961652307, 0, -11342.840079999769], [6255.59081858927, 0, -11353.849627999894], [6262.03270845891, 0, -11362.053912000063], [6269.40498116616, 0, -11373.998548000041], [6513.195623354617, 0, -11905.662868000005], [6538.467652841046, 0, -11961.089095999912], [6564.882435161097, 0, -12017.79550399975], [6607.771061432743, 0, -12113.564100000076], [6790.207000582452, 0, -12503.161835999697], [6796.932050446053, 0, -12514.861567999978], [6802.686266043102, 0, -12524.13452399998], [6807.924725936786, 0, -12530.323915999936], [6824.125522750038, 0, -12544.806647999912], [6833.2978839923335, 0, -12549.849443999916], [6844.8366537575985, 0, -12556.09449599973], [6858.489010623038, 0, -12560.569559999823], [6871.93911035024, 0, -12563.152183999946], [6884.34758581222, 0, -12563.4527479999], [6898.566262666302, 0, -12562.417472000061], [6912.269183816299, 0, -12559.345039999751], [6925.375446407207, 0, -12554.112999999908], [6937.996291864479, 0, -12547.578515999876], [7215.462747654782, 0, -12378.104947999995], [7503.234204663948, 0, -12202.787079999842], [7561.342680625956, 0, -12167.665619999925], [7817.531685419338, 0, -12009.446503999869], [7997.682118901802, 0, -11898.783291999893], [8135.034941824682, 0, -11814.057639999688], [8177.033636685503, 0, -11788.131212000048], [8191.495022106042, 0, -11780.093907999855], [8202.47758473972, 0, -11775.440732000054], [8212.327507396833, 0, -11772.423959999998], [8221.661674349862, 0, -11770.375671999791], [8234.848839795775, 0, -11769.162283999849], [8248.91582379618, 0, -11769.640959999906], [8260.36357784938, 0, -11771.333023999905], [8272.104604753602, 0, -11774.305267999836], [8279.537554602466, 0, -11777.945432000059], [8291.31903293419, 0, -11784.268407999993], [8300.026202756962, 0, -11790.224027999984], [8307.459152606545, 0, -11796.213043999971], [8312.707725356568, 0, -11801.678855999777], [8319.109163797984, 0, -11808.93691999996], [8325.591505095128, 0, -11818.287799999685], [8466.150103667245, 0, -12122.714603999832], [8586.968405497633, 0, -12385.35188000005], [8623.890446175503, 0, -12466.147935999814], [8810.674913808787, 0, -12878.521743999832], [8896.4016020668, 0, -13061.164467999764], [8970.093990568861, 0, -13221.420739999898], [9040.853650559307, 0, -13370.578408000054], [9075.823909849172, 0, -13445.196203999993], [9101.662259323526, 0, -13501.423935999774], [9139.7573914069, 0, -13587.964103999828], [9204.601030088847, 0, -13730.743135999794], [9232.016985245898, 0, -13789.386511999724], [9248.035750635025, 0, -13821.424407999992], [9256.783371886018, 0, -13834.960919999985], [9266.461375974624, 0, -13845.73669599975], [9279.304704284961, 0, -13857.380767999777], [9293.725638277998, 0, -13867.855979999986], [9317.278482085107, 0, -13882.895311999744], [9323.305744819781, 0, -13887.147736000003], [9329.3228946974, 0, -13892.001287999772], [9339.617783059206, 0, -13902.676875999949], [9347.161974334964, 0, -13910.992479999835], [9355.697225589947, 0, -13921.066939999711], [9367.72141248813, 0, -13939.468136], [9379.755712244085, 0, -13960.886103999948], [9707.038101307155, 0, -14616.917127999854], [9825.81360603604, 0, -14851.835724000051], [9948.937639248503, 0, -15099.57838399983], [10070.78745248634, 0, -15344.19295199983], [10140.677406780791, 0, -15482.396731999721], [10184.668334457836, 0, -15570.050099999731], [10246.508454629502, 0, -15694.33887999995], [10321.333483109564, 0, -15843.64126399982], [10444.93282059717, 0, -16090.326383999893], [10488.9540868461, 0, -16180.350867999929], [10564.173516745579, 0, -16330.755320000022], [10637.683873823513, 0, -16473.400768000007]]}}, {"type": "Feature", "properties": {"admin_level": "10", "boundary": "administrative", "name": "\u0627\u0644\u0648\u0631\u0648\u062f", "name:ar": "\u0627\u0644\u0648\u0631\u0648\u062f", "name:en": "Al Wuroud District", "place": "neighbourhood", "type": "boundary", "id": "relation/13254402", "@id": "relation/13254402"}, "geometry": {"type": "Polygon", "coordinates": [[[-639.3044770082706, 0, 2229.91771199993], [-718.2757768315176, 0, 2193.593996000202], [-557.2184172478499, 0, 1843.2810880001082], [-227.49882966242373, 0, 1122.7846520002581], [-181.50555631137783, 0, 1024.1439999999861], [-125.358974595147, 0, 899.0537160002883], [-51.69692466353605, 0, 735.2240719999214], [-0.5258685604202716, 0, 620.5199440001825], [68.30223575469729, 0, 473.0209440000318], [83.95693829413612, 0, 441.5285160002077], [2174.8710129457904, 0, 1460.1955720002588], [2208.526600833526, 0, 1476.593008000069], [2203.298253796897, 0, 1487.301992000241], [2203.2881409398415, 0, 1487.3242560001058], [2075.8459178149687, 0, 1748.492108000157], [1962.5920329737291, 0, 1990.5908440000248], [1901.105862794696, 0, 2130.865175999986], [1717.4968322401996, 0, 2540.2333440000784], [1416.99328834687, 0, 3186.1231160001194], [1294.799637973456, 0, 3130.708019999947], [1191.7799643524083, 0, 3078.9887480002517], [948.4848521539241, 0, 2966.3663039999237], [786.3959811620897, 0, 2891.614924000005], [199.27384595027183, 0, 2620.6175160001717], [-424.82089422397314, 0, 2330.0389200001027], [-469.4388190312759, 0, 2309.3334000001746], [-508.91941251473094, 0, 2290.9544680001463], [-599.3688049623469, 0, 2248.6194720001713], [-639.3044770082706, 0, 2229.91771199993]]]}}, {"type": "Feature", "properties": {"admin_level": "10", "boundary": "administrative", "name": "\u0627\u0644\u0631\u062d\u0645\u0627\u0646\u064a\u0629", "name:ar": "\u0627\u0644\u0631\u062d\u0645\u0627\u0646\u064a\u0629", "name:en": "Ar Rahmaniyah District", "place": "neighbourhood", "type": "boundary", "id": "relation/13254403", "@id": "relation/13254403"}, "geometry": {"type": "Polygon", "coordinates": [[[-2457.4849129162785, 0, 1385.7781520002877], [-2317.785907183821, 0, 1074.8391279999732], [-2136.927573716093, 0, 687.0781720000633], [-2029.0840673363257, 0, 446.0815040000234], [-1986.751648196985, 0, 316.05974400004175], [-1885.3904831136424, 0, -27.006231999997965], [-1861.4331250293415, 0, -100.61101599996405], [-1820.8300044256573, 0, -196.59111999999269], [-1723.0285649849015, 0, -407.53138799998396], [-1647.8293607988148, 0, -376.7291439999201], [-1484.0111912706054, 0, -295.26516799986393], [-769.2344629393416, 0, 33.64090400001572], [-577.4946954070532, 0, 122.975204000292], [-337.00084457989567, 0, 238.43630800017635], [-65.96616580217625, 0, 362.81414400024914], [83.95693829413612, 0, 441.5285160002077], [68.30223575469729, 0, 473.0209440000318], [-0.5258685604202716, 0, 620.5199440001825], [-51.69692466353605, 0, 735.2240719999214], [-125.358974595147, 0, 899.0537160002883], [-181.50555631137783, 0, 1024.1439999999861], [-227.49882966242373, 0, 1122.7846520002581], [-557.2184172478499, 0, 1843.2810880001082], [-718.2757768315176, 0, 2193.593996000202], [-722.5535153164242, 0, 2191.6124999999843], [-1340.7625727533352, 0, 1905.3976480002877], [-1691.7798370483572, 0, 1737.0261480002353], [-1808.1181432556039, 0, 1684.5721640002594], [-1866.2569577880608, 0, 1660.8276080000153], [-1956.9288330887425, 0, 1623.0344680001213], [-2457.4849129162785, 0, 1385.7781520002877]]]}}, {"type": "Feature", "properties": {"admin_level": "10", "alt_name": "Ulaya;Al Alia", "boundary": "administrative", "name": "\u0627\u0644\u0639\u0644\u064a\u0627", "name:ar": "\u0627\u0644\u0639\u0644\u064a\u0627", "name:en": "Al Olaya District", "place": "neighbourhood", "type": "boundary", "id": "relation/13254417", "@id": "relation/13254417"}, "geometry": {"type": "Polygon", "coordinates": [[[3239.2694313149404, 0, -3587.1088879999397], [3203.0755163364474, 0, -3500.3794760000474], [3167.124309924413, 0, -3410.8447999998025], [3113.1823310204186, 0, -3261.3643039998296], [2886.067789921793, 0, -2745.474027999906], [2842.2386679547617, 0, -2644.4622600000043], [2811.2731000128974, 0, -2534.0773479997224], [2828.6166496604897, 0, -2446.5241679996952], [3257.5130252304143, 0, -1245.9602319997277], [2529.0738271766563, 0, -1644.4301719998095], [2101.825847287381, 0, -693.7685039999405], [2034.9495243609858, 0, -236.55499999994305], [1953.7432831536173, 0, -53.42246799982448], [1928.9971222283268, 0, -65.03314399985555], [1701.7207754182502, 0, -167.29169599969396], [1638.1210181390431, 0, -196.02338799968592], [1552.7381670173233, 0, -17.777803999726416], [1217.9318123926084, 0, 681.144815999936], [1209.4572382792396, 0, 698.8335640002036], [1099.823756221483, 0, 926.9950360001401], [1093.1088192149373, 0, 941.7115400000813], [198.39402739721956, 0, 499.3481240000041], [83.95693829413612, 0, 441.5285160002077], [-65.96616580217625, 0, 362.81414400024914], [-337.00084457989567, 0, 238.43630800017635], [-769.2344629393416, 0, 33.64090400001572], [-729.5010480323728, 0, -54.44661199992808], [-621.0507702357413, 0, -294.9979999999057], [-601.401489206795, 0, -337.46657999986013], [-451.5390622520972, 0, -661.218536000018], [-328.6880761772595, 0, -928.7316279998687], [-264.835497475257, 0, -1068.1376639999658], [-257.34187048477713, 0, -1085.3588679999111], [-80.40732550860469, 0, -1464.8487480000588], [25.54507662405435, 0, -1699.6560239997477], [86.07052539430985, 0, -1840.108467999813], [277.4462300761922, 0, -2248.296643999958], [375.35891094384, 0, -2464.6693279997594], [437.512529680634, 0, -2602.895371999909], [564.7423828094963, 0, -2882.6981919998166], [616.3786303314178, 0, -2997.1796799997223], [693.0745373444769, 0, -3162.367427999745], [709.5382684382979, 0, -3206.5392039998287], [718.7510811080974, 0, -3241.4268919997817], [728.3684080558065, 0, -3291.253723999904], [731.8168922715013, 0, -3334.991352000056], [732.1910679782443, 0, -3381.6121679998887], [729.2583394659143, 0, -3422.733775999922], [717.0015568583298, 0, -3565.969219999684], [715.0801140400553, 0, -3596.1592039997117], [716.243092587788, 0, -3632.549711999825], [735.3260536288105, 0, -3631.5144359999867], [847.6293299176092, 0, -3612.745883999756], [978.9650029628714, 0, -3586.0513479998413], [1106.9027560777163, 0, -3546.5884079998127], [1181.8895902677928, 0, -3521.8197079998604], [1280.5000582636492, 0, -3487.855976000027], [1378.6251091265888, 0, -3444.1183479998754], [1401.1868929544726, 0, -3433.743324000047], [1643.6122994562415, 0, -3322.222947999942], [1782.876452340341, 0, -3257.234331999816], [1802.3639276585548, 0, -3304.0666559997476], [1843.2805468273675, 0, -3388.135519999792], [1953.429784588489, 0, -3622.4529879996894], [2025.2512945575509, 0, -3789.087896000013], [2070.961407914635, 0, -3888.986463999957], [2072.721045021458, 0, -3892.793607999757], [2131.1632452627064, 0, -4012.5850600000194], [2164.262626018137, 0, -4073.644079999705], [2197.523812485737, 0, -4124.1165679998585], [2225.6375547709963, 0, -4162.700079999893], [2258.2717441083396, 0, -4200.9273679997195], [2327.8481998369434, 0, -4270.558027999911], [2490.715760812712, 0, -4433.396923999773], [2652.5922618092545, 0, -4313.06000399986], [2720.085469008851, 0, -4248.794967999885], [2726.6386003039456, 0, -4242.505387999945], [2727.5588702859386, 0, -4241.62595999995], [2737.429018656443, 0, -4232.152627999981], [2750.211669825166, 0, -4219.76271199994], [2902.491069588111, 0, -4073.0095559998044], [3011.204281664593, 0, -3955.8452559997904], [3138.0397333726014, 0, -3798.371983999749], [3195.5110993472977, 0, -3716.4515959998957]]]}}, {"type": "Feature", "properties": {"colour": "#00AEE6", "from": "Ad Dar Al Baida", "name": "Blue Line: Ad Dar Al Baida \u2192 SABB", "network": "Riyadh Metro", "network:wikidata": "Q3855748", "public_transport:version": "2", "ref": "1", "route": "subway", "to": "SABB", "type": "route", "wikidata": "Q106740369", "id": "relation/17168709", "@id": "relation/17168709"}, "geometry": {"type": "MultiLineString", "coordinates": [[[-2956.4937256330013, 0, 6534.049852000263], [-2968.770733954697, 0, 6528.806680000291], [-3006.309658906485, 0, 6505.663251999953]], [[-2913.908485069428, 0, 6546.10580799996], [-2951.123798599032, 0, 6536.087007999944]], [[-2851.947010614533, 0, 6585.034412000073], [-2875.095340144452, 0, 6560.855708000292], [-2879.2112729179075, 0, 6559.0523240001785], [-2908.4374294663407, 0, 6547.385988000287]], [[10637.683873823513, 0, -16473.400768000007], [10564.173516745579, 0, -16330.755320000022], [10488.9540868461, 0, -16180.350867999929], [10444.93282059717, 0, -16090.326383999893], [10321.333483109564, 0, -15843.64126399982], [10246.508454629502, 0, -15694.33887999995], [10184.668334457836, 0, -15570.050099999731], [10140.677406780791, 0, -15482.396731999721], [10070.78745248634, 0, -15344.19295199983], [9948.937639248503, 0, -15099.57838399983], [9825.81360603604, 0, -14851.835724000051], [9707.038101307155, 0, -14616.917127999854], [9379.755712244085, 0, -13960.886103999948], [9367.72141248813, 0, -13939.468136], [9355.697225589947, 0, -13921.066939999711], [9347.161974334964, 0, -13910.992479999835], [9339.617783059206, 0, -13902.676875999949], [9329.3228946974, 0, -13892.001287999772], [9323.305744819781, 0, -13887.147736000003], [9317.278482085107, 0, -13882.895311999744], [9293.725638277998, 0, -13867.855979999986], [9279.304704284961, 0, -13857.380767999777], [9266.461375974624, 0, -13845.73669599975], [9256.783371886018, 0, -13834.960919999985], [9248.035750635025, 0, -13821.424407999992], [9232.016985245898, 0, -13789.386511999724], [9204.601030088847, 0, -13730.743135999794], [9139.7573914069, 0, -13587.964103999828], [9101.662259323526, 0, -13501.423935999774], [9075.823909849172, 0, -13445.196203999993], [9040.853650559307, 0, -13370.578408000054], [8970.093990568861, 0, -13221.420739999898], [8896.4016020668, 0, -13061.164467999764], [8810.674913808787, 0, -12878.521743999832], [8623.890446175503, 0, -12466.147935999814], [8586.968405497633, 0, -12385.35188000005], [8466.150103667245, 0, -12122.714603999832], [8325.591505095128, 0, -11818.287799999685], [8319.109163797984, 0, -11808.93691999996], [8312.707725356568, 0, -11801.678855999777], [8307.459152606545, 0, -11796.213043999971], [8300.026202756962, 0, -11790.224027999984], [8291.31903293419, 0, -11784.268407999993], [8279.537554602466, 0, -11777.945432000059], [8272.104604753602, 0, -11774.305267999836], [8260.36357784938, 0, -11771.333023999905], [8248.91582379618, 0, -11769.640959999906], [8234.848839795775, 0, -11769.162283999849], [8221.661674349862, 0, -11770.375671999791], [8212.327507396833, 0, -11772.423959999998], [8202.47758473972, 0, -11775.440732000054], [8191.495022106042, 0, -11780.093907999855], [8177.033636685503, 0, -11788.131212000048], [8135.034941824682, 0, -11814.057639999688], [7997.682118901802, 0, -11898.783291999893], [7817.531685419338, 0, -12009.446503999869], [7561.342680625956, 0, -12167.665619999925], [7503.234204663948, 0, -12202.787079999842], [7215.462747654782, 0, -12378.104947999995], [6937.996291864479, 0, -12547.578515999876], [6925.375446407207, 0, -12554.112999999908], [6912.269183816299, 0, -12559.345039999751], [6898.566262666302, 0, -12562.417472000061], [6884.34758581222, 0, -12563.4527479999], [6871.93911035024, 0, -12563.152183999946], [6858.489010623038, 0, -12560.569559999823], [6844.8366537575985, 0, -12556.09449599973], [6833.2978839923335, 0, -12549.849443999916], [6824.125522750038, 0, -12544.806647999912], [6807.924725936786, 0, -12530.323915999936], [6802.686266043102, 0, -12524.13452399998], [6796.932050446053, 0, -12514.861567999978], [6790.207000582452, 0, -12503.161835999697], [6607.771061432743, 0, -12113.564100000076], [6564.882435161097, 0, -12017.79550399975], [6538.467652841046, 0, -11961.089095999912], [6513.195623354617, 0, -11905.662868000005], [6269.40498116616, 0, -11373.998548000041], [6262.03270845891, 0, -11362.053912000063], [6255.59081858927, 0, -11353.849627999894], [6245.477961652307, 0, -11342.840079999769], [6233.908853315876, 0, -11333.533727999775], [6220.266609307492, 0, -11326.030759999892], [6204.682696766724, 0, -11319.974951999915], [6187.349259976188, 0, -11317.247612000077], [6168.529233215734, 0, -11316.3013919997], [6149.405820747208, 0, -11318.349679999907], [6136.582718150981, 0, -11321.733807999904], [6096.687497533279, 0, -11336.016163999913], [6082.569949248316, 0, -11341.170280000031], [6069.686169510475, 0, -11344.454220000045], [6057.318145475999, 0, -11346.446847999998], [6045.071475724751, 0, -11346.502507999856], [6033.320335963475, 0, -11345.411571999763], [6020.062380518891, 0, -11342.639703999801], [6006.319007940671, 0, -11337.40766399996], [5995.70050815668, 0, -11331.730344000056], [5985.284265511645, 0, -11324.7283159997], [5975.768067133054, 0, -11316.312523999828], [5966.888978742493, 0, -11305.99315999986], [5959.73918888759, 0, -11296.72020399986], [5951.021906207763, 0, -11283.473123999687], [5918.974262573173, 0, -11225.97634399971], [5897.181055872887, 0, -11188.439240000038], [5749.6648117277655, 0, -10935.308691999786], [5712.105661062585, 0, -10874.861931999742], [5709.698801111394, 0, -10870.832147999712], [5682.555893091967, 0, -10823.554543999717], [5656.434383622934, 0, -10775.531095999708], [5641.113405362735, 0, -10739.474547999938], [5631.243256991512, 0, -10706.624016000063], [5609.257906010044, 0, -10577.50394799994], [5556.91375850214, 0, -10266.910015999703], [5553.323694289824, 0, -10246.482795999864], [5536.111611782517, 0, -10182.71869999981], [5523.349186327186, 0, -10147.875539999983], [5498.663702543509, 0, -10080.627127999946], [5478.893067230615, 0, -10037.546287999954], [5446.076846469147, 0, -9958.720595999881], [5420.339625563193, 0, -9872.124767999969], [5411.389747173963, 0, -9847.077767999928], [5396.513734619177, 0, -9812.657623999903], [5355.526325451694, 0, -9720.239759999977], [5302.949582234387, 0, -9601.338867999839], [5284.301474042441, 0, -9549.79770799985], [5273.551507118166, 0, -9519.151312000027], [5264.015083026182, 0, -9494.449404000065], [5251.161641858789, 0, -9465.996011999765], [5184.032497508161, 0, -9327.269027999693], [5153.815280979783, 0, -9271.052428000043], [5124.144158725218, 0, -9222.438983999862], [5101.976776318907, 0, -9191.113536000012], [5087.02997376545, 0, -9176.998159999977], [4966.353251932402, 0, -9091.103647999953], [4881.374915087873, 0, -9053.93389999983], [4725.505451112612, 0, -9040.464179999826], [4663.200139521422, 0, -9003.12745199973], [4632.3458130057315, 0, -8956.02795999984], [4583.4501497135225, 0, -8838.19573999993], [4519.415539585958, 0, -8664.736915999749], [4483.990201734343, 0, -8512.629267999924], [4416.830718813986, 0, -8116.396859999888], [4416.284624538736, 0, -8084.0695319997985], [4406.44481473868, 0, -7928.677943999958], [4423.3636243949695, 0, -7772.061836000046], [4423.859154384942, 0, -7766.874323999934], [4427.196397174463, 0, -7731.597015999779], [4435.023748444182, 0, -7640.592915999763], [4426.03341862673, 0, -7567.221903999761], [4390.092325071033, 0, -7442.554635999865], [4372.495954000646, 0, -7389.699899999951], [4349.054351619709, 0, -7324.789207999946], [4289.166012836767, 0, -7158.944671999761], [4269.577408948716, 0, -7074.5084519997745], [4249.624742211697, 0, -6984.127743999925], [4248.967406510991, 0, -6981.623043999921], [4215.099448627246, 0, -6852.113355999992], [4198.291880397848, 0, -6784.13023200007], [4131.142510333828, 0, -6606.252004000053], [4097.689179585047, 0, -6454.478315999779], [4038.8525779236634, 0, -6211.867507999859], [4019.152732609439, 0, -6107.237839999996], [4013.18614701638, 0, -6028.534599999773], [4001.2529758302608, 0, -5991.632020000003], [3993.1121259961315, 0, -5976.9823080000515], [3942.6691955923907, 0, -5916.735923999975], [3501.6171659839993, 0, -5600.331087999855], [3461.469123942784, 0, -5562.337571999992], [3426.7516860764335, 0, -5528.685535999846], [3397.45473952933, 0, -5486.361672000001], [3373.5883971570915, 0, -5442.946872000063], [3362.7373016629795, 0, -5416.352523999737], [3349.459120504284, 0, -5376.221663999812], [3229.2779286612067, 0, -5013.129219999871], [3158.2351086760787, 0, -4825.410303999942], [3090.944158615437, 0, -4620.75961599989], [3060.565136375608, 0, -4551.295936000068], [3026.9297742019835, 0, -4499.743643999951], [2979.733070874983, 0, -4438.962923999959], [2722.0372503975736, 0, -4200.270579999954], [2682.1319169228163, 0, -4171.9841680000245], [2649.9730318620527, 0, -4142.161539999939], [2603.0797142438437, 0, -4095.384875999867], [2581.428087540897, 0, -4071.963147999836], [2556.0751551987423, 0, -4042.0180679999016], [2525.6253429609615, 0, -3999.9613720000148], [2511.3662146786583, 0, -3976.1611559999114], [2485.6795580579824, 0, -3927.347335999762], [2470.3282412273347, 0, -3892.5153080000646], [2404.0991411445893, 0, -3746.7083719999127], [2340.4589324378785, 0, -3606.857055999754], [2317.7151171858695, 0, -3559.0562479999735], [2302.2828974994964, 0, -3523.9347880000573], [2073.954813567861, 0, -3020.0336759998418], [1598.1448946656158, 0, -1989.733679999895], [1596.5167246990775, 0, -1986.4720039997455], [1577.858503649357, 0, -1944.393043999994], [1567.2096652941998, 0, -1923.509411999962], [1554.811302689275, 0, -1897.5050599998074], [1497.7747895629363, 0, -1778.4260559999611], [1464.4933773819437, 0, -1707.838044000051], [1368.4616879050668, 0, -1492.600824000072], [1273.81545982827, 0, -1287.6273079998075], [1260.992357232043, 0, -1259.9531559999139], [1137.6862925947366, 0, -995.8575880000564], [918.510344191286, 0, -514.9663199998043], [800.5640937316117, 0, -260.1771039999426], [677.7940105117812, 0, 7.436176000287986], [548.3292160002344, 0, 295.78837200004585], [450.0423594258435, 0, 506.37241600022463], [405.87951318029087, 0, 600.181780000197], [363.6886740382903, 0, 693.8241640001955], [13.97596828762276, 0, 1469.234756000296], [-20.34706815787342, 0, 1533.9673360001987], [-89.16505961665402, 0, 1693.5445560003072], [-127.11861170197015, 0, 1765.4238800002795], [-137.98993291019323, 0, 1780.1403840002206], [-195.3096060304938, 0, 1818.7461600001195], [-280.0452343085641, 0, 1854.669124000306], [-346.769864381282, 0, 1911.0749680001916], [-387.8482892608274, 0, 1966.1561040000204], [-444.480288109975, 0, 2082.1292799999565], [-507.6249668267135, 0, 2211.4385920003133], [-519.2850908752076, 0, 2316.802972000062], [-507.06875969512663, 0, 2389.6173840002834], [-491.1511228758369, 0, 2479.430360000221], [-488.14760436555537, 0, 2547.81423600008], [-498.7054270079314, 0, 2577.9485600002486], [-757.7765960290836, 0, 3143.910571999993], [-779.1551755944051, 0, 3189.9859200001747], [-794.1424295753649, 0, 3222.279852000269], [-1202.8939941263711, 0, 4103.054824000118], [-1336.9095742597308, 0, 4405.900883999984], [-1381.082533362339, 0, 4493.687835999975], [-1673.657597416831, 0, 5139.878171999969], [-1705.3310653446777, 0, 5205.679424000099], [-1835.180148420023, 0, 5491.282016000155], [-1910.3085626074399, 0, 5658.59597600011], [-1943.3371533649185, 0, 5734.182256000293], [-2020.8420889323597, 0, 5907.295988], [-2030.0346758887667, 0, 5926.220388000074], [-2037.7811243027604, 0, 5941.315380000088], [-2047.3579998222476, 0, 5956.644144000065], [-2062.537398085107, 0, 5976.158540000311], [-2074.966099261198, 0, 5989.3722240000925], [-2087.53638043463, 0, 6001.439312000316], [-2103.3023243995235, 0, 6014.563940000242], [-2117.9760798160733, 0, 6025.217264000159], [-2137.8781822685337, 0, 6038.330759999955], [-2157.749946150546, 0, 6049.195591999971], [-2179.108300001756, 0, 6058.524208000227], [-2215.878647825947, 0, 6071.504120000044], [-2284.676413571335, 0, 6092.855296000002], [-2348.599782272008, 0, 6113.894776000274], [-2510.71899183429, 0, 6162.229919999971], [-2526.201775805941, 0, 6168.942516000108], [-2542.887989752109, 0, 6178.15981200025], [-2553.951455241513, 0, 6186.108060000194], [-2566.339704990101, 0, 6197.262324000033], [-2576.310981930442, 0, 6207.526028000143], [-2583.8956246329844, 0, 6216.676532000294], [-2592.7342615967596, 0, 6229.968140000195], [-2597.6592229253156, 0, 6239.040720000227], [-2607.4282427267017, 0, 6261.928111999946], [-2631.415939382169, 0, 6320.326584000179], [-2659.802728805054, 0, 6388.37650000009], [-2663.72651729661, 0, 6397.794172000201], [-2672.95955568052, 0, 6419.557232000227], [-2686.1669468405457, 0, 6441.14218000015], [-2702.4284207961305, 0, 6458.296592000105], [-2723.412598940598, 0, 6471.577068000271], [-2759.070532501615, 0, 6490.635051999929], [-2773.40045078187, 0, 6499.752160000086], [-2785.6370076760622, 0, 6511.296044000128], [-2793.201424665212, 0, 6519.633912000275], [-2800.462455946289, 0, 6531.1889280000505], [-2816.956525611277, 0, 6565.1749240001445], [-2842.2386679547617, 0, 6620.100212000129], [-2884.4497328108732, 0, 6716.058052000293], [-2891.164669817419, 0, 6730.73002800011], [-2895.321054019096, 0, 6745.59124800016], [-2897.626785400451, 0, 6762.222455999934], [-2896.7773054178465, 0, 6780.779500000066], [-2894.956991169409, 0, 6792.200932000258], [-2894.714282602232, 0, 6793.726016000283], [-2887.099301328523, 0, 6830.951424000266], [-2879.676464336713, 0, 6875.668668000001], [-2876.389785831751, 0, 6899.613600000214], [-2875.378500138414, 0, 6929.970564000216], [-2876.1571901223483, 0, 6938.831636000149], [-2878.7561943554388, 0, 6949.763260000154], [-2880.839442884446, 0, 6957.455472000271], [-2885.3902285062586, 0, 6969.1329400002915], [-2906.7991466427466, 0, 7016.410544000285], [-2944.894278725403, 0, 7101.18072400022], [-3022.7936157136983, 0, 7269.81939200023], [-3030.914239834435, 0, 7289.634352000035], [-3039.5910710867593, 0, 7316.6405840000325], [-3043.8991481421135, 0, 7338.8155280001265], [-3045.496979538204, 0, 7366.667792000124], [-3044.2227595642976, 0, 7385.046724000152], [-3040.6326953512626, 0, 7413.8006800000085], [-2949.040550070025, 0, 7646.68212000013], [-2932.880204684277, 0, 7688.304668000084], [-2928.3698704899675, 0, 7703.27720800025], [-2921.6549334834217, 0, 7731.229660000232], [-2920.016650659828, 0, 7743.107504000221], [-2917.8828378462617, 0, 7769.690720000021], [-2917.9131764167096, 0, 7799.346368000132], [-2924.061793434613, 0, 7842.249096000019], [-2935.175823208576, 0, 7875.266608000264], [-2947.149445822917, 0, 7905.211688000199], [-2973.230503864447, 0, 7962.830920000026], [-3048.429708050534, 0, 8133.785044000202], [-3102.594169806876, 0, 8257.016283999927], [-3242.4448683930104, 0, 8559.417064000127], [-3355.3549160986736, 0, 8815.319479999946], [-3402.7538765639106, 0, 8917.533504000054], [-3438.583728692716, 0, 8989.65773200012], [-3525.3217026447865, 0, 9175.050060000149], [-3656.7686171162222, 0, 9462.589620000297], [-3713.6938888163872, 0, 9594.236652000289], [-3756.7746593699326, 0, 9691.218636000161], [-3800.3003956281727, 0, 9784.549324000076], [-3976.6787334720398, 0, 10157.749624000284], [-4392.489072165168, 0, 11067.245155999995], [-4482.190113199298, 0, 11271.739996000204], [-4503.487789909613, 0, 11321.099284000004], [-4592.339350961138, 0, 11520.729440000312], [-4646.847649853056, 0, 11637.993928000311], [-4724.787438269574, 0, 11799.385664000267], [-4857.913086992826, 0, 12080.524323999965], [-5068.482994141904, 0, 12537.682168000103], [-5240.13862779617, 0, 12914.11074800007], [-5323.094393253306, 0, 13101.1951400001], [-5421.259895544467, 0, 13321.75345600017], [-5462.024821858885, 0, 13412.067372000029], [-5510.263149449671, 0, 13516.930812000252]]]}}, {"type": "Feature", "properties": {"addr:city": "\u0627\u0644\u0631\u064a\u0627\u0636", "addr:postcode": "12333", "amenity": "restaurant", "building": "yes", "building:levels": "5", "cuisine": "chicken", "diet:halal": "yes", "name": "\u0645\u0637\u0639\u0645 \u0627\u0643\u0644\u064a\u0644 \u0644\u0628\u0646\u0627\u0646", "opening_hours": "12pm-1am", "type": "multipolygon", "id": "relation/17825753", "@id": "relation/17825753"}, "geometry": {"type": "Polygon", "coordinates": [[[64.00427155639827, 0, 248.96718000024435], [119.45306614442059, 0, 272.5670199999837], [106.78165640187082, 0, 302.3339880002094], [104.34445787951309, 0, 308.0669679999726], [48.89566329220932, 0, 284.4671280002332], [55.50947172963691, 0, 268.915724000027], [64.00427155639827, 0, 248.96718000024435]]]}}, {"type": "Feature", "properties": {"addr:city": "Riyadh", "addr:street": "\u0627\u0644\u0639\u0644\u064a\u0627", "building": "commercial", "building:levels": "4", "height": "16", "name": "\u0627\u0644\u0639\u0644\u064a\u0627 \u0645\u0648\u0644", "name:ar": "\u0627\u0644\u0639\u0644\u064a\u0627 \u0645\u0648\u0644", "name:en": "Olaya Mall", "shop": "mall", "id": "way/53152585", "@id": "way/53152585"}, "geometry": {"type": "Polygon", "coordinates": [[[335.0490631911732, 0, 609.933412000255], [334.0580032112287, 0, 615.0207359999872], [337.30423028868717, 0, 626.2083960002162], [343.3213801663058, 0, 629.3142240001264], [320.40564634578993, 0, 676.3914520001515], [301.9597952920799, 0, 717.5687200000441], [299.05740535163505, 0, 715.9657120002946], [294.6481997264438, 0, 725.1384800003111], [297.732621092451, 0, 726.8194120001804], [278.5990957668694, 0, 769.3213880001294], [249.53474492916877, 0, 835.8573520001457], [213.80602136948144, 0, 819.0369000001378], [213.61387708758215, 0, 817.0220079999253], [215.1308056286655, 0, 813.7158040000465], [205.8472029601959, 0, 809.3631920001995], [202.94481301903247, 0, 814.7956080000097], [168.06556944194944, 0, 798.8545839999962], [168.0554565848939, 0, 796.9510120002938], [192.01281466991335, 0, 743.673260000183], [205.83709010314035, 0, 713.1827120002022], [211.03509856860273, 0, 715.2532640002742], [215.55554561996763, 0, 706.136156000117], [210.71148714641873, 0, 704.3105080001386], [230.22930103579893, 0, 660.929104000195], [202.7728944512442, 0, 648.0382480002322], [208.65857718857814, 0, 635.459087999957], [213.9071499385996, 0, 637.9303919999663], [218.5590641302492, 0, 628.1898920000384], [213.158798525832, 0, 625.4068919999461], [241.49502366415754, 0, 564.9267360003017], [335.0490631911732, 0, 609.933412000255]]]}}, {"type": "Feature", "properties": {"addr:city": "Riyadh", "addr:street": "\u0637\u0631\u064a\u0642 \u0627\u0644\u0645\u0644\u0643 \u0641\u0647\u062f", "building": "commercial", "building:levels": "3", "height": "12", "name": "\u0627\u0644\u0639\u0644\u064a\u0627 \u0645\u0648\u0644", "name:ar": "\u0627\u0644\u0639\u0644\u064a\u0627 \u0645\u0648\u0644", "name:en": "Olaya Mall", "shop": "mall", "id": "way/53156607", "@id": "way/53156607"}, "geometry": {"type": "Polygon", "coordinates": [[[150.96472836081594, 0, 512.7176560000239], [209.13388146443936, 0, 540.1023760000946], [211.82390140959242, 0, 547.0598759999301], [217.32529558384633, 0, 545.0449840001131], [221.63337263920087, 0, 557.590747999998], [215.70723847364485, 0, 559.483187999966], [216.9713455912143, 0, 563.8469319999432], [186.5822104943296, 0, 629.2919600002617], [182.36514915103766, 0, 630.583271999928], [183.9023034055135, 0, 635.2698440001184], [168.9656137091128, 0, 640.9694280002823], [153.31091117039253, 0, 674.3765599999391], [158.6403867761396, 0, 690.6070160001709], [152.85583260792382, 0, 692.755491999967], [154.84806542486837, 0, 699.2565800000057], [125.17694317102179, 0, 762.9204880000752], [122.8914375030598, 0, 764.200668000007], [123.93306176756339, 0, 767.3176280000472], [111.32232916662822, 0, 772.3826880003103], [110.08856062022534, 0, 769.0987480002962], [102.92865790826643, 0, 771.4698639999256], [42.99986769781987, 0, 743.8625040000215], [34.36348787299972, 0, 719.8841760002095], [63.26603299996765, 0, 655.0180119999324], [71.52823711804473, 0, 652.3352000002199], [70.60796713677033, 0, 648.550320000284], [86.33345967416071, 0, 641.815460000282], [90.0549910274804, 0, 636.2271960002324], [85.39296397949383, 0, 636.2717239999619], [94.34284236872391, 0, 617.1580800000487], [97.6194080166304, 0, 618.9614640001623], [99.48017369257168, 0, 613.5847080002117], [102.69606219886359, 0, 612.5828279999728], [96.04180233393247, 0, 593.4691840000596], [98.04414800793253, 0, 593.1574879999765], [95.72830376880398, 0, 586.856776000302], [125.42976459381713, 0, 521.8013680001864], [133.27734157764758, 0, 518.4951640003076], [132.55932873460947, 0, 515.0331120001895], [145.04870705231545, 0, 510.73616000020183], [145.87796132152724, 0, 514.4208520001532], [150.96472836081594, 0, 512.7176560000239]]]}}, {"type": "Feature", "properties": {"addr:city": "Riyadh", "addr:street": "\u0627\u0644\u0645\u0644\u0643 \u0641\u0647\u062f", "building": "commercial", "building:levels": "4", "height": "16", "name": "\u0645\u0631\u0643\u0632 \u0627\u0644\u0645\u0645\u0644\u0643\u0629", "name:ar": "\u0645\u0631\u0643\u0632 \u0627\u0644\u0645\u0645\u0644\u0643\u0629", "name:en": "Kingdom Centre", "name:fa": "\u0645\u0631\u0643\u0632 \u067e\u0627\u062f\u0634\u0627\u0647\u06cc", "name:ml": "\u0d15\u0d3f\u0d02\u0d17\u0d4d\u0d21\u0d02 \u0d38\u0d46\u0d28\u0d4d\u0d31\u0d7c", "shop": "mall", "start_date": "2002", "wikidata": "Q656743", "wikipedia": "ar:\u0645\u0631\u0643\u0632_\u0627\u0644\u0645\u0645\u0644\u0643\u0629", "id": "way/264745917", "@id": "way/264745917"}, "geometry": {"type": "Polygon", "coordinates": [[[357.0141884592481, 0, 529.7050880000057], [355.86132276857086, 0, 509.7231480002283], [342.1482887615175, 0, 502.9771560000961], [335.67606032143016, 0, 388.4177440000708], [329.6589104438115, 0, 387.08190400027956], [328.0408533336101, 0, 386.43624800024867], [321.4776091814601, 0, 383.8202280001302], [315.4301207326749, 0, 380.4472320002618], [310.6669651155702, 0, 377.0853680001281], [222.1187897721176, 0, 443.4098240000455], [206.83826293942184, 0, 436.9977920002566], [191.71954181817736, 0, 449.32091600030816], [191.90157324302115, 0, 442.79756400000934], [185.16641052308293, 0, 433.5023440001437], [180.97968775095757, 0, 423.28316800015887], [179.11892207429773, 0, 412.36267600028356], [180.04930491262766, 0, 401.2084120000493], [183.77083626594734, 0, 390.0541480002106], [189.57561614755562, 0, 380.525155999986], [198.17154454415368, 0, 371.9312520000108], [197.93894883475085, 0, 362.8698040001086], [191.43638182421546, 0, 362.8698040001086], [192.83195608135108, 0, 346.6059520002774], [195.1579131768166, 0, 333.82641600003353], [199.79971451141068, 0, 318.7202920002851], [206.77758579780726, 0, 302.45644000005836], [214.44313135679394, 0, 289.209360000283], [226.0628039777846, 0, 273.6356920002122], [238.38026372698377, 0, 260.39974400017144], [242.78946935217502, 0, 265.9768760000908], [247.44138354310607, 0, 260.8561559999683], [248.60436209083883, 0, 253.1973400002424], [249.75722778151606, 0, 244.82607600010056], [257.20029048743686, 0, 231.81276800028868], [268.3547716896219, 0, 221.5935920003038], [279.964331453557, 0, 214.39118799997928], [296.70110968500296, 0, 210.9068719999965], [305.297038081601, 0, 201.61165200013087], [306.2274209199309, 0, 222.9850919999545], [320.6888063404704, 0, 228.74033599997787], [327.78803191009615, 0, 338.9248720002914], [330.3870361431866, 0, 339.4480760000778], [335.44346461202736, 0, 341.19579999993647], [340.08526594590285, 0, 342.7988080000814], [341.9864830500662, 0, 343.78955600019026], [347.8519400740077, 0, 346.9621760000899], [348.14521292502513, 0, 347.1736840001887], [353.47468853149076, 0, 350.9919600001193], [355.12308421214027, 0, 352.46138400028514], [443.4588895595825, 0, 285.7250440003003], [459.48776780576435, 0, 292.92744800022933], [473.43339752222056, 0, 280.61545600030786], [468.3264047688208, 0, 338.46846000009907], [439.5047624975785, 0, 395.63128000012995], [441.830719593044, 0, 402.3661400001321], [461.5811291918271, 0, 400.0506839999666], [461.8137249012299, 0, 408.87836000030075], [460.8833420629, 0, 417.23849200031253], [457.8697106955629, 0, 426.5337120001782], [453.21779650463185, 0, 434.43743199999756], [446.94782520278073, 0, 442.3300200000824], [438.11930109677985, 0, 448.3746959999287], [428.8154727141992, 0, 428.3927560001513], [423.94107567092084, 0, 429.7842560001975], [394.8969505466127, 0, 490.1976200002477], [357.0141884592481, 0, 529.7050880000057]]]}}, {"type": "Feature", "properties": {"addr:city": "Riyadh", "addr:street": "\u0627\u0644\u0645\u0644\u0643 \u0641\u0647\u062f", "building": "commercial", "building:levels:underground": "4", "building:material": "glass", "building:part": "yes", "height": "205", "name": "\u0645\u0631\u0643\u0632 \u0627\u0644\u0645\u0645\u0644\u0643\u0629", "name:en": "Kingdom Centre", "name:fa": "\u0645\u0631\u0643\u0632 \u067e\u0627\u062f\u0634\u0627\u0647\u06cc", "roof:material": "metal", "source": "https://kingdomcentre.com.sa/ar/home/", "website": "https://kingdomcentre.com.sa/ar/home/", "wikidata": "Q656743", "wikipedia": "ar:\u0645\u0631\u0643\u0632 \u0627\u0644\u0645\u0645\u0644\u0643\u0629", "id": "way/264745922", "@id": "way/264745922"}, "geometry": {"type": "Polygon", "coordinates": [[[308.56349087245195, 0, 338.0343120001669], [310.1309836980944, 0, 337.9786520003074], [318.15047924899454, 0, 337.66695600022433], [324.6631591165854, 0, 338.29034799999505], [327.78803191009615, 0, 338.9248720002914], [330.3870361431866, 0, 339.4480760000778], [335.44346461202736, 0, 341.19579999993647], [340.08526594590285, 0, 342.7988080000814], [341.9864830500662, 0, 343.78955600019026], [347.8519400740077, 0, 346.9621760000899], [348.14521292502513, 0, 347.1736840001887], [353.47468853149076, 0, 350.9919600001193], [355.12308421214027, 0, 352.46138400028514], [357.8333298714044, 0, 354.87702800003945], [362.5054697764465, 0, 360.04227600028685], [367.64280110029426, 0, 367.500716000044], [369.1091653561, 0, 371.07408800027656], [370.63620675423886, 0, 374.82557200021756], [364.0426240309223, 0, 388.0281240002636], [359.8457884017414, 0, 389.0188719999769], [353.50502710193877, 0, 389.60886800014833], [352.03866284613304, 0, 389.69792400000256], [345.49564440737555, 0, 389.809244000117], [339.68075166871176, 0, 389.30830400019533], [335.67606032143016, 0, 388.4177440000708], [329.6589104438115, 0, 387.08190400027956], [328.0408533336101, 0, 386.43624800024867], [321.4776091814601, 0, 383.8202280001302], [315.4301207326749, 0, 380.4472320002618], [310.6669651155702, 0, 377.0853680001281], [305.4386180789412, 0, 372.47672000005736], [299.4922581999927, 0, 365.652804000201], [297.5202510971592, 0, 362.5915040000203], [295.1639554305271, 0, 358.9513400001937], [294.3953783029299, 0, 356.6358840000282], [293.05036833035336, 0, 352.58383600013417], [299.6439510536699, 0, 339.3812840000882], [303.5272881177223, 0, 338.8024200000468], [308.56349087245195, 0, 338.0343120001669]]]}}, {"type": "Feature", "properties": {"building:material": "glass", "building:part": "yes", "height": "302", "roof:material": "metal", "id": "way/264745924", "@id": "way/264745924"}, "geometry": {"type": "Polygon", "coordinates": [[[370.63620675423886, 0, 374.82557200021756], [364.0426240309223, 0, 388.0281240002636], [359.8457884017414, 0, 389.0188719999769], [369.1091653561, 0, 371.07408800027656], [370.63620675423886, 0, 374.82557200021756]]]}}, {"type": "Feature", "properties": {"building:material": "glass", "building:part": "yes", "height": "302", "roof:material": "metal", "id": "way/264745925", "@id": "way/264745925"}, "geometry": {"type": "Polygon", "coordinates": [[[293.05036833035336, 0, 352.58383600013417], [299.6439510536699, 0, 339.3812840000882], [303.5272881177223, 0, 338.8024200000468], [294.3953783029299, 0, 356.6358840000282], [293.05036833035336, 0, 352.58383600013417]]]}}, {"type": "Feature", "properties": {"building": "yes", "id": "way/412836411", "@id": "way/412836411"}, "geometry": {"type": "Polygon", "coordinates": [[[542.109808983661, 0, 638.3200120001691], [564.1153856792394, 0, 595.651056000246], [605.7803562608196, 0, 616.4011040002988], [585.0894509673698, 0, 660.7955200002159], [542.109808983661, 0, 638.3200120001691]]]}}, {"type": "Feature", "properties": {"building": "yes", "id": "way/412836415", "@id": "way/412836415"}, "geometry": {"type": "Polygon", "coordinates": [[[654.4838752711297, 0, 14.171036000290087], [611.5446847156429, 0, -6.100335999705777], [662.6449508200886, 0, -114.28111199993694], [705.5740285185199, 0, -94.00973999994108], [654.4838752711297, 0, 14.171036000290087]]]}}, {"type": "Feature", "properties": {"building": "yes", "id": "way/412836432", "@id": "way/412836432"}, "geometry": {"type": "Polygon", "coordinates": [[[482.38327591145065, 0, 251.92829200004525], [532.0778549017052, 0, 146.70862800001046], [574.5720797524973, 0, 166.77962400003764], [524.8775007622427, 0, 271.9992880000724], [482.38327591145065, 0, 251.92829200004525]]]}}, {"type": "Feature", "properties": {"building": "yes", "id": "way/412836436", "@id": "way/412836436"}, "geometry": {"type": "Polygon", "coordinates": [[[541.6850689923588, 0, 122.27388800000611], [592.9066893800336, 0, 13.024439999941961], [633.6513899803396, 0, 32.1269520001205], [582.4297695926647, 0, 141.37640000018465], [541.6850689923588, 0, 122.27388800000611]]]}}, {"type": "Feature", "properties": {"building": "yes", "id": "way/412836455", "@id": "way/412836455"}, "geometry": {"type": "Polygon", "coordinates": [[[455.0482236101251, 0, 596.4080319999958], [474.4547960726131, 0, 553.3049280001405], [520.043555146468, 0, 573.8323359999646], [498.03797845088945, 0, 616.2786520000543], [455.0482236101251, 0, 596.4080319999958]]]}}, {"type": "Feature", "properties": {"building": "yes", "id": "way/412836460", "@id": "way/412836460"}, "geometry": {"type": "Polygon", "coordinates": [[[498.03797845088945, 0, 616.2786520000543], [520.043555146468, 0, 573.8323359999646], [564.1153856792394, 0, 595.651056000246], [542.109808983661, 0, 638.3200120001691], [498.03797845088945, 0, 616.2786520000543]]]}}, {"type": "Feature", "properties": {"building": "yes", "name": "Riyad Bank Tower", "id": "way/412836463", "@id": "way/412836463"}, "geometry": {"type": "Polygon", "coordinates": [[[544.1323803710535, 0, 556.1101920000976], [487.550945806465, 0, 532.9111040002956], [481.85740735103036, 0, 527.7569880001784], [479.68314310924205, 0, 524.2281440000706], [480.4921716643428, 0, 516.636119999939], [519.7199437242839, 0, 433.06819600021157], [586.6771695064047, 0, 465.6738239999936], [544.1323803710535, 0, 556.1101920000976]]]}}, {"type": "Feature", "properties": {"building": "yes", "id": "way/589456157", "@id": "way/589456157"}, "geometry": {"type": "Polygon", "coordinates": [[[467.60839192578266, 0, 149.11314000003017], [479.4606602568947, 0, 124.45576000019244], [507.928352535505, 0, 138.12585600016533], [496.0760842051115, 0, 162.79436800013315], [467.60839192578266, 0, 149.11314000003017]]]}}, {"type": "Feature", "properties": {"landuse": "commercial", "name": "Mobily", "id": "way/663126746", "@id": "way/663126746"}, "geometry": {"type": "Polygon", "coordinates": [[[411.1584245021974, 0, 189.54456400030296], [355.52759848933135, 0, 191.9045480001978], [405.90985175145744, 0, 87.72016000000121], [446.84669663366265, 0, 108.19190799996576], [427.6019298819074, 0, 152.07425200022655], [411.1584245021974, 0, 189.54456400030296]]]}}, {"type": "Feature", "properties": {"landuse": "commercial", "name": "Mobily", "id": "way/663138130", "@id": "way/663138130"}, "geometry": {"type": "Polygon", "coordinates": [[[467.3353447888763, 0, 49.83796400025284], [424.9119099367543, 0, 32.62789200004221], [437.8058025316514, 0, 5.877696000267889], [478.88422741119683, 0, 24.37908000014488], [467.3353447888763, 0, 49.83796400025284]]]}}, {"type": "Feature", "properties": {"building": "yes", "layer": "-2", "name": "\u0627\u0644\u0639\u0631\u0648\u0628\u0629", "name:ar": "\u0627\u0644\u0639\u0631\u0648\u0628\u0629", "name:en": "Al Urubah", "name:fa": "\u0639\u0631\u0648\u0628\u0647", "name:ml": "\u0d05\u0d7d \u0d09\u0d31\u0d42\u0d2c", "operator": "Riyadh Transit Network", "public_transport": "station", "railway": "station", "station": "subway", "subway": "yes", "id": "way/939573189", "@id": "way/939573189"}, "geometry": {"type": "Polygon", "coordinates": [[[466.21281766864706, 0, 513.8085920001172], [374.5296566746282, 0, 699.8799720001718], [363.6886740382903, 0, 693.8241640001955], [346.32489867658734, 0, 684.1393240001271], [439.09013536261335, 0, 501.3296200002218], [450.0423594258435, 0, 506.37241600022463], [466.21281766864706, 0, 513.8085920001172]]]}}, {"type": "Feature", "properties": {"building:material": "glass", "building:part": "yes", "height": "4", "layer": "1", "min_height": "302", "id": "way/984443070", "@id": "way/984443070"}, "geometry": {"type": "Polygon", "coordinates": [[[369.1091653561, 0, 371.07408800027656], [359.8457884017414, 0, 389.0188719999769], [352.7364499750601, 0, 383.20796800009407], [345.4754186939831, 0, 378.0538519999767], [334.4018403475238, 0, 371.5638960000682], [324.6328205461374, 0, 366.94411600026285], [313.09405078015385, 0, 362.2909400000673], [304.1643981050348, 0, 359.19624400028727], [294.3953783029299, 0, 356.6358840000282], [303.5272881177223, 0, 338.8024200000468], [310.09053226987226, 0, 343.3554080002581], [317.9886735382618, 0, 347.6746240001104], [327.89927333698836, 0, 352.95119200007673], [337.6480674242637, 0, 357.5487080000174], [350.65320144605295, 0, 363.5933840002592], [360.5435755306685, 0, 367.62316800028856], [369.1091653561, 0, 371.07408800027656]]]}}, {"type": "Feature", "properties": {"building": "yes", "building:levels": "2", "height": "9", "id": "way/984456217", "@id": "way/984456217"}, "geometry": {"type": "Polygon", "coordinates": [[[138.6270428975057, 0, 785.5295800001012], [176.74240069427313, 0, 702.1397680000824], [196.14897315676112, 0, 712.080643999979], [196.60405171922983, 0, 717.624380000299], [160.57194245146957, 0, 795.91573600006], [138.6270428975057, 0, 785.5295800001012]]]}}, {"type": "Feature", "properties": {"building": "mosque", "building:levels": "2", "height": "8", "id": "way/984456218", "@id": "way/984456218"}, "geometry": {"type": "Polygon", "coordinates": [[[181.13138060535334, 0, 651.8453920000327], [212.835187103648, 0, 667.1073640000204], [197.84793312268823, 0, 698.4105480000061], [166.1340137666195, 0, 684.0836640002676], [172.15116364495668, 0, 671.571295999982], [170.38141368035943, 0, 670.6028120001333], [169.69373940920644, 0, 669.5230080001703], [169.88588369038717, 0, 668.3318840000927], [170.5331065347552, 0, 667.4635880002285], [171.50394080058865, 0, 667.1518920001454], [173.6984307557695, 0, 668.0869799999992], [181.13138060535334, 0, 651.8453920000327]]]}}, {"type": "Feature", "properties": {"building": "yes", "name": "\u062f\u0627\u0645\u0627\u0643 \u062a\u0627\u0648\u0631\u0632", "id": "way/1012414578", "@id": "way/1012414578"}, "geometry": {"type": "Polygon", "coordinates": [[[137.46406434977297, 0, 114.48148800030111], [160.38991102662578, 0, 65.79012000000091], [191.62852610611478, 0, 80.49549200020749], [181.36397631475617, 0, 102.30307999996327], [168.70267942926193, 0, 129.1868600001122], [137.46406434977297, 0, 114.48148800030111]]]}}, {"type": "Feature", "properties": {"building": "yes", "name": "\u062f\u0627\u0645\u0627\u0643 \u062a\u0627\u0648\u0631\u0632", "id": "way/1012414579", "@id": "way/1012414579"}, "geometry": {"type": "Polygon", "coordinates": [[[107.03447782538471, 0, 182.7429120003113], [125.73315030189008, 0, 141.4431920001742], [155.9807054021531, 0, 154.45649999998608], [138.15173862092595, 0, 196.23489600018019], [107.03447782538471, 0, 182.7429120003113]]]}}, {"type": "Feature", "properties": {"addr:city": "Riyadh", "addr:housenumber": "8508", "addr:postcode": "12333", "addr:street": "King Fahd Branch Rd", "brand": "Hilton", "brand:wikidata": "Q598884", "brand:wikipedia": "en: Hilton Hotels & Resorts", "building": "yes", "contact:facebook": "https://www.facebook.com/Hltonolayaruh", "contact:instagram": "https://www.instagram.com/hiltonolayaruh/", "contact:linkedin": "https://www.linkedin.com/company/hiltonolayaruh/", "contact:twitter": "https://twitter.com/HiltonOlayaRUH", "email": "ruhkf_res@hilton.com", "internet_access": "yes", "internet_access:fee": "no", "name": "Hilton Riyadh Olaya", "operator": "Hilton", "phone": "+966 11 272 8800", "rooms": "209", "stars": "5", "tourism": "hotel", "website": "https://www.hilton.com/en/hotels/ruhkfhi-hilton-riyadh-olaya/", "wheelchair": "yes", "id": "way/1012414580", "@id": "way/1012414580"}, "geometry": {"type": "Polygon", "coordinates": [[[72.93392423223585, 0, 247.6870000003126], [89.72126674824086, 0, 208.647076000086], [140.70017856945736, 0, 231.84616400028347], [123.07346892790358, 0, 269.4055320002141], [72.93392423223585, 0, 247.6870000003126]]]}}, {"type": "Feature", "properties": {"building": "yes", "source": "microsoft/BuildingFootprints", "id": "way/1298512999", "@id": "way/1298512999"}, "geometry": {"type": "Polygon", "coordinates": [[[157.39650537339975, 0, 60.2797800000711], [173.75910789738407, 0, 24.189836000306286], [217.04213558916584, 0, 43.804420000141135], [200.67953306518154, 0, 79.90549600003604], [167.1655251747861, 0, 64.71031600003784], [157.39650537339975, 0, 60.2797800000711]]]}}, {"type": "Feature", "properties": {"addr:city": "\u0627\u0644\u0631\u064a\u0627\u0636", "addr:postcode": "12333", "addr:street": "\u0627\u0644\u0645\u0644\u0643 \u0641\u0647\u062f", "building": "commercial", "building:levels": "9", "name": "\u0628\u0631\u062c \u062a\u0648\u0644\u064a\u0628 \u062a\u0648\u0631", "id": "way/1298768894", "@id": "way/1298768894"}, "geometry": {"type": "Polygon", "coordinates": [[[13.97596828762276, 0, 364.2947000001496], [46.69106047997298, 0, 290.0331280000225], [101.80613078875577, 0, 313.176555999965], [67.90783433456173, 0, 387.4047320000973], [13.97596828762276, 0, 364.2947000001496]]]}}, {"type": "Feature", "properties": {"addr:city": "\u0627\u0644\u0631\u064a\u0627\u0636", "addr:postcode": "12333", "amenity": "bank", "building": "yes", "name": "\u0628\u0646\u0643 \u0628\u0627\u0643\u0633\u062a\u0627\u0646 \u0627\u0644\u0648\u0637\u0646\u064a", "source": "microsoft/BuildingFootprints", "id": "way/1298768897", "@id": "way/1298768897"}, "geometry": {"type": "Polygon", "coordinates": [[[231.63498814999005, 0, 24.134176000051326], [223.21097832118025, 0, 42.22367600025635], [204.72467583996666, 0, 33.384868000187566], [213.39139423523483, 0, 15.050464000284478], [231.63498814999005, 0, 24.134176000051326]]]}}, {"type": "Feature", "properties": {"amenity": "compressed_air", "name": "\u0628\u0646\u0634\u0631", "source": "microsoft/BuildingFootprints", "id": "way/1298768898", "@id": "way/1298768898"}, "geometry": {"type": "Polygon", "coordinates": [[[203.88530871369935, 0, 31.915444000021722], [185.49002194526696, 0, 23.644368000259703], [191.7599932463995, 0, 10.274836000239844], [209.71031431013725, 0, 18.4679880002777], [203.88530871369935, 0, 31.915444000021722]]]}}, {"type": "Feature", "properties": {"building": "mosque", "name": "\u0645\u0635\u0644\u0649", "id": "way/1298781845", "@id": "way/1298781845"}, "geometry": {"type": "Polygon", "coordinates": [[[179.89761205895044, 0, -2.0594199999418095], [187.01706334268727, 0, 1.2022560002075977], [182.56740628999248, 0, 10.219175999984884], [175.30637500891544, 0, 7.1690079999342515], [179.89761205895044, 0, -2.0594199999418095]]]}}, {"type": "Feature", "properties": {"addr:city": "\u0627\u0644\u0631\u064a\u0627\u0636", "addr:street": "\u0634\u0627\u0631\u0639 \u0627\u0628\u0646 \u0625\u064a\u0627\u0633 \u0627\u0644\u0643\u0646\u0627\u0646\u064a", "building": "house", "id": "way/1298792299", "@id": "way/1298792299"}, "geometry": {"type": "Polygon", "coordinates": [[[38.722129213631895, 0, 167.8816920002609], [21.287563853258867, 0, 160.05589600016563], [29.38796225988466, 0, 141.7882840002521], [46.92365618937582, 0, 149.0463480000406], [38.722129213631895, 0, 167.8816920002609]]]}}, {"type": "Feature", "properties": {"addr:city": "Riyadh", "addr:street": "\u0634\u0627\u0631\u0639 \u0645\u0638\u0641\u0631 \u0627\u0644\u0633\u0648\u0627\u062f\u064a", "building": "house", "id": "way/1298792300", "@id": "way/1298792300"}, "geometry": {"type": "Polygon", "coordinates": [[[47.267493325670884, 0, 148.7235200002229], [29.07446369475618, 0, 140.7864040000132], [36.15346355098944, 0, 123.36482400009928], [54.609427461755004, 0, 131.7917480001006], [47.267493325670884, 0, 148.7235200002229]]]}}, {"type": "Feature", "properties": {"addr:city": "\u0627\u0644\u0631\u064a\u0627\u0636", "addr:street": "\u0634\u0627\u0631\u0639 \u0627\u0628\u0646 \u0625\u064a\u0627\u0633 \u0627\u0644\u0643\u0646\u0627\u0646\u064a", "building": "house", "id": "way/1298792301", "@id": "way/1298792301"}, "geometry": {"type": "Polygon", "coordinates": [[[20.549325296828243, 0, 159.7553320002126], [2.5990042330904664, 0, 151.61784000003422], [11.376964054532293, 0, 133.22777600027166], [28.83175512829781, 0, 141.4654560000389], [20.549325296828243, 0, 159.7553320002126]]]}}, {"type": "Feature", "properties": {"building": "house", "id": "way/1298792302", "@id": "way/1298792302"}, "geometry": {"type": "Polygon", "coordinates": [[[28.59915941889497, 0, 140.7418760002838], [11.720801190827352, 0, 132.8270239999388], [19.36612103498443, 0, 115.81732800009235], [35.54669213484353, 0, 123.39822000009406], [33.7567164568538, 0, 128.08479200028444], [31.643129357398628, 0, 133.04966400016767], [28.59915941889497, 0, 140.7418760002838]]]}}, {"type": "Feature", "properties": {"addr:city": "\u0627\u0644\u0631\u064a\u0627\u0636", "addr:street": "\u0634\u0627\u0631\u0639 \u0627\u0644\u0635\u0641\u0648\u064a", "building": "yes", "source": "microsoft/BuildingFootprints", "id": "way/1298960478", "@id": "way/1298960478"}, "geometry": {"type": "Polygon", "coordinates": [[[71.82150996906216, 0, 193.67453599992118], [67.22016006269017, 0, 203.31484800026018], [65.20770153235313, 0, 208.22406000028394], [62.001925883116755, 0, 214.98118400015073], [57.66351025659562, 0, 225.63450800006777], [53.537464626803406, 0, 227.6716640001449], [23.623633805779914, 0, 214.45797999996884], [39.187320632437576, 0, 179.74840400012013], [71.82150996906216, 0, 193.67453599992118]]]}}, {"type": "Feature", "properties": {"addr:city": "\u0627\u0644\u0631\u064a\u0627\u0636", "addr:street": "\u0634\u0627\u0631\u0639 \u0627\u0628\u0646 \u0625\u064a\u0627\u0633 \u0627\u0644\u0643\u0646\u0627\u0646\u064a", "building": "house", "id": "way/1298960479", "@id": "way/1298960479"}, "geometry": {"type": "Polygon", "coordinates": [[[23.14832952991871, 0, 213.6787399999588], [-0.606771416145914, 0, 202.30183600028667], [7.786899842215874, 0, 185.89326799995078], [30.419473668051275, 0, 196.81376000022155], [23.14832952991871, 0, 213.6787399999588]]]}}, {"type": "Feature", "properties": {"addr:city": "\u0627\u0644\u0631\u064a\u0627\u0636", "addr:street": "\u0634\u0627\u0631\u0639 \u0627\u0644\u0635\u0641\u0648\u064a", "building": "house", "id": "way/1298960480", "@id": "way/1298960480"}, "geometry": {"type": "Polygon", "coordinates": [[[-1.6483956806494935, 0, 201.87882000008912], [-22.248285262036802, 0, 192.70605200007253], [-14.451272563483965, 0, 175.35126400014818], [6.684598436097703, 0, 185.10289600020613], [-1.6483956806494935, 0, 201.87882000008912]]]}}, {"type": "Feature", "properties": {"addr:city": "\u0627\u0644\u0631\u064a\u0627\u0636", "addr:street": "\u0634\u0627\u0631\u0639 \u062d\u0648\u0637\u0629 \u0628\u0646\u064a \u062a\u0645\u064a\u0645", "building": "house", "source": "microsoft/BuildingFootprints", "id": "way/1298981685", "@id": "way/1298981685"}, "geometry": {"type": "Polygon", "coordinates": [[[105.41642071518324, 0, 68.49519599997365], [117.7035418939344, 0, 44.04932400023469], [136.32131151543268, 0, 52.8436040001786], [131.74018732317174, 0, 62.194484000299184], [128.4130573907062, 0, 68.52859199996843], [123.60945034537937, 0, 77.59004000026607], [105.41642071518324, 0, 68.49519599997365]]]}}, {"type": "Feature", "properties": {"building": "house", "source": "microsoft/BuildingFootprints", "id": "way/1298981686", "@id": "way/1298981686"}, "geometry": {"type": "Polygon", "coordinates": [[[86.4548139573899, 0, 59.60072800004539], [98.3475337160055, 0, 36.04541600003543], [116.67203048648635, 0, 43.99366399997973], [108.71321207648222, 0, 60.76958800025821], [105.0826964359437, 0, 68.53972400009852], [86.4548139573899, 0, 59.60072800004539]]]}}, {"type": "Feature", "properties": {"addr:city": "\u0627\u0644\u0631\u064a\u0627\u0636", "addr:street": "\u0634\u0627\u0631\u0639 \u062d\u0648\u0637\u0629 \u0628\u0646\u064a \u062a\u0645\u064a\u0645", "building": "house", "source": "microsoft/BuildingFootprints", "id": "way/1298981694", "@id": "way/1298981694"}, "geometry": {"type": "Polygon", "coordinates": [[[148.5073041250657, 0, 26.44963200021678], [137.28203292492918, 0, 52.25360800000715], [116.04503335622938, 0, 41.98990400029288], [127.11861170268871, 0, 16.72026400002352], [148.5073041250657, 0, 26.44963200021678]]]}}, {"type": "Feature", "properties": {"building": "yes", "id": "way/1299793431", "@id": "way/1299793431"}, "geometry": {"type": "Polygon", "coordinates": [[[607.8838305039378, 0, 671.15941200031], [610.24012617057, 0, 667.8086800003064], [608.682746201983, 0, 666.8068000000675], [629.2725229263149, 0, 623.0246440001865], [648.6790953895214, 0, 631.6519440001565], [627.5735629611063, 0, 680.8887800001078], [607.8838305039378, 0, 671.15941200031]]]}}, {"type": "Feature", "properties": {"addr:city": "\u0627\u0644\u0631\u064a\u0627\u0636", "addr:street": "\u0634\u0627\u0631\u0639 \u062d\u0648\u0637\u0629 \u0628\u0646\u064a \u062a\u0645\u064a\u0645", "building": "house", "id": "way/1300168883", "@id": "way/1300168883"}, "geometry": {"type": "Polygon", "coordinates": [[[31.85549935269042, 0, 284.0886400001605], [9.688116946379258, 0, 273.5466359999624], [20.40774529948801, 0, 251.24924000001954], [43.100996266938004, 0, 261.4906800002646], [31.85549935269042, 0, 284.0886400001605]]]}}, {"type": "Feature", "properties": {"addr:city": "\u0627\u0644\u0631\u064a\u0627\u0636", "addr:street": "\u0634\u0627\u0631\u0639 \u062d\u0648\u0637\u0629 \u0628\u0646\u064a \u062a\u0645\u064a\u0645", "building": "house", "id": "way/1300168884", "@id": "way/1300168884"}, "geometry": {"type": "Polygon", "coordinates": [[[43.2931405488373, 0, 260.76710000011406], [20.478535298158125, 0, 250.1026440000669], [30.146426530426332, 0, 228.79599600023283], [53.34532034490411, 0, 238.45857200004104], [43.2931405488373, 0, 260.76710000011406]]]}}, {"type": "Feature", "properties": {"addr:city": "\u0627\u0644\u0631\u064a\u0627\u0636", "addr:street": "\u0634\u0627\u0631\u0639 \u0647\u0644\u0627\u0644 \u0628\u0646 \u0623\u0645\u064a\u0629", "building": "house", "id": "way/1300168885", "@id": "way/1300168885"}, "geometry": {"type": "Polygon", "coordinates": [[[8.818411249663928, 0, 273.0679600003009], [-9.647665518157156, 0, 264.4517920000655], [1.537154254475836, 0, 241.89836000029445], [19.659393886720423, 0, 250.4588680002749], [8.818411249663928, 0, 273.0679600003009]]]}}, {"type": "Feature", "properties": {"addr:city": "\u0627\u0644\u0631\u064a\u0627\u0636", "addr:street": "\u0634\u0627\u0631\u0639 \u0627\u0644\u0635\u0641\u0648\u064a", "building": "house", "id": "way/1300168886", "@id": "way/1300168886"}, "geometry": {"type": "Polygon", "coordinates": [[[1.8911042478264206, 0, 241.18591200027396], [11.943284043174666, 0, 218.94417600019054], [29.418300831051237, 0, 228.1614719999365], [19.79086102628657, 0, 249.27887599993198], [1.8911042478264206, 0, 241.18591200027396]]]}}, {"type": "Feature", "properties": {"addr:city": "\u0627\u0644\u0631\u064a\u0627\u0636", "addr:street": "\u0634\u0627\u0631\u0639 \u0647\u0644\u0627\u0644 \u0628\u0646 \u0623\u0645\u064a\u0629", "building": "house", "id": "way/1300168887", "@id": "way/1300168887"}, "geometry": {"type": "Polygon", "coordinates": [[[-10.25443693430307, 0, 263.7282120003104], [-27.22381087515186, 0, 256.4812800002565], [-16.423279666317466, 0, 233.337852000314], [1.1933171188993388, 0, 241.43081599997203], [-10.25443693430307, 0, 263.7282120003104]]]}}, {"type": "Feature", "properties": {"addr:city": "\u0627\u0644\u0631\u064a\u0627\u0636", "addr:street": "\u0634\u0627\u0631\u0639 \u0627\u0644\u0635\u0641\u0648\u064a", "building": "house", "id": "way/1300168888", "@id": "way/1300168888"}, "geometry": {"type": "Polygon", "coordinates": [[[1.2944456880174704, 0, 241.24157200013343], [-17.212082507307155, 0, 232.502952000049], [-8.080172692514743, 0, 210.40593200007478], [11.356738341139803, 0, 218.6881399999669], [8.252091261021555, 0, 225.15583200001075], [1.2944456880174704, 0, 241.24157200013343]]]}}, {"type": "Feature", "properties": {"addr:city": "\u0627\u0644\u0631\u064a\u0627\u0636", "addr:street": "\u0634\u0627\u0631\u0639 \u0627\u0628\u0646 \u0625\u064a\u0627\u0633 \u0627\u0644\u0643\u0646\u0627\u0646\u064a", "building": "house", "id": "way/1300168903", "@id": "way/1300168903"}, "geometry": {"type": "Polygon", "coordinates": [[[31.410533647277227, 0, 196.33508400016453], [7.635206987820115, 0, 185.3144040003049], [15.381655401813887, 0, 168.71659200013042], [38.86370921025357, 0, 179.32538799992258], [37.35689352694431, 0, 182.64272399993146], [31.410533647277227, 0, 196.33508400016453]]]}}, {"type": "Feature", "properties": {"addr:city": "\u0627\u0644\u0631\u064a\u0627\u0636", "addr:street": "\u0634\u0627\u0631\u0639 \u0627\u0628\u0646 \u0625\u064a\u0627\u0633 \u0627\u0644\u0643\u0646\u0627\u0646\u064a", "building": "house", "id": "way/1300168904", "@id": "way/1300168904"}, "geometry": {"type": "Polygon", "coordinates": [[[7.210466996517975, 0, 184.76893600025832], [-13.986081143959723, 0, 174.89485199995585], [-5.845231309830387, 0, 158.11892800007286], [15.472671114595055, 0, 168.08206800022958], [13.197278303688597, 0, 172.1786440002485], [7.210466996517975, 0, 184.76893600025832]]]}}, {"type": "Feature", "properties": {"addr:city": "\u0627\u0644\u0631\u064a\u0627\u0636", "addr:street": "\u0634\u0627\u0631\u0639 \u0627\u0628\u0646 \u0625\u064a\u0627\u0633 \u0627\u0644\u0643\u0646\u0627\u0646\u064a", "building": "apartments", "id": "way/1300173658", "@id": "way/1300173658"}, "geometry": {"type": "Polygon", "coordinates": [[[58.68490880770671, 0, 175.56277200024695], [39.81431776269454, 0, 167.25830000009466], [47.41918617934808, 0, 149.65860800007675], [67.41230434458947, 0, 159.05401599992672], [59.969241638668656, 0, 176.04144800030397], [58.68490880770671, 0, 175.56277200024695]]]}}, {"type": "Feature", "properties": {"addr:city": "\u0627\u0644\u0631\u064a\u0627\u0636", "addr:street": "\u0634\u0627\u0631\u0639 \u0645\u0638\u0641\u0631 \u0627\u0644\u0633\u0648\u0627\u062f\u064a", "building": "house", "id": "way/1300173659", "@id": "way/1300173659"}, "geometry": {"type": "Polygon", "coordinates": [[[67.46286862914855, 0, 158.1968520001925], [47.833813313594696, 0, 148.81257600007714], [55.671277440369636, 0, 131.9698600002046], [75.69473417605904, 0, 140.7752720002786], [67.46286862914855, 0, 158.1968520001925]]]}}, {"type": "Feature", "properties": {"addr:city": "\u0627\u0644\u0631\u064a\u0627\u0636", "addr:street": "\u0634\u0627\u0631\u0639 \u0627\u0628\u0646 \u0625\u064a\u0627\u0633 \u0627\u0644\u0643\u0646\u0627\u0646\u064a", "building": "house", "id": "way/1300173660", "@id": "way/1300173660"}, "geometry": {"type": "Polygon", "coordinates": [[[1.951781389441012, 0, 151.40633199993545], [-15.15917254874801, 0, 143.25770800002246], [-7.028435570955639, 0, 124.64500400003104], [11.08369120351486, 0, 133.02740000030298], [7.655432701931166, 0, 139.9181080001489], [1.951781389441012, 0, 151.40633199993545]]]}}, {"type": "Feature", "properties": {"addr:city": "\u0627\u0644\u0631\u064a\u0627\u0636", "addr:street": "\u0634\u0627\u0631\u0639 \u0645\u0638\u0641\u0631 \u0627\u0644\u0633\u0648\u0627\u062f\u064a", "building": "house", "id": "way/1300173661", "@id": "way/1300173661"}, "geometry": {"type": "Polygon", "coordinates": [[[11.093804060570386, 0, 132.54872400024595], [-7.038548428011165, 0, 124.3667039999427], [1.6180571102014785, 0, 106.75588000019019], [19.234653894699722, 0, 115.17167200006142], [11.093804060570386, 0, 132.54872400024595]]]}}, {"type": "Feature", "properties": {"addr:city": "\u0627\u0644\u0631\u064a\u0627\u0636", "addr:street": "\u0634\u0627\u0631\u0639 \u0645\u0638\u0641\u0631 \u0627\u0644\u0633\u0648\u0627\u062f\u064a", "building": "house", "id": "way/1300188037", "@id": "way/1300188037"}, "geometry": {"type": "Polygon", "coordinates": [[[-24.200066650759254, 0, 116.11789200004537], [-15.836733963564042, 0, 98.93008400009492], [1.051737121559105, 0, 106.71135200006532], [-7.483514133424356, 0, 123.77670800016674], [-24.200066650759254, 0, 116.11789200004537]]]}}, {"type": "Feature", "properties": {"addr:city": "\u0627\u0644\u0631\u064a\u0627\u0636", "addr:street": "\u0634\u0627\u0631\u0639 \u062d\u0648\u0637\u0629 \u0628\u0646\u064a \u062a\u0645\u064a\u0645", "building": "yes", "source": "microsoft/BuildingFootprints", "id": "way/1300188046", "@id": "way/1300188046"}, "geometry": {"type": "Polygon", "coordinates": [[[85.0592397002543, 0, 167.358488000079], [77.40380699832313, 0, 183.62234000030568], [60.82883447832847, 0, 176.41993599998116], [68.29212289836033, 0, 159.38797600027002], [85.0592397002543, 0, 167.358488000079]]]}}, {"type": "Feature", "properties": {"addr:city": "\u0627\u0644\u0631\u064a\u0627\u0636", "addr:street": "\u0634\u0627\u0631\u0639 \u0645\u0638\u0641\u0631 \u0627\u0644\u0633\u0648\u0627\u062f\u064a", "building": "yes", "id": "way/1300188047", "@id": "way/1300188047"}, "geometry": {"type": "Polygon", "coordinates": [[[86.87955394869203, 0, 166.21189200012637], [68.42359003792647, 0, 157.61798800015114], [76.14981273852776, 0, 141.24281600020552], [94.06979523109896, 0, 150.03709600014943], [86.87955394869203, 0, 166.21189200012637]]]}}, {"type": "Feature", "properties": {"addr:city": "\u0627\u0644\u0631\u064a\u0627\u0636", "addr:street": "\u0634\u0627\u0631\u0639 \u0645\u0638\u0641\u0631 \u0627\u0644\u0633\u0648\u0627\u062f\u064a", "landuse": "residential", "residential": "apartments", "id": "way/1300188048", "@id": "way/1300188048"}, "geometry": {"type": "Polygon", "coordinates": [[[75.67450846266655, 0, 130.62288800028327], [57.42080169013726, 0, 122.17370000002177], [70.31469428575289, 0, 94.52181199999288], [88.43693391727892, 0, 102.73722800029091], [75.67450846266655, 0, 130.62288800028327]]]}}, {"type": "Feature", "properties": {"addr:city": "\u0627\u0644\u0631\u064a\u0627\u0636", "addr:street": "\u0634\u0627\u0631\u0639 \u0645\u0638\u0641\u0631 \u0627\u0644\u0633\u0648\u0627\u062f\u064a", "landuse": "residential", "residential": "apartments", "id": "way/1300188049", "@id": "way/1300188049"}, "geometry": {"type": "Polygon", "coordinates": [[[95.63728805674137, 0, 139.26131999998788], [77.04985700569111, 0, 130.945716000101], [84.90754684585853, 0, 113.07885600012483], [103.58599360968996, 0, 122.16256800028717], [95.63728805674137, 0, 139.26131999998788]]]}}, {"type": "Feature", "properties": {"addr:city": "\u0627\u0644\u0631\u064a\u0627\u0636", "addr:street": "\u0634\u0627\u0631\u0639 \u062d\u0648\u0637\u0629 \u0628\u0646\u064a \u062a\u0645\u064a\u0645", "landuse": "residential", "residential": "apartments", "id": "way/1300188050", "@id": "way/1300188050"}, "geometry": {"type": "Polygon", "coordinates": [[[105.11303500711028, 0, 119.66900000001772], [89.2864138998832, 0, 112.03244800015653], [95.05074235398794, 0, 98.35122000005356], [111.67627915926023, 0, 106.19928000001352], [105.11303500711028, 0, 119.66900000001772]]]}}, {"type": "Feature", "properties": {"addr:city": "\u0627\u0644\u0631\u064a\u0627\u0636", "addr:street": "\u0634\u0627\u0631\u0639 \u0645\u0638\u0641\u0631 \u0627\u0644\u0633\u0648\u0627\u062f\u064a", "building": "house", "height": "0", "id": "way/1300203589", "@id": "way/1300203589"}, "geometry": {"type": "Polygon", "coordinates": [[[56.67245027736967, 0, 121.28314000029278], [40.29973489561127, 0, 113.49074000019229], [52.55651750391442, 0, 87.18582400008472], [69.4854400165411, 0, 95.40123999998727], [56.67245027736967, 0, 121.28314000029278]]]}}, {"type": "Feature", "properties": {"addr:city": "\u0627\u0644\u0631\u064a\u0627\u0636", "addr:street": "\u0634\u0627\u0631\u0639 \u0645\u0638\u0641\u0631 \u0627\u0644\u0633\u0648\u0627\u062f\u064a", "building": "house", "id": "way/1300203590", "@id": "way/1300203590"}, "geometry": {"type": "Polygon", "coordinates": [[[39.25811063110769, 0, 112.70036800005215], [24.230405221925828, 0, 105.28645600002434], [37.04339496181583, 0, 80.01681600015047], [51.949746087049945, 0, 86.81846800014213], [39.25811063110769, 0, 112.70036800005215]]]}}, {"type": "Feature", "properties": {"addr:city": "\u0627\u0644\u0631\u064a\u0627\u0636", "addr:street": "\u0634\u0627\u0631\u0639 \u0645\u0638\u0641\u0631 \u0627\u0644\u0633\u0648\u0627\u062f\u064a", "building": "house", "id": "way/1300203591", "@id": "way/1300203591"}, "geometry": {"type": "Polygon", "coordinates": [[[23.18878095742225, 0, 105.04155199993079], [5.359814176913656, 0, 96.55896800007], [17.566032500657737, 0, 70.85518000026397], [36.41639783155886, 0, 80.10587200000472], [23.18878095742225, 0, 105.04155199993079]]]}}, {"type": "Feature", "properties": {"landuse": "residential", "residential": "apartments", "id": "way/1300203592", "@id": "way/1300203592"}, "geometry": {"type": "Polygon", "coordinates": [[[3.802434208326769, 0, 96.65915600005434], [-28.912657984023454, 0, 81.55303200030588], [-16.706439660279372, 0, 55.28151200019309], [17.040163939518905, 0, 70.03141200012905], [3.802434208326769, 0, 96.65915600005434]]]}}, {"type": "Feature", "properties": {"addr:city": "\u0627\u0644\u0631\u064a\u0627\u0636", "addr:street": "\u0634\u0627\u0631\u0639 \u0623\u0628\u064a \u0627\u0644\u0645\u0641\u0627\u062e\u0631 \u0627\u0644\u062d\u0645\u0648\u064a", "building": "yes", "id": "way/1300203595", "@id": "way/1300203595"}, "geometry": {"type": "Polygon", "coordinates": [[[112.13135772172896, 0, 104.64079999999342], [91.15729243359857, 0, 94.88916799993547], [99.30825512478343, 0, 77.23381600005808], [120.89920468611525, 0, 87.53091600016262], [112.13135772172896, 0, 104.64079999999342]]]}}, {"type": "Feature", "properties": {"addr:city": "\u0627\u0644\u0631\u064a\u0627\u0636", "addr:street": "\u0634\u0627\u0631\u0639 \u0623\u0628\u064a \u0627\u0644\u0645\u0641\u0627\u062e\u0631 \u0627\u0644\u062d\u0645\u0648\u064a", "building": "house", "id": "way/1300203596", "@id": "way/1300203596"}, "geometry": {"type": "Polygon", "coordinates": [[[87.48632536483795, 0, 100.83365600019292], [71.1742871254127, 0, 93.35295200017555], [83.00632974169515, 0, 69.07406000001501], [98.33742085894997, 0, 76.73287600013637], [87.48632536483795, 0, 100.83365600019292]]]}}, {"type": "Feature", "properties": {"addr:city": "\u0627\u0644\u0631\u064a\u0627\u0636", "addr:street": "\u0634\u0627\u0631\u0639 \u0623\u0628\u064a \u0627\u0644\u0645\u0641\u0627\u062e\u0631 \u0627\u0644\u062d\u0645\u0648\u064a", "building": "house", "id": "way/1300203597", "@id": "way/1300203597"}, "geometry": {"type": "Polygon", "coordinates": [[[70.37537142736748, 0, 93.35295200017555], [56.702788847817686, 0, 86.91865600012648], [68.5348314648187, 0, 62.27240800002335], [82.58158975039301, 0, 68.76236399993189], [70.37537142736748, 0, 93.35295200017555]]]}}, {"type": "Feature", "properties": {"addr:city": "\u0627\u0644\u0631\u064a\u0627\u0636", "addr:street": "\u0634\u0627\u0631\u0639 \u0623\u0628\u064a \u0627\u0644\u0645\u0641\u0627\u062e\u0631 \u0627\u0644\u062d\u0645\u0648\u064a", "building": "house", "id": "way/1300203598", "@id": "way/1300203598"}, "geometry": {"type": "Polygon", "coordinates": [[[55.53981030008492, 0, 87.58657600002209], [40.81549059897602, 0, 80.71813200004087], [52.90035463949092, 0, 54.84736400026094], [67.91794719161726, 0, 62.205616000033785], [55.53981030008492, 0, 87.58657600002209]]]}}, {"type": "Feature", "properties": {"addr:city": "\u0627\u0644\u0631\u064a\u0627\u0636", "addr:street": "\u0634\u0627\u0631\u0639 \u0623\u0628\u064a \u0627\u0644\u0645\u0641\u0627\u062e\u0631 \u0627\u0644\u062d\u0645\u0648\u064a", "building": "house", "id": "way/1300203599", "@id": "way/1300203599"}, "geometry": {"type": "Polygon", "coordinates": [[[40.33007346605929, 0, 80.40643599995775], [27.446293728217736, 0, 74.22817600013232], [39.75364062107995, 0, 48.93627199999827], [52.21268036761936, 0, 54.95868399997988], [40.33007346605929, 0, 80.40643599995775]]]}}, {"type": "Feature", "properties": {"addr:city": "\u0627\u0644\u0631\u064a\u0627\u0636", "addr:street": "\u0634\u0627\u0631\u0639 \u0623\u0628\u064a \u0627\u0644\u0645\u0641\u0627\u062e\u0631 \u0627\u0644\u062d\u0645\u0648\u064a", "building": "house", "id": "way/1300203600", "@id": "way/1300203600"}, "geometry": {"type": "Polygon", "coordinates": [[[27.183359447648318, 0, 73.97214000030417], [14.572626846713147, 0, 67.93859600019246], [26.677716600620535, 0, 42.86933200028727], [39.187320632437576, 0, 49.203439999956515], [27.183359447648318, 0, 73.97214000030417]]]}}, {"type": "Feature", "properties": {"addr:city": "\u0627\u0644\u0631\u064a\u0627\u0636", "addr:street": "\u0634\u0627\u0631\u0639 \u0623\u0628\u064a \u0627\u0644\u0645\u0641\u0627\u062e\u0631 \u0627\u0644\u062d\u0645\u0648\u064a", "building": "house", "id": "way/1300203601", "@id": "way/1300203601"}, "geometry": {"type": "Polygon", "coordinates": [[[13.895065431897116, 0, 68.20576400015071], [-1.5776056819793765, 0, 61.19260400006027], [9.951051226230113, 0, 34.7207079999788], [26.151848040200264, 0, 42.40178799996485], [13.895065431897116, 0, 68.20576400015071]]]}}, {"type": "Feature", "properties": {"addr:city": "\u0627\u0644\u0631\u064a\u0627\u0636", "addr:street": "\u0634\u0627\u0631\u0639 \u0623\u0628\u064a \u0627\u0644\u0645\u0641\u0627\u062e\u0631 \u0627\u0644\u062d\u0645\u0648\u064a", "building": "house", "id": "way/1300203602", "@id": "way/1300203602"}, "geometry": {"type": "Polygon", "coordinates": [[[-2.0933613860626843, 0, 61.03675600021646], [-16.787342516005015, 0, 54.33529200020914], [-4.692365618434589, 0, 27.863396000127665], [9.273489811414082, 0, 34.609388000259855], [-2.0933613860626843, 0, 61.03675600021646]]]}}, {"type": "Feature", "properties": {"addr:city": "\u0627\u0644\u0631\u064a\u0627\u0636", "addr:street": "\u0634\u0627\u0631\u0639 \u0623\u0628\u064a \u0627\u0644\u0645\u0641\u0627\u062e\u0631 \u0627\u0644\u062d\u0645\u0648\u064a", "building": "house", "id": "way/1300213939", "@id": "way/1300213939"}, "geometry": {"type": "Polygon", "coordinates": [[[85.88849396874753, 0, 59.4114840002068], [69.32363430580838, 0, 51.86398800019987], [80.95341978385457, 0, 27.19547600023205], [97.68008515824499, 0, 35.28844000028556], [85.88849396874753, 0, 59.4114840002068]]]}}, {"type": "Feature", "properties": {"addr:city": "\u0627\u0644\u0631\u064a\u0627\u0636", "addr:street": "\u0634\u0627\u0631\u0639 \u0623\u0628\u064a \u0627\u0644\u0645\u0641\u0627\u062e\u0631 \u0627\u0644\u062d\u0645\u0648\u064a", "building": "house", "id": "way/1300213940", "@id": "way/1300213940"}, "geometry": {"type": "Polygon", "coordinates": [[[69.32363430580838, 0, 51.86398800019987], [50.554171829914345, 0, 42.958388000141525], [61.87045874283204, 0, 17.866859999976157], [80.74104978784422, 0, 26.81698800015937], [69.32363430580838, 0, 51.86398800019987]]]}}, {"type": "Feature", "properties": {"addr:city": "\u0627\u0644\u0631\u064a\u0627\u0636", "addr:street": "\u0634\u0627\u0631\u0639 \u0623\u0628\u064a \u0627\u0644\u0645\u0641\u0627\u062e\u0631 \u0627\u0644\u062d\u0645\u0648\u064a", "building": "house", "id": "way/1300213941", "@id": "way/1300213941"}, "geometry": {"type": "Polygon", "coordinates": [[[50.07886755405314, 0, 42.74688000004275], [33.0285907574787, 0, 35.18825200030122], [44.9819876577089, 0, 9.551256000089268], [61.597411605925664, 0, 17.922520000231117], [50.07886755405314, 0, 42.74688000004275]]]}}, {"type": "Feature", "properties": {"addr:city": "\u0627\u0644\u0631\u064a\u0627\u0636", "addr:street": "\u0634\u0627\u0631\u0639 \u0623\u0628\u064a \u0627\u0644\u0645\u0641\u0627\u062e\u0631 \u0627\u0644\u062d\u0645\u0648\u064a", "building": "house", "id": "way/1300213942", "@id": "way/1300213942"}, "geometry": {"type": "Polygon", "coordinates": [[[32.27012648693703, 0, 35.02127199993183], [16.130006815300035, 0, 27.418116000065424], [28.295773710822015, 0, 2.3711160000249265], [44.688714806691465, 0, 9.573519999953959], [32.27012648693703, 0, 35.02127199993183]]]}}, {"type": "Feature", "properties": {"addr:city": "\u0627\u0644\u0631\u064a\u0627\u0636", "addr:street": "\u0634\u0627\u0631\u0639 \u0623\u0628\u064a \u0627\u0644\u0645\u0641\u0627\u062e\u0631 \u0627\u0644\u062d\u0645\u0648\u064a", "building": "house", "id": "way/1300213943", "@id": "way/1300213943"}, "geometry": {"type": "Polygon", "coordinates": [[[15.816508250171552, 0, 27.451512000060205], [-1.6585085377050188, 0, 19.30288800014722], [10.628612641046145, 0, -5.755244000023367], [27.790130863794232, 0, 2.471304000009269], [15.816508250171552, 0, 27.451512000060205]]]}}, {"type": "Feature", "properties": {"addr:city": "\u0627\u0644\u0631\u064a\u0627\u0636", "addr:street": "\u0634\u0627\u0631\u0639 \u0623\u0628\u064a \u0627\u0644\u0645\u0641\u0627\u062e\u0631 \u0627\u0644\u062d\u0645\u0648\u064a", "building": "house", "id": "way/1300213944", "@id": "way/1300213944"}, "geometry": {"type": "Polygon", "coordinates": [[[-1.8506528196043186, 0, 19.24722800028775], [-16.757003944838438, 0, 11.79992000026516], [-4.8642841869414, 0, -13.224815999910646], [10.335339790028712, 0, -6.089203999971176], [-1.8506528196043186, 0, 19.24722800028775]]]}}, {"type": "Feature", "properties": {"addr:city": "\u0627\u0644\u0631\u064a\u0627\u0636", "addr:street": "\u0634\u0627\u0631\u0639 \u0627\u0644\u062d\u0633\u0627\u0645\u064a", "building": "house", "id": "way/1300213947", "@id": "way/1300213947"}, "geometry": {"type": "Polygon", "coordinates": [[[28.002500859804584, 0, 2.0816840002019887], [11.44775405320241, 0, -6.011279999851524], [23.542730950054274, 0, -31.39223999983983], [40.542443462069635, 0, -23.755687999978647], [28.002500859804584, 0, 2.0816840002019887]]]}}, {"type": "Feature", "properties": {"addr:city": "\u0627\u0644\u0631\u064a\u0627\u0636", "addr:street": "\u0634\u0627\u0631\u0639 \u0627\u0644\u062d\u0633\u0627\u0645\u064a", "building": "house", "id": "way/1300213948", "@id": "way/1300213948"}, "geometry": {"type": "Polygon", "coordinates": [[[45.639323358413876, 0, 9.673707999938301], [28.629497990061548, 0, 1.8924399999679054], [40.936844882923765, 0, -23.677763999858996], [57.98712167877963, 0, -15.384423999836798], [45.639323358413876, 0, 9.673707999938301]]]}}, {"type": "Feature", "properties": {"addr:city": "\u0627\u0644\u0631\u064a\u0627\u0636", "addr:street": "\u0634\u0627\u0631\u0639 \u0627\u0644\u062d\u0633\u0627\u0645\u064a", "building": "house", "id": "way/1300213949", "@id": "way/1300213949"}, "geometry": {"type": "Polygon", "coordinates": [[[62.9019701502801, 0, 17.755540000257213], [46.40790048601107, 0, 9.773895999922644], [58.54332881036648, 0, -15.06159600001908], [75.07784990285761, 0, -7.725607999715436], [62.9019701502801, 0, 17.755540000257213]]]}}, {"type": "Feature", "properties": {"addr:city": "\u0627\u0644\u0631\u064a\u0627\u0636", "addr:street": "\u0634\u0627\u0631\u0639 \u0627\u0644\u062d\u0633\u0627\u0645\u064a", "building": "house", "id": "way/1300213950", "@id": "way/1300213950"}, "geometry": {"type": "Polygon", "coordinates": [[[80.85229121401787, 0, 26.093408000008793], [63.34693585569329, 0, 17.811200000116685], [75.53292846532632, 0, -7.54749600000693], [92.61354383234877, 0, 0.6345240002963237], [80.85229121401787, 0, 26.093408000008793]]]}}, {"type": "Feature", "properties": {"addr:city": "\u0627\u0644\u0631\u064a\u0627\u0636", "addr:street": "\u0634\u0627\u0631\u0639 \u0627\u0644\u062d\u0633\u0627\u0645\u064a", "building": "house", "id": "way/1300213951", "@id": "way/1300213951"}, "geometry": {"type": "Polygon", "coordinates": [[[98.29696943144643, 0, 34.39788000016108], [81.40849834560473, 0, 26.304916000107568], [93.25065381966125, 0, 0.14471600010921293], [110.18968918934347, 0, 8.638432000100096], [98.29696943144643, 0, 34.39788000016108]]]}}, {"type": "Feature", "properties": {"addr:city": "\u0627\u0644\u0631\u064a\u0627\u0636", "addr:street": "\u0634\u0627\u0631\u0639 \u0627\u0644\u062d\u0633\u0627\u0645\u064a", "building": "house", "id": "way/1300213952", "@id": "way/1300213952"}, "geometry": {"type": "Polygon", "coordinates": [[[114.94273195011121, 0, 41.77839600019411], [98.84306370597776, 0, 34.587123999999676], [110.64476775181218, 0, 8.40466000013663], [126.5118402865428, 0, 16.074607999992594], [114.94273195011121, 0, 41.77839600019411]]]}}, {"type": "Feature", "properties": {"addr:city": "\u0627\u0644\u0631\u064a\u0627\u0636", "addr:street": "\u0634\u0627\u0631\u0639 \u062d\u0648\u0637\u0629 \u0628\u0646\u064a \u062a\u0645\u064a\u0645", "building": "yes", "id": "way/1300222820", "@id": "way/1300222820"}, "geometry": {"type": "Polygon", "coordinates": [[[152.78504260997224, 0, 17.67761600013756], [135.37070296371027, 0, 9.284088000131021], [147.86008128141626, 0, -17.94478399970032], [165.18340521489708, 0, -9.729367999797773], [153.60418402140996, 0, 15.90762800001869], [152.78504260997224, 0, 17.67761600013756]]]}}, {"type": "Feature", "properties": {"addr:city": "\u0627\u0644\u0631\u064a\u0627\u0636", "addr:street": "\u0634\u0627\u0631\u0639 \u0627\u0644\u0631\u0627\u0628\u064a\u0629", "building": "house", "id": "way/1300222821", "@id": "way/1300222821"}, "geometry": {"type": "Polygon", "coordinates": [[[134.48077155288388, 0, 9.350880000120583], [116.9754161945593, 0, 1.1243320000879464], [129.77829307739378, 0, -26.060012000014012], [147.75895271157955, 0, -18.245348000048836], [134.48077155288388, 0, 9.350880000120583]]]}}, {"type": "Feature", "properties": {"addr:city": "\u0627\u0644\u0631\u064a\u0627\u0636", "addr:street": "\u0634\u0627\u0631\u0639 \u0627\u0644\u0631\u0627\u0628\u064a\u0629", "building": "house", "id": "way/1300222822", "@id": "way/1300222822"}, "geometry": {"type": "Polygon", "coordinates": [[[116.19672621062514, 0, 0.6679200002911045], [102.75673934047818, 0, -5.4658119998049415], [97.41715087767557, 0, -7.89258799968934], [109.55257920274954, 0, -36.00088799991056], [129.39400451359518, 0, -26.939440000008403], [116.19672621062514, 0, 0.6679200002911045]]]}}, {"type": "Feature", "properties": {"addr:city": "\u0627\u0644\u0631\u064a\u0627\u0636", "addr:street": "\u0634\u0627\u0631\u0639 \u0647\u0644\u0627\u0644 \u0628\u0646 \u0623\u0645\u064a\u0629", "building": "commercial", "id": "way/1300526095", "@id": "way/1300526095"}, "geometry": {"type": "Polygon", "coordinates": [[[-24.412436646769603, 0, 345.05860399999193], [-39.986236329764225, 0, 337.75601200007856], [-12.16576689552198, 0, 278.47811200024637], [3.3979199311356805, 0, 285.78070400015974], [-24.412436646769603, 0, 345.05860399999193]]]}}, {"type": "Feature", "properties": {"addr:city": "\u0627\u0644\u0631\u064a\u0627\u0636", "addr:street": "\u0634\u0627\u0631\u0639 \u062d\u0648\u0637\u0629 \u0628\u0646\u064a \u062a\u0645\u064a\u0645", "building": "commercial", "id": "way/1300526096", "@id": "way/1300526096"}, "geometry": {"type": "Polygon", "coordinates": [[[-3.3574685029135782, 0, 355.8343800001535], [-23.12810381580766, 0, 346.672744000267], [4.490108480198326, 0, 287.0720160002216], [24.260743793092406, 0, 296.2336520001081], [-3.3574685029135782, 0, 355.8343800001535]]]}}, {"type": "Feature", "properties": {"addr:city": "Riyadh", "addr:street": "\u0648\u0627\u062f\u064a \u0627\u0644\u062b\u0645\u0627\u0645\u0629", "building": "yes", "id": "way/1300679423", "@id": "way/1300679423"}, "geometry": {"type": "Polygon", "coordinates": [[[513.9455024131236, 0, 105.94324400018536], [486.3475158312287, 0, 93.33068800031086], [495.9446170648268, 0, 72.32460400003433], [523.5426036467217, 0, 84.92602800017423], [513.9455024131236, 0, 105.94324400018536]]]}}, {"type": "Feature", "properties": {"addr:city": "\u0627\u0644\u0631\u064a\u0627\u0636", "addr:street": "\u0648\u0627\u062f\u064a \u0627\u0644\u062b\u0645\u0627\u0645\u0629", "building": "yes", "id": "way/1300679424", "@id": "way/1300679424"}, "geometry": {"type": "Polygon", "coordinates": [[[527.1124421456457, 0, 75.26345199997053], [501.5370269511433, 0, 63.29655200012695], [521.9447722506313, 0, 19.6813760002199], [547.5201874451336, 0, 31.648276000063476], [527.1124421456457, 0, 75.26345199997053]]]}}, {"type": "Feature", "properties": {"amenity": "parking_space", "id": "way/1300679425", "@id": "way/1300679425"}, "geometry": {"type": "Polygon", "coordinates": [[[474.3637803605505, 0, 19.74816800020946], [434.7618325938663, 0, 0.5232040001818916], [461.32830776831315, 0, -54.212839999964615], [500.94036839133435, 0, -34.976743999806956], [474.3637803605505, 0, 19.74816800020946]]]}}, {"type": "Feature", "properties": {"addr:city": "\u0627\u0644\u0631\u064a\u0627\u0636", "addr:street": "\u0627\u0644\u0645\u0644\u0643 \u0641\u0647\u062f", "building": "commercial", "id": "way/1300679426", "@id": "way/1300679426"}, "geometry": {"type": "Polygon", "coordinates": [[[333.15795894406534, 0, 23.811348000233608], [344.82819584961504, 0, -0.6679199998956165], [369.7665010575235, 0, 11.209924000093707], [366.9955782566448, 0, 17.020827999976547], [381.0726751133857, 0, 23.733424000113956], [385.0268021761082, 0, 22.152680000229168], [400.0848461557381, 0, -13.892735999806263], [421.2813942962158, 0, -46.576287999707944], [418.3082143563822, 0, -52.921527999902764], [399.48818759592916, 0, -63.018252000038615], [394.5328876969251, 0, -60.446760000045], [376.2387294968923, 0, -69.00726800002545], [383.49976077796936, 0, -84.52527599984137], [437.5226425376895, 0, -59.255635999967495], [439.8991639177141, 0, -51.93077999979394], [394.5328876969251, 0, 45.32950400016645], [389.5877006542581, 0, 47.31099999998861], [384.9458993203826, 0, 45.095732000202986], [383.63122791825407, 0, 47.86760000016528], [333.15795894406534, 0, 23.811348000233608]]]}}, {"type": "Feature", "properties": {"amenity": "cafe", "building": "yes", "cuisine": "coffee_shop", "id": "way/1300679428", "@id": "way/1300679428"}, "geometry": {"type": "Polygon", "coordinates": [[[363.92126974769315, 0, 1.959231999957467], [352.48362855154625, 0, -6.222787999950299], [366.72253111901983, 0, -26.115671999873484], [378.17028517222224, 0, -17.92251999983563], [363.92126974769315, 0, 1.959231999957467]]]}}, {"type": "Feature", "properties": {"building": "yes", "id": "way/1300692241", "@id": "way/1300692241"}, "geometry": {"type": "Polygon", "coordinates": [[[176.4390149862002, 0, 24.73530399995738], [171.66574651132137, 0, 22.57569600003123], [178.2188778071344, 0, 8.927863999923034], [182.85056628467294, 0, 11.054076000249893], [176.4390149862002, 0, 24.73530399995738]]]}}, {"type": "Feature", "properties": {"addr:city": "\u0627\u0644\u0631\u064a\u0627\u0636", "addr:street": "\u0634\u0627\u0631\u0639 \u062e\u0627\u0644\u062f \u0628\u0646 \u064a\u0632\u064a\u062f \u0628\u0646 \u0645\u0639\u0627\u0648\u064a\u0629", "building": "yes", "tourism": "hotel", "id": "way/1301246320", "@id": "way/1301246320"}, "geometry": {"type": "Polygon", "coordinates": [[[701.4479828887276, 0, 99.52008000026638], [672.6061149033743, 0, 86.79620400027744], [694.5813530277861, 0, 37.025032000014164], [723.4131081560839, 0, 49.7489080000031], [701.4479828887276, 0, 99.52008000026638]]]}}, {"type": "Feature", "properties": {"addr:city": "\u0627\u0644\u0631\u064a\u0627\u0636", "addr:street": "\u0637\u0631\u064a\u0642 \u0627\u0644\u0639\u0644\u064a\u0627 \u0627\u0644\u0639\u0627\u0645", "building": "yes", "id": "way/1301246321", "@id": "way/1301246321"}, "geometry": {"type": "Polygon", "coordinates": [[[663.9697350785541, 0, 105.19740000017009], [669.6025963923742, 0, 92.4067320001916], [697.7163386783524, 0, 104.77438399997254], [692.0935902215879, 0, 117.56505199995104], [663.9697350785541, 0, 105.19740000017009]]]}}, {"type": "Feature", "properties": {"addr:city": "\u0627\u0644\u0631\u064a\u0627\u0636", "addr:street": "\u0639\u0628\u062f\u0627\u0644\u0644\u0647 \u0628\u0646 \u0632\u0645\u0639\u0629", "building": "yes", "id": "way/1301246324", "@id": "way/1301246324"}, "geometry": {"type": "Polygon", "coordinates": [[[717.3555068509618, 0, 172.79090400028466], [688.5844288642785, 0, 159.86665199993155], [704.734661392971, 0, 123.88802800028117], [733.5057393796543, 0, 136.8122800002388], [717.3555068509618, 0, 172.79090400028466]]]}}, {"type": "Feature", "properties": {"addr:city": "\u0627\u0644\u0631\u064a\u0627\u0636", "addr:street": "\u0637\u0631\u064a\u0642 \u0627\u0644\u0639\u0644\u064a\u0627 \u0627\u0644\u0639\u0627\u0645", "building": "yes", "id": "way/1301246325", "@id": "way/1301246325"}, "geometry": {"type": "Polygon", "coordinates": [[[688.7158960045632, 0, 142.1445080000646], [655.8794495289839, 0, 127.79536000006601], [663.7978165107659, 0, 109.6724640002617], [696.6342629863452, 0, 124.03274399999489], [688.7158960045632, 0, 142.1445080000646]]]}}, {"type": "Feature", "properties": {"addr:city": "\u0627\u0644\u0631\u064a\u0627\u0636", "addr:street": "\u0637\u0631\u064a\u0642 \u0627\u0644\u0639\u0644\u064a\u0627 \u0627\u0644\u0639\u0627\u0645", "building": "yes", "id": "way/1301246326", "@id": "way/1301246326"}, "geometry": {"type": "Polygon", "coordinates": [[[669.2587592567977, 0, 177.81143600002736], [640.0528284217568, 0, 163.9298319999557], [647.9307439760353, 0, 147.3431520003068], [677.1366748110761, 0, 161.23588800011305], [669.2587592567977, 0, 177.81143600002736]]]}}, {"type": "Feature", "properties": {"addr:city": "\u0627\u0644\u0631\u064a\u0627\u0636", "addr:street": "\u0637\u0631\u064a\u0642 \u0627\u0644\u0639\u0644\u064a\u0627 \u0627\u0644\u0639\u0627\u0645", "building": "yes", "id": "way/1301246327", "@id": "way/1301246327"}, "geometry": {"type": "Polygon", "coordinates": [[[675.4680534163156, 0, 155.48064400008968], [647.455439700174, 0, 142.23356400031435], [653.7254110013066, 0, 128.96422000027883], [681.7481375745036, 0, 142.22243200018426], [675.4680534163156, 0, 155.48064400008968]]]}}, {"type": "Feature", "properties": {"building": "office", "id": "way/1301246328", "@id": "way/1301246328"}, "geometry": {"type": "Polygon", "coordinates": [[[669.7846278172179, 0, 221.9275520002516], [625.6318944294394, 0, 201.27769200018307], [627.3915315362625, 0, 197.50394399998186], [624.2666587427518, 0, 196.0456519999461], [626.1071987053006, 0, 192.12718800003117], [624.792527303172, 0, 191.50379600026042], [633.610938552836, 0, 172.63505600004535], [636.9481813416385, 0, 174.19353600006545], [638.8392855894649, 0, 170.15262000030148], [684.1044332411358, 0, 191.32568400015643], [682.8403261235663, 0, 194.01962799999907], [686.0562146298582, 0, 195.5224480001597], [684.003304671299, 0, 199.91958800013165], [686.4000517654347, 0, 201.0439200002196], [679.048004772295, 0, 216.7511720002696], [677.1670133815242, 0, 215.8717440002752], [675.7208748398294, 0, 218.95530799992514], [671.9892306301729, 0, 217.20758400006645], [669.7846278172179, 0, 221.9275520002516]]]}}, {"type": "Feature", "properties": {"addr:city": "riyadh", "addr:street": "\u0632\u0647\u064a\u0631 \u0631\u0633\u062a\u0645", "building": "house", "id": "way/1301246332", "@id": "way/1301246332"}, "geometry": {"type": "Polygon", "coordinates": [[[591.7538236886378, 0, 581.4243600000964], [574.096775476636, 0, 572.997436000095], [582.217399597373, 0, 555.9877400002486], [599.8643349530378, 0, 564.4035320001199], [591.7538236886378, 0, 581.4243600000964]]]}}, {"type": "Feature", "properties": {"addr:city": "riyadh", "addr:street": "\u0639\u0628\u062f\u0627\u0644\u0644\u0647 \u0628\u0646 \u0632\u0645\u0639\u0629", "building": "house", "id": "way/1301246333", "@id": "way/1301246333"}, "geometry": {"type": "Polygon", "coordinates": [[[570.2033255555281, 0, 573.1755480001991], [550.402351672186, 0, 563.8246680000784], [558.8162486439403, 0, 546.0023360002272], [578.6172225272824, 0, 555.3532159999522], [570.2033255555281, 0, 573.1755480001991]]]}}, {"type": "Feature", "properties": {"addr:city": "riyadh", "addr:street": "\u0632\u0647\u064a\u0631 \u0631\u0633\u062a\u0645", "building": "house", "id": "way/1301246334", "@id": "way/1301246334"}, "geometry": {"type": "Polygon", "coordinates": [[[599.8542220959822, 0, 559.3384720002523], [583.279249575269, 0, 552.1026719999329], [589.8121551569709, 0, 537.1523960000284], [606.3770148206286, 0, 544.3881959999521], [599.8542220959822, 0, 559.3384720002523]]]}}, {"type": "Feature", "properties": {"addr:city": "riyadh", "addr:street": "\u0639\u0628\u062f\u0627\u0644\u0644\u0647 \u0628\u0646 \u0632\u0645\u0639\u0629", "building": "house", "id": "way/1301246335", "@id": "way/1301246335"}, "geometry": {"type": "Polygon", "coordinates": [[[579.658846791786, 0, 550.8781520002561], [558.5128629358674, 0, 541.1376519999328], [564.9749785188992, 0, 527.1002000000174], [586.1209623748179, 0, 536.8406999999452], [579.658846791786, 0, 550.8781520002561]]]}}, {"type": "Feature", "properties": {"addr:city": "riyadh", "addr:street": "\u0632\u0647\u064a\u0631 \u0631\u0633\u062a\u0645", "building": "house", "id": "way/1301246336", "@id": "way/1301246336"}, "geometry": {"type": "Polygon", "coordinates": [[[610.5131733074763, 0, 541.3936880001564], [592.8662379518115, 0, 533.122611999999], [599.055306397937, 0, 519.9311920000831], [616.7022417536018, 0, 528.2022680002406], [610.5131733074763, 0, 541.3936880001564]]]}}, {"type": "Feature", "properties": {"addr:city": "riyadh", "addr:street": "\u0639\u0628\u062f\u0627\u0644\u0644\u0647 \u0628\u0646 \u0632\u0645\u0639\u0629", "building": "house", "id": "way/1301246337", "@id": "way/1301246337"}, "geometry": {"type": "Polygon", "coordinates": [[[590.5301679992905, 0, 533.1448760002592], [568.0391741707953, 0, 522.302308000108], [574.0563240484139, 0, 509.8456000000773], [596.5372050205722, 0, 520.699299999963], [590.5301679992905, 0, 533.1448760002592]]]}}, {"type": "Feature", "properties": {"addr:city": "riyadh", "addr:street": "\u0639\u0628\u062f\u0627\u0644\u0644\u0647 \u0628\u0646 \u0632\u0645\u0639\u0629", "building": "house", "id": "way/1301246338", "@id": "way/1301246338"}, "geometry": {"type": "Polygon", "coordinates": [[[599.7530935261454, 0, 514.2538720001794], [578.2834982487615, 0, 504.3352600001475], [584.1995195565434, 0, 491.53346000003893], [605.669114834646, 0, 501.45207200007076], [599.7530935261454, 0, 514.2538720001794]]]}}, {"type": "Feature", "properties": {"addr:city": "riyadh", "addr:street": "\u0632\u0647\u064a\u0631 \u0631\u0633\u062a\u0645", "building": "house", "id": "way/1301246339", "@id": "way/1301246339"}, "geometry": {"type": "Polygon", "coordinates": [[[617.5416088791505, 0, 522.5360800000715], [601.6441977739719, 0, 514.8327360002207], [608.3692476368547, 0, 500.97339600001374], [624.2666587427518, 0, 508.6878719999946], [617.5416088791505, 0, 522.5360800000715]]]}}, {"type": "Feature", "properties": {"addr:city": "riyadh", "addr:street": "\u0639\u0628\u062f\u0627\u0644\u0644\u0647 \u0628\u0646 \u0632\u0645\u0639\u0629", "building": "house", "id": "way/1301246340", "@id": "way/1301246340"}, "geometry": {"type": "Polygon", "coordinates": [[[608.1265390703962, 0, 496.91021599998965], [586.3737837983317, 0, 486.3793439999216], [593.149397946492, 0, 472.3752880000009], [614.9021532185566, 0, 482.91729200019904], [608.1265390703962, 0, 496.91021599998965]]]}}, {"type": "Feature", "properties": {"addr:city": "riyadh", "addr:street": "\u0632\u0647\u064a\u0631 \u0631\u0633\u062a\u0645", "building": "house", "id": "way/1301246341", "@id": "way/1301246341"}, "geometry": {"type": "Polygon", "coordinates": [[[625.743135855613, 0, 505.2146880001419], [608.7130847731496, 0, 497.21077999994264], [614.2852689453551, 0, 485.3552000002135], [631.3153200278185, 0, 493.3591080000173], [625.743135855613, 0, 505.2146880001419]]]}}, {"type": "Feature", "properties": {"amenity": "parking_space", "id": "way/1301246342", "@id": "way/1301246342"}, "geometry": {"type": "Polygon", "coordinates": [[[613.2133061096849, 0, 478.9654320002893], [591.0459237033738, 0, 469.01342400026266], [606.9231090951599, 0, 433.65819199998754], [629.1006043585267, 0, 443.62133200014426], [613.2133061096849, 0, 478.9654320002893]]]}}, {"type": "Feature", "properties": {"addr:city": "riyadh", "addr:street": "\u0632\u0647\u064a\u0631 \u0631\u0633\u062a\u0645", "building": "house", "id": "way/1301246343", "@id": "way/1301246343"}, "geometry": {"type": "Polygon", "coordinates": [[[633.6311642662284, 0, 486.2680240002027], [619.0989888477375, 0, 479.36618400022667], [624.3071101702553, 0, 468.4011640002265], [638.8392855894649, 0, 475.29187200007243], [633.6311642662284, 0, 486.2680240002027]]]}}, {"type": "Feature", "properties": {"addr:city": "riyadh", "addr:street": "\u0632\u0647\u064a\u0631 \u0631\u0633\u062a\u0645", "building": "house", "id": "way/1301246344", "@id": "way/1301246344"}, "geometry": {"type": "Polygon", "coordinates": [[[643.0563469320383, 0, 471.41793600028234], [623.8318058943942, 0, 462.34535600025015], [631.5479157372213, 0, 445.9813160000391], [650.7825696319211, 0, 455.06502800020144], [643.0563469320383, 0, 471.41793600028234]]]}}, {"type": "Feature", "properties": {"addr:city": "\u0627\u0644\u0631\u064a\u0627\u0636", "addr:street": "\u0632\u0647\u064a\u0631 \u0631\u0633\u062a\u0645", "building": "apartments", "id": "way/1301246345", "@id": "way/1301246345"}, "geometry": {"type": "Polygon", "coordinates": [[[651.662388185692, 0, 451.95920000029133], [635.0975285227528, 0, 444.14453599993067], [642.6316069407362, 0, 428.1701159999224], [659.2065794607308, 0, 435.9959120000177], [651.662388185692, 0, 451.95920000029133]]]}}, {"type": "Feature", "properties": {"addr:city": "\u0627\u0644\u0631\u064a\u0627\u0636", "addr:street": "\u0639\u0628\u062f\u0627\u0644\u0644\u0647 \u0628\u0646 \u0632\u0645\u0639\u0629", "building": "apartments", "id": "way/1301246346", "@id": "way/1301246346"}, "geometry": {"type": "Polygon", "coordinates": [[[632.8726999964053, 0, 441.2836120001141], [615.4684732071989, 0, 433.2463080003156], [621.6069773680467, 0, 419.9547000000199], [639.0112041572532, 0, 427.9920040002139], [632.8726999964053, 0, 441.2836120001141]]]}}, {"type": "Feature", "properties": {"addr:city": "\u0627\u0644\u0631\u064a\u0627\u0636", "addr:street": "\u0632\u0647\u064a\u0631 \u0631\u0633\u062a\u0645", "building": "apartments", "id": "way/1301252674", "@id": "way/1301252674"}, "geometry": {"type": "Polygon", "coordinates": [[[661.0673451373907, 0, 433.4021560001594], [644.138422624764, 0, 425.68768000017855], [644.74519404091, 0, 424.57448000022066], [649.1139482378791, 0, 426.9678600001103], [651.0960681970495, 0, 423.34996000014837], [648.6184182479068, 0, 421.99185600009696], [652.5219810253517, 0, 414.8562440001575], [650.4690710675111, 0, 413.7430440001997], [652.30961103006, 0, 410.3811800000659], [667.6103635761482, 0, 418.7524440002078], [665.5068893330299, 0, 422.6041160001331], [669.2992106843012, 0, 424.6857999999396], [666.6496421666517, 0, 429.51708800023926], [660.9662165682726, 0, 426.41125999993363], [659.4897394554113, 0, 429.10520400017174], [662.3415651120157, 0, 430.6636840001919], [661.0673451373907, 0, 433.4021560001594]]]}}, {"type": "Feature", "properties": {"addr:city": "\u0627\u0644\u0631\u064a\u0627\u0636", "addr:street": "\u0633\u064a\u062f\u0629 \u0627\u0644\u0631\u0624\u0633\u0627\u0621", "building": "house", "id": "way/1301252675", "@id": "way/1301252675"}, "geometry": {"type": "Polygon", "coordinates": [[[637.1504384805934, 0, 581.8028480001691], [626.6229544086654, 0, 603.6772280003099], [601.5936334886943, 0, 591.6435360000812], [612.1312304176778, 0, 569.7580240002059], [637.1504384805934, 0, 581.8028480001691]]]}}, {"type": "Feature", "properties": {"addr:city": "\u0627\u0644\u0631\u064a\u0627\u0636", "addr:street": "\u0645\u0627\u0644\u0643 \u0628\u0646 \u062e\u0644\u0641", "building": "house", "id": "way/1301252676", "@id": "way/1301252676"}, "geometry": {"type": "Polygon", "coordinates": [[[639.4561698626663, 0, 579.8213519999514], [613.2234189667405, 0, 568.0436959999464], [621.0507702364599, 0, 550.6109840002979], [647.2835211316673, 0, 562.3886400003029], [639.4561698626663, 0, 579.8213519999514]]]}}, {"type": "Feature", "properties": {"addr:city": "\u0627\u0644\u0631\u064a\u0627\u0636", "addr:street": "\u0645\u0627\u0644\u0643 \u0628\u0646 \u062e\u0644\u0641", "building": "house", "id": "way/1301252677", "@id": "way/1301252677"}, "geometry": {"type": "Polygon", "coordinates": [[[648.0419854022089, 0, 560.5518600001944], [623.1845830500262, 0, 548.5626960000907], [630.7186614687281, 0, 532.955632000025], [655.5760638209109, 0, 544.9559280002588], [648.0419854022089, 0, 560.5518600001944]]]}}, {"type": "Feature", "properties": {"amenity": "parking_space", "id": "way/1301252678", "@id": "way/1301252678"}, "geometry": {"type": "Polygon", "coordinates": [[[737.6823492947241, 0, 653.7489640001307], [677.8445747963402, 0, 626.3976400000548], [705.5639156621828, 0, 565.7505040000411], [765.4118030169037, 0, 593.0906959999869], [737.6823492947241, 0, 653.7489640001307]]]}}, {"type": "Feature", "properties": {"addr:city": "\u0627\u0644\u0631\u064a\u0627\u0636", "addr:street": "\u0627\u0644\u0623\u0645\u064a\u0631 \u0641\u064a\u0635\u0644 \u0628\u0646 \u0633\u0639\u062f \u0628\u0646 \u0639\u0628\u062f\u0627\u0644\u0631\u062d\u0645\u0646", "building": "yes", "name": "\u0645\u0624\u0633\u0633\u0629 \u0627\u064a\u0643\u0648 \u0644\u0644\u0639\u0648\u0627\u0632\u0644", "id": "way/1301252679", "@id": "way/1301252679"}, "geometry": {"type": "Polygon", "coordinates": [[[767.1006501257754, 0, 590.719579999962], [707.1212956300512, 0, 562.9229760002194], [776.6674127882069, 0, 412.8302200002105], [836.6771058543791, 0, 440.6379560000832], [767.1006501257754, 0, 590.719579999962]]]}}, {"type": "Feature", "properties": {"addr:city": "\u0627\u0644\u0631\u064a\u0627\u0636", "addr:street": "\u0639\u0628\u062f\u0627\u0644\u0644\u0647 \u0628\u0646 \u0632\u0645\u0639\u0629", "building": "house", "id": "way/1301270645", "@id": "way/1301270645"}, "geometry": {"type": "Polygon", "coordinates": [[[734.7496207831127, 0, 228.3284520003059], [706.1909127917213, 0, 214.55816799995318], [715.3531611769616, 0, 195.5447120000244], [743.9118691683531, 0, 209.30386400024702], [734.7496207831127, 0, 228.3284520003059]]]}}, {"type": "Feature", "properties": {"addr:city": "\u0627\u0644\u0631\u064a\u0627\u0636", "addr:street": "\u0623\u0628\u064a \u0627\u0644\u0642\u0627\u0633\u0645 \u0627\u0644\u0634\u0627\u0637\u0628\u064a", "building": "house", "id": "way/1301270650", "@id": "way/1301270650"}, "geometry": {"type": "Polygon", "coordinates": [[[712.228288383451, 0, 242.8445800002784], [695.3802687258313, 0, 234.87406800007392], [703.9863099794849, 0, 216.70664400014473], [720.824216780049, 0, 224.67715599995373], [712.228288383451, 0, 242.8445800002784]]]}}, {"type": "Feature", "properties": {"addr:city": "\u0627\u0644\u0631\u064a\u0627\u0636", "addr:street": "\u0627\u0628\u0646 \u0639\u0642\u064a\u0644", "building": "house", "id": "way/1301270652", "@id": "way/1301270652"}, "geometry": {"type": "Polygon", "coordinates": [[[723.6355910091498, 0, 295.0870560001555], [677.6018662298818, 0, 274.4817240002118], [690.232824544928, 0, 246.23984000001144], [736.276662180533, 0, 266.8340400002205], [723.6355910091498, 0, 295.0870560001555]]]}}, {"type": "Feature", "properties": {"addr:city": "\u0627\u0644\u0631\u064a\u0627\u0636", "addr:street": "\u0632\u0647\u064a\u0631 \u0631\u0633\u062a\u0645", "building": "house", "id": "way/1301270653", "@id": "way/1301270653"}, "geometry": {"type": "Polygon", "coordinates": [[[707.4044556247317, 0, 332.41265200012265], [688.5136388656084, 0, 323.6629000003036], [700.9423400416998, 0, 296.8347800000141], [719.84326965716, 0, 305.5956639999633], [707.4044556247317, 0, 332.41265200012265]]]}}, {"type": "Feature", "properties": {"addr:city": "\u0627\u0644\u0631\u064a\u0627\u0636", "addr:street": "\u0627\u0644\u0643\u0631", "building": "house", "id": "way/1301270654", "@id": "way/1301270654"}, "geometry": {"type": "Polygon", "coordinates": [[[686.5112931916084, 0, 322.3270600001169], [662.1291951160053, 0, 311.5624160000854], [674.0421405880135, 0, 284.55618400008746], [698.4343515213906, 0, 295.3208280001189], [686.5112931916084, 0, 322.3270600001169]]]}}, {"type": "Feature", "properties": {"addr:city": "\u0627\u0644\u0631\u064a\u0627\u0636", "addr:street": "\u0645\u0627\u0644\u0643 \u0628\u0646 \u062e\u0644\u0641", "building": "house", "id": "way/1301270655", "@id": "way/1301270655"}, "geometry": {"type": "Polygon", "coordinates": [[[654.9895181181574, 0, 541.159916000193], [630.647871470058, 0, 529.9611240002293], [637.4133727611628, 0, 515.278016000283], [661.7449065522068, 0, 526.4879399999812], [654.9895181181574, 0, 541.159916000193]]]}}, {"type": "Feature", "properties": {"addr:city": "\u0627\u0644\u0631\u064a\u0627\u0636", "addr:street": "\u0632\u0647\u064a\u0631 \u0631\u0633\u062a\u0645", "building": "house", "id": "way/1301270656", "@id": "way/1301270656"}, "geometry": {"type": "Polygon", "coordinates": [[[696.1892972809321, 0, 362.0126399999789], [674.1432691578501, 0, 352.59496800026426], [682.4964889879898, 0, 333.04717600002346], [704.5425171110718, 0, 342.46484800013366], [696.1892972809321, 0, 362.0126399999789]]]}}, {"type": "Feature", "properties": {"addr:city": "\u0627\u0644\u0631\u064a\u0627\u0636", "addr:street": "\u0627\u0644\u0643\u0631", "building": "house", "id": "way/1301270657", "@id": "way/1301270657"}, "geometry": {"type": "Polygon", "coordinates": [[[672.9499520389508, 0, 352.20534800006146], [648.7094339599694, 0, 341.54089200001437], [657.0828795042202, 0, 322.5163039999555], [681.3233975832015, 0, 333.1807600000026], [672.9499520389508, 0, 352.20534800006146]]]}}, {"type": "Feature", "properties": {"addr:city": "\u0627\u0644\u0631\u064a\u0627\u0636", "addr:street": "\u0632\u0647\u064a\u0631 \u0631\u0633\u062a\u0645", "building": "house", "id": "way/1301271145", "@id": "way/1301271145"}, "geometry": {"type": "Polygon", "coordinates": [[[687.6843845963966, 0, 378.72177200026783], [670.128464953513, 0, 370.53975199996455], [677.0355462419581, 0, 355.7341920001692], [694.5813530277861, 0, 363.91621200007694], [687.6843845963966, 0, 378.72177200026783]]]}}, {"type": "Feature", "properties": {"addr:city": "\u0627\u0644\u0631\u064a\u0627\u0636", "addr:street": "\u0639\u0628\u062f\u0627\u0644\u0644\u0647 \u0628\u0646 \u0632\u0645\u0639\u0629", "building": "house", "id": "way/1301271146", "@id": "way/1301271146"}, "geometry": {"type": "Polygon", "coordinates": [[[666.5990778820926, 0, 368.82542400010067], [641.1045655433159, 0, 357.3483320000487], [647.6880354095769, 0, 342.74314800022194], [673.1825477483536, 0, 354.2313720000085], [666.5990778820926, 0, 368.82542400010067]]]}}, {"type": "Feature", "properties": {"addr:city": "\u0627\u0644\u0631\u064a\u0627\u0636", "addr:street": "\u0632\u0647\u064a\u0631 \u0631\u0633\u062a\u0645", "building": "house", "id": "way/1301271147", "@id": "way/1301271147"}, "geometry": {"type": "Polygon", "coordinates": [[[677.723220513111, 0, 396.12108799992154], [659.8133508775953, 0, 387.8166160001648], [667.2665264398531, 0, 371.7197440003075], [685.1865089331428, 0, 380.02421600006426], [677.723220513111, 0, 396.12108799992154]]]}}, {"type": "Feature", "properties": {"addr:city": "\u0627\u0644\u0631\u064a\u0627\u0636", "addr:street": "\u0632\u0647\u064a\u0631 \u0631\u0633\u062a\u0645", "building": "house", "id": "way/1301271148", "@id": "way/1301271148"}, "geometry": {"type": "Polygon", "coordinates": [[[668.2879249909641, 0, 416.6151000001463], [649.7813967956396, 0, 407.7540280002128], [657.9020209163764, 0, 390.81112399996044], [676.3984362546455, 0, 399.683328000024], [668.2879249909641, 0, 416.6151000001463]]]}}, {"type": "Feature", "properties": {"addr:city": "\u0627\u0644\u0631\u064a\u0627\u0636", "addr:street": "\u0639\u0628\u062f\u0627\u0644\u0644\u0647 \u0628\u0646 \u0632\u0645\u0639\u0629", "building": "house", "id": "way/1301271149", "@id": "way/1301271149"}, "geometry": {"type": "Polygon", "coordinates": [[[641.7214498165173, 0, 423.6059959999766], [622.8508587715052, 0, 415.5798240003081], [628.9286857907383, 0, 401.2974680002991], [647.7992768357506, 0, 409.3125080002329], [641.7214498165173, 0, 423.6059959999766]]]}}, {"type": "Feature", "properties": {"addr:city": "\u0627\u0644\u0631\u064a\u0627\u0636", "addr:street": "\u0639\u0628\u062f\u0627\u0644\u0644\u0647 \u0628\u0646 \u0632\u0645\u0639\u0629", "building": "house", "id": "way/1301271150", "@id": "way/1301271150"}, "geometry": {"type": "Polygon", "coordinates": [[[648.0925496867679, 0, 404.24744799996984], [642.2978826614966, 0, 402.09897200017383], [640.3461012727741, 0, 403.06745600002245], [637.6864198980692, 0, 401.82067200008544], [638.5257870243364, 0, 398.9597480002689], [632.0737842983601, 0, 396.2435400001661], [636.7964884879614, 0, 386.4028520002539], [644.8867740375316, 0, 390.1877320001897], [643.2889426414412, 0, 393.59412400005283], [646.5250568618442, 0, 395.1192080000782], [648.9116910989243, 0, 390.0207520002158], [654.9187281194874, 0, 392.2026240000066], [648.0925496867679, 0, 404.24744799996984]]]}}, {"type": "Feature", "properties": {"addr:city": "\u0627\u0644\u0631\u064a\u0627\u0636", "addr:street": "\u0639\u0628\u062f\u0627\u0644\u0644\u0647 \u0628\u0646 \u0632\u0645\u0639\u0629", "building": "house", "id": "way/1301271151", "@id": "way/1301271151"}, "geometry": {"type": "Polygon", "coordinates": [[[657.4671680680187, 0, 386.5475679999676], [649.4982368009591, 0, 382.5177839999383], [652.4410781703447, 0, 376.6957479999253], [644.9474511791461, 0, 372.9108679999895], [648.0824368297125, 0, 366.7103440002994], [663.544995087252, 0, 374.52500800026456], [657.4671680680187, 0, 386.5475679999676]]]}}, {"type": "Feature", "properties": {"addr:city": "\u0627\u0644\u0631\u064a\u0627\u0636", "addr:street": "\u0645\u0627\u0644\u0643 \u0628\u0646 \u062e\u0644\u0641", "building": "house", "id": "way/1301276061", "@id": "way/1301276061"}, "geometry": {"type": "Polygon", "coordinates": [[[664.1821050745644, 0, 522.0685360001446], [641.2967098252152, 0, 512.4393559999356], [647.0306997088719, 0, 498.82492000021773], [669.9160949575027, 0, 508.45410000003113], [664.1821050745644, 0, 522.0685360001446]]]}}, {"type": "Feature", "properties": {"addr:city": "\u0627\u0644\u0631\u064a\u0627\u0636", "addr:street": "\u0645\u0627\u0644\u0643 \u0628\u0646 \u062e\u0644\u0641", "building": "house", "id": "way/1301276062", "@id": "way/1301276062"}, "geometry": {"type": "Polygon", "coordinates": [[[645.6553511651288, 0, 494.9064560003028], [654.0995867080496, 0, 476.5163920001447], [680.312111889146, 0, 488.55008399997786], [671.8678763469436, 0, 506.951280000266], [645.6553511651288, 0, 494.9064560003028]]]}}, {"type": "Feature", "properties": {"addr:city": "\u0627\u0644\u0631\u064a\u0627\u0636", "addr:street": "\u0645\u0627\u0644\u0643 \u0628\u0646 \u062e\u0644\u0641", "building": "house", "id": "way/1301276063", "@id": "way/1301276063"}, "geometry": {"type": "Polygon", "coordinates": [[[683.2347275444204, 0, 487.0361320000826], [655.9097880994318, 0, 474.55716000018725], [662.584273678474, 0, 459.95197599996504], [689.8991002656885, 0, 472.43094800025585], [683.2347275444204, 0, 487.0361320000826]]]}}, {"type": "Feature", "properties": {"addr:city": "\u0627\u0644\u0631\u064a\u0627\u0636", "addr:street": "\u0645\u0627\u0644\u0643 \u0628\u0646 \u062e\u0644\u0641", "building": "house", "id": "way/1301276064", "@id": "way/1301276064"}, "geometry": {"type": "Polygon", "coordinates": [[[686.1270046285283, 0, 469.43644000006475], [663.1505936663979, 0, 458.36009999995014], [671.13975064685, 0, 441.806816000296], [694.1161616089804, 0, 452.8831560000151], [686.1270046285283, 0, 469.43644000006475]]]}}, {"type": "Feature", "properties": {"addr:city": "\u0627\u0644\u0631\u064a\u0627\u0636", "addr:street": "\u0645\u0627\u0644\u0643 \u0628\u0646 \u062e\u0644\u0641", "building": "house", "id": "way/1301276065", "@id": "way/1301276065"}, "geometry": {"type": "Polygon", "coordinates": [[[699.061348650929, 0, 451.7254279999324], [672.0499077717874, 0, 439.5692840002502], [678.400781927927, 0, 425.45390800021505], [705.4122228077871, 0, 437.61005200029274], [699.061348650929, 0, 451.7254279999324]]]}}, {"type": "Feature", "properties": {"addr:city": "\u0627\u0644\u0631\u064a\u0627\u0636", "addr:street": "\u0645\u0627\u0644\u0643 \u0628\u0646 \u062e\u0644\u0641", "building": "house", "id": "way/1301276066", "@id": "way/1301276066"}, "geometry": {"type": "Polygon", "coordinates": [[[707.6572770482455, 0, 432.4559360001754], [680.6458361683855, 0, 421.4352560003158], [686.1270046285283, 0, 407.99893200030635], [713.1384455076699, 0, 419.03074400029607], [707.6572770482455, 0, 432.4559360001754]]]}}, {"type": "Feature", "properties": {"addr:city": "\u0627\u0644\u0631\u064a\u0627\u0636", "addr:street": "\u0645\u0627\u0644\u0643 \u0628\u0646 \u062e\u0644\u0641", "building": "house", "id": "way/1301276067", "@id": "way/1301276067"}, "geometry": {"type": "Polygon", "coordinates": [[[714.0182640614407, 0, 414.83398000029285], [691.9115587967441, 0, 404.5480119999229], [699.1624772207656, 0, 388.9520799999873], [712.0462569586072, 0, 394.94109599997415], [710.5293284182424, 0, 398.21390400025365], [713.5935240701385, 0, 399.6388000002946], [715.1205654675589, 0, 396.3548600002805], [721.2792953425177, 0, 399.2157840000971], [714.0182640614407, 0, 414.83398000029285]]]}}, {"type": "Feature", "properties": {"addr:city": "\u0627\u0644\u0631\u064a\u0627\u0636", "addr:street": "\u0645\u0627\u0644\u0643 \u0628\u0646 \u062e\u0644\u0641", "building": "house", "id": "way/1301276068", "@id": "way/1301276068"}, "geometry": {"type": "Polygon", "coordinates": [[[723.4029952990284, 0, 396.5775000001139], [696.6039244151787, 0, 383.9872080001041], [703.5008928465681, 0, 369.3041000001577], [730.2999637304179, 0, 381.9055240002976], [723.4029952990284, 0, 396.5775000001139]]]}}, {"type": "Feature", "properties": {"addr:city": "\u0627\u0644\u0631\u064a\u0627\u0636", "addr:street": "\u0633\u064a\u062f\u0629 \u0627\u0644\u0631\u0624\u0633\u0627\u0621", "building": "house", "id": "way/1301276070", "@id": "way/1301276070"}, "geometry": {"type": "Polygon", "coordinates": [[[664.4753779255819, 0, 620.4642839999275], [635.8155413650724, 0, 607.072488000043], [646.0093011577608, 0, 585.242636000027], [674.6792505753259, 0, 598.634432000307], [664.4753779255819, 0, 620.4642839999275]]]}}, {"type": "Feature", "properties": {"addr:city": "\u0627\u0644\u0631\u064a\u0627\u0636", "addr:street": "\u0627\u0628\u0646 \u0635\u0646\u0639\u064a\u0646", "building": "house", "id": "way/1301276071", "@id": "way/1301276071"}, "geometry": {"type": "Polygon", "coordinates": [[[675.4781662733711, 0, 596.9757640003025], [647.4251011290074, 0, 584.4522640002823], [655.8187723873692, 0, 565.6391839999267], [683.8718375310143, 0, 578.1515520002124], [675.4781662733711, 0, 596.9757640003025]]]}}, {"type": "Feature", "properties": {"addr:city": "\u0627\u0644\u0631\u064a\u0627\u0636", "addr:street": "\u0637\u0631\u064a\u0642 \u0627\u0644\u0639\u0644\u064a\u0627 \u0627\u0644\u0639\u0627\u0645", "building": "yes", "id": "way/1301276072", "@id": "way/1301276072"}, "geometry": {"type": "Polygon", "coordinates": [[[632.336718578211, 0, 306.809052000301], [582.5511238758938, 0, 283.09789200005173], [598.3777449831209, 0, 249.88000400023353], [648.7094339599694, 0, 273.83606800018083], [641.5899826762326, 0, 288.7863440000855], [630.041100053912, 0, 283.2871360002858], [627.8263843846202, 0, 287.951444000216], [638.8190598753539, 0, 293.18348400005743], [632.336718578211, 0, 306.809052000301]]]}}, {"type": "Feature", "properties": {"addr:city": "\u0627\u0644\u0631\u064a\u0627\u0636", "addr:street": "\u0637\u0631\u064a\u0642 \u0627\u0644\u0639\u0644\u064a\u0627 \u0627\u0644\u0639\u0627\u0645", "building": "yes", "id": "way/1301276073", "@id": "way/1301276073"}, "geometry": {"type": "Polygon", "coordinates": [[[624.1048530313005, 0, 325.54420800014145], [574.1877911886986, 0, 301.91097200001184], [579.7599753616227, 0, 290.13331600000686], [629.68715006128, 0, 313.76655200013647], [624.1048530313005, 0, 325.54420800014145]]]}}, {"type": "Feature", "properties": {"addr:city": "\u0627\u0644\u0631\u064a\u0627\u0636", "addr:street": "\u0637\u0631\u064a\u0642 \u0627\u0644\u0639\u0644\u064a\u0627 \u0627\u0644\u0639\u0627\u0645", "building": "yes", "id": "way/1301276074", "@id": "way/1301276074"}, "geometry": {"type": "Polygon", "coordinates": [[[556.338598694079, 0, 340.7727840001344], [568.5549298748787, 0, 312.53089999993404], [617.9865745845638, 0, 333.9043400001532], [605.7803562608196, 0, 362.146223999958], [556.338598694079, 0, 340.7727840001344]]]}}, {"type": "Feature", "properties": {"addr:city": "\u0627\u0644\u0631\u064a\u0627\u0636", "addr:street": "\u0637\u0631\u064a\u0642 \u0627\u0644\u0639\u0644\u064a\u0627 \u0627\u0644\u0639\u0627\u0645", "building": "yes", "building:levels": "24", "id": "way/1301276075", "@id": "way/1301276075"}, "geometry": {"type": "Polygon", "coordinates": [[[584.6647109760676, 0, 372.98879200010913], [549.421404549297, 0, 357.37059600030886], [554.1744473100648, 0, 346.65048000000684], [589.4177537361168, 0, 362.27980799993713], [584.6647109760676, 0, 372.98879200010913]]]}}, {"type": "Feature", "properties": {"addr:city": "\u0627\u0644\u0631\u064a\u0627\u0636", "addr:street": "\u0637\u0631\u064a\u0642 \u0627\u0644\u0639\u0644\u064a\u0627 \u0627\u0644\u0639\u0627\u0645", "building": "yes", "id": "way/1301276076", "@id": "way/1301276076"}, "geometry": {"type": "Polygon", "coordinates": [[[586.242316658047, 0, 459.82952400011595], [530.9856663526425, 0, 434.070076000055], [536.5881890960145, 0, 422.0586480000866], [591.844839401419, 0, 447.80696400001744], [586.242316658047, 0, 459.82952400011595]]]}}, {"type": "Feature", "properties": {"addr:city": "\u0627\u0644\u0631\u064a\u0627\u0636", "addr:street": "\u0637\u0631\u064a\u0642 \u0627\u0644\u0639\u0644\u064a\u0627 \u0627\u0644\u0639\u0627\u0645", "building": "yes", "id": "way/1301276077", "@id": "way/1301276077"}, "geometry": {"type": "Polygon", "coordinates": [[[562.7299242791593, 0, 411.2272120000655], [530.1968635116529, 0, 398.3474880002328], [545.6088574839148, 0, 361.24453200009896], [578.1419182514212, 0, 375.1372680003007], [562.7299242791593, 0, 411.2272120000655]]]}}, {"type": "Feature", "properties": {"addr:city": "\u0627\u0644\u0631\u064a\u0627\u0636", "addr:street": "\u0627\u0628\u0646 \u0635\u0646\u0639\u064a\u0646", "building": "house", "id": "way/1301280609", "@id": "way/1301280609"}, "geometry": {"type": "Polygon", "coordinates": [[[736.1856464684704, 0, 467.00966400018035], [706.8381356360893, 0, 453.39522800006694], [715.8284654535414, 0, 434.02554799993015], [745.175976285204, 0, 447.63998400004357], [736.1856464684704, 0, 467.00966400018035]]]}}, {"type": "Feature", "properties": {"addr:city": "\u0627\u0644\u0631\u064a\u0627\u0636", "addr:street": "\u0627\u0628\u0646 \u0635\u0646\u0639\u064a\u0646", "building": "house", "id": "way/1301280610", "@id": "way/1301280610"}, "geometry": {"type": "Polygon", "coordinates": [[[727.9335552074489, 0, 485.19935199997417], [699.6782329241304, 0, 472.08585600017796], [707.5561484784089, 0, 455.1429519999256], [735.8013579046718, 0, 468.2675800002474], [727.9335552074489, 0, 485.19935199997417]]]}}, {"type": "Feature", "properties": {"addr:city": "\u0627\u0644\u0631\u064a\u0627\u0636", "addr:street": "\u0627\u0628\u0646 \u0635\u0646\u0639\u064a\u0646", "building": "house", "id": "way/1301280611", "@id": "way/1301280611"}, "geometry": {"type": "Polygon", "coordinates": [[[720.5410567860871, 0, 501.2850920000969], [692.8925059196331, 0, 488.41649999999873], [699.5265400704532, 0, 474.1452760001198], [727.1750909369072, 0, 487.00273600008785], [720.5410567860871, 0, 501.2850920000969]]]}}, {"type": "Feature", "properties": {"addr:city": "\u0627\u0644\u0631\u064a\u0627\u0636", "addr:street": "\u0627\u0628\u0646 \u0635\u0646\u0639\u064a\u0646", "building": "house", "id": "way/1301280612", "@id": "way/1301280612"}, "geometry": {"type": "Polygon", "coordinates": [[[704.0166485506516, 0, 539.1004960002512], [674.8410562860586, 0, 526.0649240001792], [682.7796489819517, 0, 508.3093839999219], [711.9552412465446, 0, 521.344955999994], [704.0166485506516, 0, 539.1004960002512]]]}}, {"type": "Feature", "properties": {"addr:city": "\u0627\u0644\u0631\u064a\u0627\u0636", "addr:street": "\u0627\u0628\u0646 \u0635\u0646\u0639\u064a\u0646", "building": "house", "id": "way/1301280613", "@id": "way/1301280613"}, "geometry": {"type": "Polygon", "coordinates": [[[711.5001626840758, 0, 519.753079999979], [683.4673232538232, 0, 507.18505200022946], [690.9306116738551, 0, 490.5315800001955], [718.9634511041077, 0, 503.09960799994514], [711.5001626840758, 0, 519.753079999979]]]}}, {"type": "Feature", "properties": {"addr:city": "\u0627\u0644\u0631\u064a\u0627\u0636", "addr:street": "\u0645\u0627\u0644\u0643 \u0628\u0646 \u062e\u0644\u0641", "building": "house", "id": "way/1301280614", "@id": "way/1301280614"}, "geometry": {"type": "Polygon", "coordinates": [[[673.5668363121522, 0, 570.7153759999244], [662.9887879556651, 0, 566.084463999989], [669.9666592420617, 0, 550.1657040002357], [680.5447075985488, 0, 554.7966160001711], [673.5668363121522, 0, 570.7153759999244]]]}}, {"type": "Feature", "properties": {"addr:city": "\u0627\u0644\u0631\u064a\u0627\u0636", "addr:street": "\u0645\u0627\u0644\u0643 \u0628\u0646 \u062e\u0644\u0641", "building": "house", "id": "way/1301280615", "@id": "way/1301280615"}, "geometry": {"type": "Polygon", "coordinates": [[[676.9141919587288, 0, 549.3975959999602], [671.6959577784369, 0, 547.0932719999248], [678.6131519239374, 0, 531.4194160002651], [689.0799588542508, 0, 536.0280639999404], [686.7034374735076, 0, 541.4270840001512], [687.1686288930318, 0, 543.5421639999525], [684.8628975109589, 0, 548.7742040001895], [678.4412333561492, 0, 545.9466759999723], [676.9141919587288, 0, 549.3975959999602]]]}}, {"type": "Feature", "properties": {"addr:city": "\u0627\u0644\u0631\u064a\u0627\u0636", "addr:street": "\u0627\u0628\u0646 \u0635\u0646\u0639\u064a\u0646", "building": "house", "id": "way/1301280616", "@id": "way/1301280616"}, "geometry": {"type": "Polygon", "coordinates": [[[685.3584275009312, 0, 576.314772000104], [676.2366305439128, 0, 572.0623480002412], [678.8659733474512, 0, 566.4295560000669], [682.8504389806218, 0, 568.28860000004], [683.8414989605664, 0, 566.1512559999785], [680.9795604469065, 0, 564.8154160001873], [683.1740504028058, 0, 560.1065800001322], [686.9360331836291, 0, 560.8078960000227], [688.4833002944418, 0, 557.4905600000137], [693.125101629036, 0, 559.6501679999399], [685.3584275009312, 0, 576.314772000104]]]}}, {"type": "Feature", "properties": {"addr:city": "\u0627\u0644\u0631\u064a\u0627\u0636", "addr:street": "\u0627\u0628\u0646 \u0635\u0646\u0639\u064a\u0646", "building": "house", "id": "way/1301280617", "@id": "way/1301280617"}, "geometry": {"type": "Polygon", "coordinates": [[[699.2636057898837, 0, 549.186088000257], [695.7443315755189, 0, 547.6610040002316], [693.6610830465117, 0, 551.8466360001048], [688.0484474460842, 0, 548.7074120002], [694.6116915989527, 0, 536.9631520001897], [703.7233756996341, 0, 541.805572000224], [699.2636057898837, 0, 549.186088000257]]]}}, {"type": "Feature", "properties": {"addr:city": "\u0627\u0644\u0631\u064a\u0627\u0636", "addr:street": "\u0633\u064a\u062f\u0629 \u0627\u0644\u0631\u0624\u0633\u0627\u0621", "building": "yes", "id": "way/1301280618", "@id": "way/1301280618"}, "geometry": {"type": "Polygon", "coordinates": [[[675.7512134102775, 0, 668.6324480000458], [659.9144794467135, 0, 661.875324000179], [667.0035921600022, 0, 645.2886440001346], [682.8403261235663, 0, 652.0569000001315], [675.7512134102775, 0, 668.6324480000458]]]}}, {"type": "Feature", "properties": {"addr:city": "\u0627\u0644\u0631\u064a\u0627\u0636", "addr:street": "\u0627\u0644\u0639\u0631\u0648\u0628\u0629", "building": "yes", "id": "way/1301280619", "@id": "way/1301280619"}, "geometry": {"type": "Polygon", "coordinates": [[[664.1012022188388, 0, 698.6331880002349], [650.2263625010528, 0, 692.031912000212], [662.3213393979046, 0, 666.6175560002289], [676.1961791156907, 0, 673.2299639999865], [664.1012022188388, 0, 698.6331880002349]]]}}, {"type": "Feature", "properties": {"addr:city": "\u0627\u0644\u0631\u064a\u0627\u0636", "addr:street": "\u0633\u064a\u062f\u0629 \u0627\u0644\u0631\u0624\u0633\u0627\u0621", "building": "yes", "id": "way/1301280620", "@id": "way/1301280620"}, "geometry": {"type": "Polygon", "coordinates": [[[671.8982149173917, 0, 701.4495839999266], [665.1630521974535, 0, 698.0877200001884], [677.2479162372498, 0, 673.831092000288], [677.1063362399095, 0, 670.7809240002373], [678.8457476333402, 0, 664.9811520000891], [682.7695361248961, 0, 664.1017240000947], [680.4435790294307, 0, 661.6415520002156], [680.7975290220627, 0, 659.2815679999252], [685.8135060633998, 0, 660.0385440000706], [685.0449289358027, 0, 656.821396000046], [692.2048316477616, 0, 655.1070680001822], [700.6187286195158, 0, 658.3019519999465], [704.2492442600543, 0, 661.0626880001741], [706.676329924638, 0, 668.1315080001241], [713.5935240701385, 0, 665.7492599999691], [717.4465225630244, 0, 676.9480519999327], [713.3407026466247, 0, 678.3618160002391], [715.5756440300275, 0, 684.8629040002777], [713.9778126339371, 0, 689.6496640000569], [704.9571442453184, 0, 693.1562440002999], [695.0364315902549, 0, 667.6083039999422], [691.6385116591192, 0, 668.9218800002642], [692.2958473598242, 0, 670.6362080001281], [690.2024859737614, 0, 671.448844000133], [692.5284430699455, 0, 677.4267279999897], [684.2156746673094, 0, 680.6550080001443], [681.6065575771634, 0, 686.3100640001834], [678.997440487736, 0, 687.1894920001778], [671.8982149173917, 0, 701.4495839999266]]]}}, {"type": "Feature", "properties": {"addr:city": "\u0627\u0644\u0631\u064a\u0627\u0636", "addr:street": "\u0627\u0644\u0639\u0631\u0648\u0628\u0629", "building": "yes", "id": "way/1301280621", "@id": "way/1301280621"}, "geometry": {"type": "Polygon", "coordinates": [[[689.1305231388098, 0, 707.2938840001997], [684.5392860887748, 0, 696.7073520002723], [694.9858673056958, 0, 692.1654960001911], [699.5872172120678, 0, 702.7520280001186], [689.1305231388098, 0, 707.2938840001997]]]}}, {"type": "Feature", "properties": {"addr:city": "\u0627\u0644\u0631\u064a\u0627\u0636", "addr:street": "\u0627\u0644\u062d\u0631\u0628\u064a", "building": "commercial", "name": "\u0627\u0644\u0642\u0631\u0639\u0627\u0648\u064a \u0642\u0627\u0644\u064a\u0631\u064a\u0627", "id": "way/1303255198", "@id": "way/1303255198"}, "geometry": {"type": "Polygon", "coordinates": [[[18.01099820535237, 0, 501.70810800029443], [-69.07081288157593, 0, 461.7887560000735], [-50.49349468829975, 0, 421.4797840000452], [36.31526926244073, 0, 460.9983839999333], [18.01099820535237, 0, 501.70810800029443]]]}}, {"type": "Feature", "properties": {"amenity": "parking_space", "id": "way/1303255199", "@id": "way/1303255199"}, "geometry": {"type": "Polygon", "coordinates": [[[37.275990671218665, 0, 460.24140800018347], [-49.79570755937267, 0, 419.8767760002957], [-42.95941626959777, 0, 405.1491400002244], [32.90723647424952, 0, 440.3373920001302], [37.48836066722902, 0, 451.4916559999689], [37.275990671218665, 0, 460.24140800018347]]]}}, {"type": "Feature", "properties": {"addr:city": "\u0627\u0644\u0631\u064a\u0627\u0636", "addr:street": "\u0627\u0644\u062d\u0631\u0628\u064a", "building": "commercial", "id": "way/1303285301", "@id": "way/1303285301"}, "geometry": {"type": "Polygon", "coordinates": [[[-15.54346111254661, 0, 505.0811040001628], [8.72739553688276, 0, 516.6138560000742], [1.5068156840278213, 0, 531.8201680002026], [0.010112857055525518, 0, 531.6197920002338], [-22.774153822457073, 0, 520.3096800001558], [-15.54346111254661, 0, 505.0811040001628]]]}}, {"type": "Feature", "properties": {"addr:city": "Riyadh", "addr:street": "\u0627\u0644\u063a\u0631\u064a\u0631\u0627\u0621", "building": "house", "id": "way/1303643793", "@id": "way/1303643793"}, "geometry": {"type": "Polygon", "coordinates": [[[466.84992765595956, 0, 803.8862480002645], [442.17455672862053, 0, 793.4110360000559], [449.8198765734962, 0, 777.3252959999332], [474.29299036188036, 0, 788.5574840002871], [466.84992765595956, 0, 803.8862480002645]]]}}, {"type": "Feature", "properties": {"addr:city": "Riyadh", "addr:street": "\u0627\u0644\u063a\u0631\u064a\u0631\u0627\u0621", "building": "house", "id": "way/1303643794", "@id": "way/1303643794"}, "geometry": {"type": "Polygon", "coordinates": [[[474.8694232068597, 0, 785.9414640001687], [450.20416513729475, 0, 775.0988960000176], [457.83937212439633, 0, 758.6346680002177], [481.75627878119366, 0, 770.80194400003], [474.8694232068597, 0, 785.9414640001687]]]}}, {"type": "Feature", "properties": {"addr:city": "Riyadh", "addr:street": "\u0627\u0644\u063a\u0631\u064a\u0631\u0627\u0621", "building": "house", "id": "way/1303643795", "@id": "way/1303643795"}, "geometry": {"type": "Polygon", "coordinates": [[[482.0596644892666, 0, 768.1747920001769], [458.38546639892763, 0, 757.4212800002755], [467.5072633566645, 0, 735.9810480000668], [471.117553283092, 0, 735.8474640000877], [491.9298128604897, 0, 746.177960000187], [482.0596644892666, 0, 768.1747920001769]]]}}, {"type": "Feature", "properties": {"addr:city": "Riyadh", "addr:street": "\u0639\u0628\u062f\u0627\u0644\u062e\u0627\u0644\u0642 \u0628\u0646 \u0623\u062d\u0645\u062f", "building": "house", "id": "way/1303643803", "@id": "way/1303643803"}, "geometry": {"type": "Polygon", "coordinates": [[[483.5462544591834, 0, 769.5440279999629], [503.30677691502194, 0, 778.1935920001931], [495.9648427782193, 0, 794.9583839999459], [476.2043203230993, 0, 786.3088200001113], [483.5462544591834, 0, 769.5440279999629]]]}}, {"type": "Feature", "properties": {"addr:city": "Riyadh", "addr:street": "\u0639\u0628\u062f\u0627\u0644\u062e\u0627\u0644\u0642 \u0628\u0646 \u0623\u062d\u0645\u062f", "building": "house", "id": "way/1303643804", "@id": "way/1303643804"}, "geometry": {"type": "Polygon", "coordinates": [[[493.2748228330662, 0, 746.177960000187], [511.19480532635595, 0, 754.805260000157], [511.53864246193245, 0, 760.0595640002587], [504.19670832512975, 0, 776.8243560000116], [484.43618587000975, 0, 768.1747920001769], [493.2748228330662, 0, 746.177960000187]]]}}, {"type": "Feature", "properties": {"addr:city": "Riyadh", "addr:street": "\u0639\u0628\u062f\u0627\u0644\u0648\u0647\u0627\u0628 \u0628\u0646 \u0639\u0628\u062f\u0627\u0644\u0642\u0627\u062f\u0631", "building": "house", "id": "way/1303643805", "@id": "way/1303643805"}, "geometry": {"type": "Polygon", "coordinates": [[[521.1559694096416, 0, 765.9595239999958], [526.8292821509651, 0, 761.9854000002214], [547.8235731532066, 0, 772.059860000097], [548.9562131304914, 0, 776.7353000001573], [541.4120218547339, 0, 794.3572560000399], [514.0264052688493, 0, 782.6352600002899], [521.1559694096416, 0, 765.9595239999958]]]}}, {"type": "Feature", "properties": {"addr:city": "Riyadh", "addr:street": "\u0645\u062d\u0645\u062f \u0628\u0646 \u0627\u0644\u0630\u0647\u0628\u064a", "building": "house", "id": "way/1303643814", "@id": "way/1303643814"}, "geometry": {"type": "Polygon", "coordinates": [[[551.0698002299465, 0, 793.4889600001757], [557.6836086673741, 0, 777.7371800000008], [587.7592451984118, 0, 790.3720000001354], [581.1353239046472, 0, 806.1237800003103], [551.0698002299465, 0, 793.4889600001757]]]}}, {"type": "Feature", "properties": {"alt_name:en": "BSF", "amenity": "bank", "brand": "\u0627\u0644\u0628\u0646\u0643 \u0627\u0644\u0633\u0639\u0648\u062f\u064a \u0627\u0644\u0641\u0631\u0646\u0633\u064a", "brand:ar": "\u0627\u0644\u0628\u0646\u0643 \u0627\u0644\u0633\u0639\u0648\u062f\u064a \u0627\u0644\u0641\u0631\u0646\u0633\u064a", "brand:en": "Banque Saudi Fransi", "brand:wikidata": "Q7181252", "building": "yes", "name": "\u0627\u0644\u0628\u0646\u0643 \u0627\u0644\u0633\u0639\u0648\u062f\u064a \u0627\u0644\u0641\u0631\u0646\u0633\u064a", "name:ar": "\u0627\u0644\u0628\u0646\u0643 \u0627\u0644\u0633\u0639\u0648\u062f\u064a \u0627\u0644\u0641\u0631\u0646\u0633\u064a", "name:en": "Banque Saudi Fransi", "id": "way/1304220352", "@id": "way/1304220352"}, "geometry": {"type": "Polygon", "coordinates": [[[401.6017746961029, 0, 680.4768960000404], [411.79553448879136, 0, 653.3482120001934], [440.11153391372443, 0, 643.7412960002446], [469.89389759374467, 0, 657.4336560000822], [446.34105378663486, 0, 702.6407080000041], [404.42326178154065, 0, 686.499308000022], [401.6017746961029, 0, 680.4768960000404]]]}}, {"type": "Feature", "properties": {"addr:city": "Riyadh", "addr:street": "\u0627\u0644\u0639\u0631\u0648\u0628\u0629", "building": "commercial", "id": "way/1304220353", "@id": "way/1304220353"}, "geometry": {"type": "Polygon", "coordinates": [[[449.8401022868887, 0, 706.5369080000544], [475.80991890224516, 0, 657.4002600000874], [491.0803328778854, 0, 665.4820920000109], [465.10040340547334, 0, 714.6076080002432], [449.8401022868887, 0, 706.5369080000544]]]}}, {"type": "Feature", "properties": {"addr:city": "Riyadh", "addr:street": "\u0627\u0644\u0639\u0631\u0648\u0628\u0629", "building": "commercial", "id": "way/1304220354", "@id": "way/1304220354"}, "geometry": {"type": "Polygon", "coordinates": [[[482.1102287745442, 0, 689.5049479999477], [492.71861570147934, 0, 668.6101840001811], [508.8890739442829, 0, 676.8144679999535], [498.29079987368476, 0, 697.7092320001157], [482.1102287745442, 0, 689.5049479999477]]]}}, {"type": "Feature", "properties": {"addr:city": "Riyadh", "addr:street": "\u0627\u0644\u0639\u0631\u0648\u0628\u0629", "building": "commercial", "id": "way/1304220355", "@id": "way/1304220355"}, "geometry": {"type": "Polygon", "coordinates": [[[489.20945434417, 0, 722.8341560002758], [510.90153247461996, 0, 677.7829520001977], [527.8506807020763, 0, 684.7515840001632], [504.661899744654, 0, 729.9808999999499], [489.20945434417, 0, 722.8341560002758]]]}}, {"type": "Feature", "properties": {"addr:city": "Riyadh", "addr:street": "\u0627\u0644\u0639\u0631\u0648\u0628\u0629", "building": "commercial", "id": "way/1304220356", "@id": "way/1304220356"}, "geometry": {"type": "Polygon", "coordinates": [[[505.95634543267147, 0, 731.2722120000117], [530.9957792096981, 0, 683.4491399999713], [546.2661931846197, 0, 691.5198400001601], [523.441475076885, 0, 739.3429120002006], [505.95634543267147, 0, 731.2722120000117]]]}}, {"type": "Feature", "properties": {"addr:city": "Riyadh", "addr:street": "\u0627\u0644\u0639\u0631\u0648\u0628\u0629", "building": "commercial", "id": "way/1304220357", "@id": "way/1304220357"}, "geometry": {"type": "Polygon", "coordinates": [[[538.570309055185, 0, 716.2885400001123], [548.046056005554, 0, 696.5960320001578], [578.677899668897, 0, 711.3236680002291], [569.202152718528, 0, 731.0161760001836], [538.570309055185, 0, 716.2885400001123]]]}}, {"type": "Feature", "properties": {"addr:city": "Riyadh", "addr:street": "\u0627\u0644\u0639\u0631\u0648\u0628\u0629", "building": "commercial", "id": "way/1304220358", "@id": "way/1304220358"}, "geometry": {"type": "Polygon", "coordinates": [[[526.1416078798122, 0, 740.0219640002263], [535.6173548294626, 0, 719.7728560000951], [566.2491984928056, 0, 734.5004920001663], [556.5914201175929, 0, 754.1930000001208], [526.1416078798122, 0, 740.0219640002263]]]}}, {"type": "Feature", "properties": {"addr:city": "riyadh", "addr:street": "\u0627\u0644\u0639\u0631\u0648\u0628\u0629", "building": "commercial", "id": "way/1304220359", "@id": "way/1304220359"}, "geometry": {"type": "Polygon", "coordinates": [[[582.4095438785537, 0, 734.6006800001508], [590.4492651442833, 0, 717.2904199999557], [606.5590462454724, 0, 724.7599920002385], [598.5092121234056, 0, 742.0813840001681], [582.4095438785537, 0, 734.6006800001508]]]}}, {"type": "Feature", "properties": {"addr:city": "riyadh", "addr:street": "\u0627\u0644\u0639\u0631\u0648\u0628\u0629", "building": "commercial", "id": "way/1304220360", "@id": "way/1304220360"}, "geometry": {"type": "Polygon", "coordinates": [[[602.7161606089235, 0, 743.9181640002765], [610.7558818739348, 0, 726.6079040000816], [626.8656629751237, 0, 734.0774759999688], [618.8158288530569, 0, 751.3988680002939], [602.7161606089235, 0, 743.9181640002765]]]}}, {"type": "Feature", "properties": {"addr:city": "riyadh", "addr:street": "\u0627\u0644\u0639\u0631\u0648\u0628\u0629", "building": "commercial", "id": "way/1304220361", "@id": "way/1304220361"}, "geometry": {"type": "Polygon", "coordinates": [[[621.12156023513, 0, 752.0445239999293], [629.1612815001412, 0, 734.7342640001298], [660.0863980145017, 0, 751.2875480001794], [653.2298810113343, 0, 768.3640360000154], [621.12156023513, 0, 752.0445239999293]]]}}, {"type": "Feature", "properties": {"addr:city": "riyadh", "addr:street": "\u0627\u0644\u0639\u0631\u0648\u0628\u0629", "building": "commercial", "id": "way/1304220362", "@id": "way/1304220362"}, "geometry": {"type": "Polygon", "coordinates": [[[645.0384668919273, 0, 791.8525560000359], [664.900117916884, 0, 753.0909320002932], [687.8664160212404, 0, 764.8685880002981], [667.9946521399468, 0, 803.6190800003062], [645.0384668919273, 0, 791.8525560000359]]]}}, {"type": "Feature", "properties": {"addr:city": "Riyadh", "addr:street": "\u0627\u0644\u062e\u0631\u0645\u0629", "building": "commercial", "id": "way/1304220363", "@id": "way/1304220363"}, "geometry": {"type": "Polygon", "coordinates": [[[636.624569920173, 0, 764.6570800001994], [650.4185067822335, 0, 771.8149560000035], [637.9898056068606, 0, 795.7598880002162], [624.1958687440816, 0, 788.6020120000165], [636.624569920173, 0, 764.6570800001994]]]}}, {"type": "Feature", "properties": {"addr:city": "Riyadh", "addr:street": "\u0627\u0644\u062e\u0631\u0645\u0629", "building": "commercial", "id": "way/1304220364", "@id": "way/1304220364"}, "geometry": {"type": "Polygon", "coordinates": [[[580.4779882039422, 0, 738.6082000003154], [594.2719250667212, 0, 745.7660760001195], [581.8432238906298, 0, 769.7110079999368], [568.0492870278508, 0, 762.5531320001326], [580.4779882039422, 0, 738.6082000003154]]]}}, {"type": "Feature", "properties": {"addr:city": "Riyadh", "addr:street": "\u0627\u0644\u062e\u0631\u0645\u0629", "building": "commercial", "id": "way/1304220365", "@id": "way/1304220365"}, "geometry": {"type": "Polygon", "coordinates": [[[605.0825691326112, 0, 748.8941680002898], [618.8765059946716, 0, 756.0520440000939], [606.4478048192988, 0, 779.9969760003067], [592.6538679565198, 0, 772.839100000107], [605.0825691326112, 0, 748.8941680002898]]]}}, {"type": "Feature", "properties": {"building": "yes", "tourism": "hotel", "id": "way/1304220413", "@id": "way/1304220413"}, "geometry": {"type": "Polygon", "coordinates": [[[401.08601899201955, 0, 812.101664000167], [358.41987557343924, 0, 791.3293520002494], [364.68984687457174, 0, 777.5034080000373], [407.5380217179959, 0, 797.641196000054], [401.08601899201955, 0, 812.101664000167]]]}}, {"type": "Feature", "properties": {"building:levels": "20", "building:part": "yes", "id": "way/1470059611", "@id": "way/1470059611"}, "geometry": {"type": "Polygon", "coordinates": [[[95.78898091041857, 0, 226.49167200019747], [100.59258795574537, 0, 223.55282400026127], [106.1040949870548, 0, 222.36170000018376], [111.70661773042681, 0, 223.04075200020947], [116.76304619854895, 0, 225.53432000008343], [120.727286118327, 0, 229.5529719999827], [123.1442589265737, 0, 234.64029600011045], [123.75103034271962, 0, 240.2508240000246], [122.47681036809463, 0, 245.75003200021982], [119.47329185781308, 0, 250.51452800013436], [115.06408623334039, 0, 254.03224000011193], [109.89641633832603, 0, 255.86902000022036], [104.42536073523873, 0, 255.9580760000746], [99.2071265556653, 0, 254.29940800007017], [94.78780807413709, 0, 251.04886400005086], [91.65282242357083, 0, 246.56266800022465], [90.10555531203947, 0, 241.308364000123], [90.32803816438678, 0, 235.83142000018796], [92.28993241016475, 0, 230.71070000006543], [95.78898091041857, 0, 226.49167200019747]]]}}, {"type": "Feature", "properties": {"building:levels": "20", "building:part": "yes", "id": "way/1470059612", "@id": "way/1470059612"}, "geometry": {"type": "Polygon", "coordinates": [[[60.9704144756687, 0, 310.3712920000079], [65.81447294849904, 0, 299.372876000013], [92.16857812693557, 0, 310.983552000044], [87.32451965410523, 0, 321.9708360003044], [60.9704144756687, 0, 310.3712920000079]]]}}, {"type": "Feature", "properties": {"building:levels": "15", "building:part": "yes", "id": "way/1470059613", "@id": "way/1470059613"}, "geometry": {"type": "Polygon", "coordinates": [[[61.546847320648034, 0, 321.391972000263], [65.04589582090185, 0, 326.90231200019286], [67.09880577946099, 0, 332.73547999994037], [72.38782995770453, 0, 332.65755600021623], [80.12416551464278, 0, 334.8171640001424], [85.48397969155643, 0, 338.10110400015645], [83.74456829812577, 0, 343.66710399994577], [80.6095826475595, 0, 349.23310400013054], [75.39134846798609, 0, 353.697036000092], [77.82854699034382, 0, 360.93283600001587], [70.58774142265928, 0, 363.86055200021747], [69.88995429445076, 0, 365.3188440002532], [70.16300143135715, 0, 372.5657760003071], [68.35280003997492, 0, 377.2300840002373], [65.15713724779407, 0, 382.72929200003705], [59.301793080908155, 0, 380.9147760001888], [54.427396036911226, 0, 377.64196800030476], [49.694578990254534, 0, 372.07596800012], [41.482939157455085, 0, 375.20406000029027], [38.63111350085073, 0, 366.98864399999223], [32.0173050641417, 0, 367.9014679999814], [27.213698018814895, 0, 366.7103440002994], [23.1685552433112, 0, 364.4171519999986], [20.59988958138731, 0, 362.32433600006203], [22.126930978807618, 0, 356.7583360002727], [26.161960897255792, 0, 350.35743600021846], [31.177937937874386, 0, 346.66161200013687], [28.20475799875941, 0, 342.11975600005576], [33.40276646422178, 0, 344.22370400012244], [48.37990758812602, 0, 350.65800000017146], [61.546847320648034, 0, 321.391972000263]]]}}, {"type": "Feature", "properties": {"building:levels": "18", "building:part": "yes", "id": "way/1470059614", "@id": "way/1470059614"}, "geometry": {"type": "Polygon", "coordinates": [[[33.40276646422178, 0, 344.22370400012244], [42.32230628300384, 0, 323.228751999976], [57.471365975414884, 0, 330.2196480002017], [48.37990758812602, 0, 350.65800000017146], [33.40276646422178, 0, 344.22370400012244]]]}}, {"type": "Feature", "properties": {"highway": "motorway", "lanes": "3", "maxspeed": "100", "name": "\u0637\u0631\u064a\u0642 \u0627\u0644\u0645\u0644\u0643 \u0641\u0647\u062f", "name:ar": "\u0637\u0631\u064a\u0642 \u0627\u0644\u0645\u0644\u0643 \u0641\u0647\u062f", "name:en": "King Fahd Road", "oneway": "yes", "ref": "65", "surface": "asphalt", "wikidata": "Q12221758", "id": "way/38124839", "@id": "way/38124839"}, "geometry": {"type": "LineString", "coordinates": [[46.24609477455979, 0, 535.6495760002632], [-36.406284974503336, 0, 718.1475840000854], [-106.81199497231884, 0, 892.3856480002758], [-212.7340585338113, 0, 1113.0330200002002], [-217.26461844151316, 0, 1121.348624000087], [-332.9152503768884, 0, 1369.1692079999832], [-392.6215577349877, 0, 1497.298527999997], [-449.71874800365947, 0, 1627.2200999999945], [-541.4423604251818, 0, 1824.3789520002938]]}}, {"type": "Feature", "properties": {"highway": "residential", "maxspeed": "50", "name": "\u0634\u0627\u0631\u0639 \u0647\u0644\u0627\u0644 \u0628\u0646 \u0623\u0645\u064a\u0629", "name:en": "Hilal Bin Omaya", "id": "way/38322226", "@id": "way/38322226"}, "geometry": {"type": "LineString", "coordinates": [[-644.0878583394864, 0, -22.2751320000782], [-549.1483574116721, 0, 19.970808000042837], [-496.126648488952, 0, 45.418560000020705], [-351.36110143059847, 0, 111.30886800000596], [-166.6194308995362, 0, 198.36110800011156], [34.56574501195454, 0, 292.7938640002502]]}}, {"type": "Feature", "properties": {"highway": "residential", "maxspeed": "50", "name": "\u0634\u0627\u0631\u0639 \u0627\u0644\u0635\u0641\u0648\u064a", "name:en": "Al Safwa", "id": "way/38322227", "@id": "way/38322227"}, "geometry": {"type": "LineString", "coordinates": [[60.68725448098823, 0, 235.49746000024015], [-140.52826000095055, 0, 141.91073600010114], [-326.12952337239113, 0, 56.361316000156165]]}}, {"type": "Feature", "properties": {"highway": "residential", "name": "\u0627\u0644\u0623\u0645\u064a\u0631 \u0641\u064a\u0635\u0644 \u0628\u0646 \u0633\u0639\u062f \u0628\u0646 \u0639\u0628\u062f\u0627\u0644\u0631\u062d\u0645\u0646", "name:en": "Prince Faisal Ibn Saad Ibn Abdul Rahman", "id": "way/38934820", "@id": "way/38934820"}, "geometry": {"type": "LineString", "coordinates": [[477.72124886346404, 0, 1239.748576000303], [521.7627408257875, 0, 1146.8631680000544], [570.779758401226, 0, 1040.3076640002284], [587.7592451984118, 0, 998.5849280002892], [606.8624319535453, 0, 961.6044240000044], [663.9899607926652, 0, 835.6124480000522], [671.6656192079888, 0, 819.649160000174], [700.0220700604254, 0, 755.5622360003024]]}}, {"type": "Feature", "properties": {"highway": "residential", "name": "\u0627\u0644\u062e\u0631\u0645\u0629", "name:en": "Al Kharma", "id": "way/39015992", "@id": "way/39015992"}, "geometry": {"type": "LineString", "coordinates": [[671.6656192079888, 0, 819.649160000174], [595.9809978889853, 0, 786.4201400002257], [556.1666801262908, 0, 768.2861120002913], [520.043555146468, 0, 751.2318879999245], [464.534083416831, 0, 724.7043319999835], [383.4390836363547, 0, 688.4140120002501], [377.12866090771865, 0, 685.5864840000328]]}}, {"type": "Feature", "properties": {"highway": "residential", "name": "\u0627\u0644\u063a\u0631\u064a\u0631\u0627\u0621", "name:en": "Al Ghoreira'", "id": "way/39231928", "@id": "way/39231928"}, "geometry": {"type": "LineString", "coordinates": [[464.534083416831, 0, 724.7043319999835], [424.3557028051675, 0, 814.6174960003011], [391.6911748973763, 0, 888.2890720002569]]}}, {"type": "Feature", "properties": {"highway": "living_street", "name": "\u0639\u0628\u062f\u0627\u0644\u0648\u0647\u0627\u0628 \u0628\u0646 \u0639\u0628\u062f\u0627\u0644\u0642\u0627\u062f\u0631", "name:en": "Abdulwahab Bin Abdulqader", "id": "way/39231955", "@id": "way/39231955"}, "geometry": {"type": "LineString", "coordinates": [[431.31334837817155, 0, 948.6467760000521], [447.37256519480144, 0, 911.1987280002359], [485.6497287023016, 0, 831.5381360002934], [520.043555146468, 0, 751.2318879999245]]}}, {"type": "Feature", "properties": {"highway": "living_street", "name": "\u0645\u062d\u0645\u062f \u0628\u0646 \u0627\u0644\u0630\u0647\u0628\u064a", "name:en": "Mohammed Bin Al Dhahabi", "id": "way/39231956", "@id": "way/39231956"}, "geometry": {"type": "LineString", "coordinates": [[476.1133046103181, 0, 946.4426400000011], [492.88042141221206, 0, 909.128176000164], [556.1666801262908, 0, 768.2861120002913], [583.7950052793523, 0, 707.7280320001319], [587.5873266306235, 0, 699.412428000245]]}}, {"type": "Feature", "properties": {"highway": "residential", "name": "\u0631\u0642\u0645 96", "name:en": "No.96", "id": "way/39257936", "@id": "way/39257936"}, "geometry": {"type": "LineString", "coordinates": [[271.1054687763895, 0, 885.4058840001801], [244.74125074089747, 0, 872.7488000001807], [152.99741260526403, 0, 828.6883440002114], [105.78048356487079, 0, 807.1145280000236], [79.23423410453496, 0, 794.9472520002114], [-18.809913903397582, 0, 753.5807400000847], [-26.18218661064828, 0, 750.4749120001746]]}}, {"type": "Feature", "properties": {"highway": "residential", "name": "\u0648\u0627\u062f\u064a \u062d\u0646\u064a\u0641\u0629", "name:en": "Haneefa Valley", "id": "way/39257937", "@id": "way/39257937"}, "geometry": {"type": "LineString", "coordinates": [[328.6779633209226, 0, 193.9639680001396], [389.6382649395357, 0, 64.075792000137], [422.6466299829034, 0, -0.1892439998385953], [451.94357653000685, 0, -67.5601079997243], [475.6076617632903, 0, -111.49811199984455], [497.58289988842074, 0, -153.198583999919], [513.6522295621062, 0, -195.6782960000035]]}}, {"type": "Feature", "properties": {"highway": "residential", "name": "\u0648\u0627\u062f\u064a \u0627\u0644\u062b\u0645\u0627\u0645\u0629", "name:en": "Al Thumama Valley", "id": "way/39257940", "@id": "way/39257940"}, "geometry": {"type": "LineString", "coordinates": [[457.1415849961878, 0, 250.88188400007695], [520.4379565666035, 0, 123.3091640002398], [578.6172225272824, 0, -5.44354799994025], [596.072013601048, 0, -38.09370399984715], [611.7873932821013, 0, -71.58989199975366], [641.4989669634515, 0, -138.1815160000248]]}}, {"type": "Feature", "properties": {"highway": "residential", "name": "\u0631\u0642\u0645 92", "name:en": "No. 92", "oneway": "yes", "surface": "asphalt", "id": "way/39257942", "@id": "way/39257942"}, "geometry": {"type": "LineString", "coordinates": [[307.8657037435249, 0, 24.880020000066594], [313.87274076480657, 0, 27.406983999935335], [389.6382649395357, 0, 64.075792000137], [452.0851565273471, 0, 90.39183999997917], [459.9832977950181, 0, 95.82425600018482], [520.4379565666035, 0, 123.3091640002398], [584.8467424009114, 0, 154.14480400029845], [597.1642021501106, 0, 160.04476400003554]]}}, {"type": "Feature", "properties": {"highway": "residential", "lanes": "2", "maxspeed": "30", "name": "\u0648\u0627\u062f\u064a \u0627\u0644\u0623\u0648\u0633\u0637", "name:en": "Wadi Al Awsat", "oneway": "yes", "id": "way/39257945", "@id": "way/39257945"}, "geometry": {"type": "LineString", "coordinates": [[400.09495901207504, 0, 210.26121599996557], [427.6019298819074, 0, 152.07425200022655], [442.13410530111696, 0, 120.9046520002201], [448.414189459305, 0, 102.70383200029613], [452.0851565273471, 0, 90.39183999997917], [509.9509239228976, 0, -38.305211999945925], [530.5508135042849, 0, -85.5271559996848], [550.4630288138006, 0, -130.87892399971594], [567.16946847408, 0, -169.18413600005735]]}}, {"type": "Feature", "properties": {"highway": "residential", "name": "\u0631\u0642\u0645 90", "name:en": "No. 90", "surface": "asphalt", "id": "way/39257947", "@id": "way/39257947"}, "geometry": {"type": "LineString", "coordinates": [[655.0501952597721, 0, 35.71145600008762], [647.9509696901463, 0, 29.978475999928946], [646.3430254370004, 0, 29.154708000189515], [578.6172225272824, 0, -5.44354799994025], [519.5783637269436, 0, -33.217887999818174]]}}, {"type": "Feature", "properties": {"highway": "residential", "name": "\u0633\u064a\u062f\u0629 \u0627\u0644\u0631\u0624\u0633\u0627\u0621", "name:en": "Sayedat Al Roasa", "oneway": "yes", "id": "way/39257979", "@id": "way/39257979"}, "geometry": {"type": "LineString", "coordinates": [[445.1881880959576, 0, 529.5715040000266], [450.1131494245136, 0, 531.4862080002547], [452.661589373045, 0, 532.476955999968], [465.8184162485115, 0, 537.5865439999604], [543.1413203911089, 0, 567.6318120002745], [592.7954479538599, 0, 592.8680560001535], [628.3927043732625, 0, 609.4992639999273], [666.1237736062313, 0, 628.6017760001059], [739.7757106807868, 0, 663.5117279999233]]}}, {"type": "Feature", "properties": {"highway": "residential", "name": "\u0632\u0647\u064a\u0631 \u0631\u0633\u062a\u0645", "name:en": "Zuhair Rostom", "id": "way/39257981", "@id": "way/39257981"}, "geometry": {"type": "LineString", "coordinates": [[726.7705766597161, 0, 302.8794560002559], [710.1248141403328, 0, 338.3794040002448], [592.7954479538599, 0, 592.8680560001535]]}}, {"type": "Feature", "properties": {"highway": "residential", "name": "\u0627\u0644\u0643\u0631", "id": "way/39257984", "@id": "way/39257984"}, "geometry": {"type": "LineString", "coordinates": [[710.1248141403328, 0, 338.3794040002448], [653.6748467160289, 0, 312.94278400000155]]}}, {"type": "Feature", "properties": {"highway": "residential", "maxspeed": "50", "name": "\u0627\u0628\u0646 \u0635\u0646\u0639\u064a\u0646", "name:en": "Ibn Sanein", "id": "way/39257992", "@id": "way/39257992"}, "geometry": {"type": "LineString", "coordinates": [[769.6592029306437, 0, 404.10273200025614], [666.1237736062313, 0, 628.6017760001059]]}}, {"type": "Feature", "properties": {"highway": "residential", "maxspeed": "50", "name": "\u0639\u0628\u062f\u0627\u0644\u0644\u0647 \u0628\u0646 \u0632\u0645\u0639\u0629", "name:en": "Abdullah Bin Zamaa", "id": "way/39257996", "@id": "way/39257996"}, "geometry": {"type": "LineString", "coordinates": [[773.3200571423488, 0, 59.54506800018592], [731.8371179848938, 0, 151.1169000001125], [688.9282659998551, 0, 236.49934000008358], [670.9273806515582, 0, 277.0309519999452], [653.6748467160289, 0, 312.94278400000155], [543.1413203911089, 0, 567.6318120002745]]}}, {"type": "Feature", "properties": {"highway": "residential", "maxspeed": "50", "name": "\u0645\u0627\u0644\u0643 \u0628\u0646 \u062e\u0644\u0641", "name:en": "Malik Bin Khalaf", "id": "way/39258002", "@id": "way/39258002"}, "geometry": {"type": "LineString", "coordinates": [[596.6888978742494, 0, 682.1689600000395], [601.8970191974859, 0, 670.2243240000607], [628.3927043732625, 0, 609.4992639999273], [731.4123779935916, 0, 385.701535999968], [747.7446419478465, 0, 351.2479959999474], [763.0555073509902, 0, 319.93368000022724]]}}, {"type": "Feature", "properties": {"highway": "residential", "maxspeed": "50", "name": "\u0627\u0628\u0646 \u0639\u0642\u064a\u0644", "name:en": "Ibn Aqil", "id": "way/39258003", "@id": "way/39258003"}, "geometry": {"type": "LineString", "coordinates": [[581.0746467630327, 0, 234.41765600027708], [670.9273806515582, 0, 277.0309519999452], [726.7705766597161, 0, 302.8794560002559], [763.0555073509902, 0, 319.93368000022724], [769.9828143528277, 0, 323.18422400024656]]}}, {"type": "Feature", "properties": {"highway": "residential", "maxspeed": "50", "name": "\u0623\u0628\u064a \u0627\u0644\u0642\u0627\u0633\u0645 \u0627\u0644\u0634\u0627\u0637\u0628\u064a", "name:en": "Abi Al Qassem Al Shatbi", "id": "way/39258005", "@id": "way/39258005"}, "geometry": {"type": "LineString", "coordinates": [[688.9282659998551, 0, 236.49934000008358], [756.1787646329932, 0, 267.7579959999443], [788.4994554052079, 0, 282.5524240000051]]}}, {"type": "Feature", "properties": {"highway": "primary", "lanes": "3", "lit": "yes", "maxspeed": "90", "name": "\u0637\u0631\u064a\u0642 \u0627\u0644\u0639\u0631\u0648\u0628\u0629 \u0627\u0644\u0641\u0631\u0639\u064a", "name:ar": "\u0637\u0631\u064a\u0642 \u0627\u0644\u0639\u0631\u0648\u0628\u0629 \u0627\u0644\u0641\u0631\u0639\u064a", "name:en": "Al Uaroba Branch Road", "oneway": "yes", "surface": "asphalt", "id": "way/39452626", "@id": "way/39452626"}, "geometry": {"type": "LineString", "coordinates": [[-2.56866566192389, 0, 570.9491480002833], [5.228347036628948, 0, 542.6516040002235], [17.950321063737775, 0, 509.5561680002544], [31.04647079758968, 0, 483.99709600016206], [37.12429781754147, 0, 471.1841639999234], [39.50081919756606, 0, 463.2136520001144], [41.118876307767536, 0, 455.2431400003054], [41.300907732611314, 0, 447.81809600014753], [38.57043635923613, 0, 439.7362640002241], [25.686656621394583, 0, 429.01614799992205], [1.3551228296320619, 0, 420.33318800009255], [-11.397189767924782, 0, 413.28663200000733], [-50.038416125831034, 0, 394.0171400002504], [-88.79088390991095, 0, 374.6363279999835], [-150.9141640755383, 0, 345.2701120000907], [-188.02834903602425, 0, 329.0173919999941], [-310.7680936846883, 0, 271.57627200027036], [-327.5149847724712, 0, 262.87104800018074], [-363.4156268999468, 0, 246.61832800008412], [-382.65028079536506, 0, 237.8351800002703], [-402.47148039209964, 0, 227.76071999999914], [-419.44085433294845, 0, 220.725296000044], [-429.58404984107784, 0, 215.47099199994236], [-439.6160039230336, 0, 211.53026400016273], [-512.964555289516, 0, 178.4014320001988], [-577.7576296876226, 0, 145.88486000027103], [-652.2590467447823, 0, 111.5871680000943], [-756.3304574866704, 0, 62.88466800005949], [-788.9848725374061, 0, 49.30362799994086], [-800.9079308664697, 0, 43.88234400026079], [-842.2391771695291, 0, 22.931920000239217], [-930.8379167975406, 0, -17.688747999872163], [-969.4589174413359, 0, -35.355231999879635], [-1016.6758464817291, 0, -57.37432799973419], [-1183.0121173873033, 0, -133.6841880000685], [-1238.5822662578364, 0, -173.4365599999201]]}}, {"type": "Feature", "properties": {"highway": "primary", "lanes": "4", "maxspeed": "90", "name": "\u0637\u0631\u064a\u0642 \u0627\u0644\u0639\u0631\u0648\u0628\u0629", "name:ar": "\u0637\u0631\u064a\u0642 \u0627\u0644\u0639\u0631\u0648\u0628\u0629", "name:en": "Al Uaroba Road", "oneway": "yes", "source": "Yahoo", "id": "way/39452627", "@id": "way/39452627"}, "geometry": {"type": "LineString", "coordinates": [[2202.2667423887306, 0, 1480.389020000135], [2150.134964876837, 0, 1455.9765439999953], [2112.6769427807744, 0, 1437.7868560002014], [2011.9124362572406, 0, 1389.8190680000519], [1939.089753451897, 0, 1355.0538319999482], [1885.4005959714166, 0, 1329.2498560001577], [1833.6531070226029, 0, 1304.4032320000858], [1749.5647015889006, 0, 1263.9050160002191], [1660.5513348259237, 0, 1220.5124800001454], [1547.7828671176007, 0, 1166.6224679999984], [1450.2848133849182, 0, 1120.0239160000303], [1334.957792871727, 0, 1063.6403360000095], [1241.7374776232323, 0, 1018.0993240001397], [1208.5066297267988, 0, 1002.2250920001159], [1112.8390030996093, 0, 954.9140920001273], [1089.7108992838016, 0, 944.5835960000279], [1081.2059865992662, 0, 940.5983400001235], [1017.0702479025832, 0, 909.0836480000391], [977.1244630003225, 0, 889.9588719999958], [969.3476760158808, 0, 886.2407840000496], [962.2585633025919, 0, 882.8009960001917], [938.260753790069, 0, 871.1346600003012], [934.1043695891102, 0, 869.1086359999587], [930.362612522398, 0, 867.2829879999803], [901.8544688155656, 0, 853.3345920003146], [796.4784995286045, 0, 801.9938080002966], [757.2102760411599, 0, 783.0471439999619], [700.0220700604254, 0, 755.5622360003024], [596.0821264581034, 0, 703.6537199999776], [587.5873266306235, 0, 699.412428000245], [546.4785631806301, 0, 678.651248000062]]}}, {"type": "Feature", "properties": {"highway": "residential", "maxspeed": "50", "name": "\u0634\u0627\u0631\u0639 \u062d\u0648\u0637\u0629 \u0628\u0646\u064a \u062a\u0645\u064a\u0645", "name:ar": "\u0634\u0627\u0631\u0639 \u062d\u0648\u0637\u0629 \u0628\u0646\u064a \u062a\u0645\u064a\u0645", "name:en": "Hauta Bin Tamim Street", "id": "way/39453203", "@id": "way/39453203"}, "geometry": {"type": "LineString", "coordinates": [[497.07725704139295, 0, -718.3924879997835], [464.7869048403449, 0, -652.1682199998504], [443.11505242400597, 0, -606.8609799999442], [428.50197414907075, 0, -574.5113879999903], [402.88610752706484, 0, -512.8846359999978], [377.58373947018737, 0, -455.79973999969116], [359.2086784144289, 0, -419.29791199985885], [342.8258501763336, 0, -384.6105999998748], [311.850169377414, 0, -319.68877599973825], [289.0760155542384, 0, -265.24216399981015], [271.6414501945839, 0, -224.42111999973008], [268.5873673990247, 0, -217.00720799970227], [250.49546633794668, 0, -179.9821759996881], [226.1942711180693, 0, -125.72480799999411], [191.31502754098628, 0, -49.08098799971199], [174.7602807343841, 0, -9.362011999855184], [158.69095106069867, 0, 25.893032000040108]]}}, {"type": "Feature", "properties": {"highway": "residential", "maxspeed": "50", "name": "\u0634\u0627\u0631\u0639 \u0623\u0628\u064a \u0627\u0644\u0645\u0641\u0627\u062e\u0631 \u0627\u0644\u062d\u0645\u0648\u064a", "name:en": "Abi Al Mafakher Al Hamawi", "id": "way/39529764", "@id": "way/39529764"}, "geometry": {"type": "LineString", "coordinates": [[128.01865596985206, 0, 86.37318800007989], [-45.33593764962236, 0, 3.3618640001337496]]}}, {"type": "Feature", "properties": {"highway": "residential", "maxspeed": "50", "name": "\u0634\u0627\u0631\u0639 \u0627\u0644\u062d\u0633\u0627\u0645\u064a", "name:en": "Al Hessami", "id": "way/39529765", "@id": "way/39529765"}, "geometry": {"type": "LineString", "coordinates": [[158.69095106069867, 0, 25.893032000040108], [-18.182916773140615, 0, -58.409603999967885], [-51.990197514553486, 0, -72.84780799982073]]}}, {"type": "Feature", "properties": {"highway": "residential", "maxspeed": "50", "name": "\u0634\u0627\u0631\u0639 \u0627\u0644\u0631\u0627\u0628\u064a\u0629", "name:en": "Al Rabeya", "surface": "asphalt", "id": "way/39529771", "@id": "way/39529771"}, "geometry": {"type": "LineString", "coordinates": [[247.21890069075874, 0, 24.601719999978258], [174.7602807343841, 0, -9.362011999855184], [-12.924231166063654, 0, -96.7259480000439], [-35.08150071531929, 0, -108.39228399993445]]}}, {"type": "Feature", "properties": {"highway": "residential", "maxspeed": "50", "name": "\u0634\u0627\u0631\u0639 \u0645\u0638\u0641\u0631 \u0627\u0644\u0633\u0648\u0627\u062f\u064a", "name:en": "Methfer Al Sawadi", "id": "way/39529773", "@id": "way/39529773"}, "geometry": {"type": "LineString", "coordinates": [[99.24757798316884, 0, 149.32464800012895], [-74.11712849336111, 0, 64.55446800019402], [-108.6424220778121, 0, 50.082867999950906]]}}, {"type": "Feature", "properties": {"highway": "residential", "lit": "yes", "maxspeed": "50", "name": "\u0634\u0627\u0631\u0639 \u0627\u0628\u0646 \u0625\u064a\u0627\u0633 \u0627\u0644\u0643\u0646\u0627\u0646\u064a", "name:en": "Ibn Ayas Al Kinani", "surface": "asphalt", "id": "way/39529774", "@id": "way/39529774"}, "geometry": {"type": "LineString", "coordinates": [[158.2358724989485, 0, 225.28941599998987], [149.91299123925685, 0, 221.51566800018415], [79.39603981526768, 0, 189.55569600003756], [-116.07537192667739, 0, 99.40876000015194]]}}, {"type": "Feature", "properties": {"highway": "residential", "name": "\u0627\u0644\u062d\u0631\u0628\u064a", "name:ar": "\u0627\u0644\u062d\u0631\u0628\u064a", "name:en": "Al Harbee", "id": "way/40539707", "@id": "way/40539707"}, "geometry": {"type": "LineString", "coordinates": [[-344.8787601341741, 0, 342.24220800030025], [-260.65888756018717, 0, 382.81834800028673], [-241.38378223726534, 0, 391.83526800006405], [-222.09856405800656, 0, 400.8521880002368], [-183.82140054978785, 0, 419.15319600014516], [-161.92706528038306, 0, 428.715583999969], [-134.75381868979028, 0, 441.4171960000932], [-118.00692760200735, 0, 449.03148400008973], [-82.16696261542783, 0, 464.8055280001293], [-52.12166465483819, 0, 479.1546760001279], [17.950321063737775, 0, 509.5561680002544]]}}, {"type": "Feature", "properties": {"highway": "motorway", "lanes": "3", "lit": "yes", "maxspeed": "100", "name": "\u0637\u0631\u064a\u0642 \u0627\u0644\u0645\u0644\u0643 \u0641\u0647\u062f", "name:ar": "\u0637\u0631\u064a\u0642 \u0627\u0644\u0645\u0644\u0643 \u0641\u0647\u062f", "name:en": "King Fahd Road", "oneway": "yes", "ref": "65", "surface": "asphalt", "wikidata": "Q12221758", "id": "way/40924131", "@id": "way/40924131"}, "geometry": {"type": "LineString", "coordinates": [[928.5726368444083, 0, -1384.3643879999813], [807.7341092999076, 0, -1107.8677719999528], [753.6404375422359, 0, -989.8129119998146], [647.0306997088719, 0, -767.8185679999689], [469.7219790259564, 0, -378.0761159998414], [303.5778524022814, 0, -11.944635999978885], [298.76413249989906, 0, -0.512072000051802], [186.40017906948583, 0, 232.94823200011123]]}}, {"type": "Feature", "properties": {"highway": "service", "oneway": "yes", "id": "way/53156608", "@id": "way/53156608"}, "geometry": {"type": "LineString", "coordinates": [[230.2191881787434, 0, 557.4460320002844], [229.9360281847815, 0, 559.4163959999764], [184.1045605444683, 0, 649.4854080001379], [174.30520217263395, 0, 647.1365559999776], [166.6598823277583, 0, 664.023799999975], [157.54819822707697, 0, 679.8646360000042], [160.5820553085251, 0, 693.3566200002685], [105.78048356487079, 0, 807.1145280000236]]}}, {"type": "Feature", "properties": {"id": "way/53625322", "@id": "way/53625322"}, "geometry": {"type": "LineString", "coordinates": [[2174.8710129457904, 0, 1460.1955720002588], [83.95693829413612, 0, 441.5285160002077], [68.30223575469729, 0, 473.0209440000318], [-0.5258685604202716, 0, 620.5199440001825], [-51.69692466353605, 0, 735.2240719999214], [-125.358974595147, 0, 899.0537160002883], [-181.50555631137783, 0, 1024.1439999999861], [-227.49882966242373, 0, 1122.7846520002581], [-557.2184172478499, 0, 1843.2810880001082], [-718.2757768315176, 0, 2193.593996000202], [-639.3044770082706, 0, 2229.91771199993]]}}, {"type": "Feature", "properties": {"highway": "unclassified", "name": "\u0631\u0642\u0645 94", "name:en": "No. 94", "oneway": "yes", "id": "way/54209420", "@id": "way/54209420"}, "geometry": {"type": "LineString", "coordinates": [[246.76382212829003, 0, 157.64025200001583], [274.7157587035356, 0, 168.50508400003164], [328.6779633209226, 0, 193.9639680001396], [367.17760968148855, 0, 199.1626119999863], [400.09495901207504, 0, 210.26121599996557], [408.48863027043683, 0, 213.6787399999588], [436.21808399261647, 0, 232.06880400011684], [457.1415849961878, 0, 250.88188400007695], [527.8102292738541, 0, 283.5654359999786], [531.3598420593856, 0, 284.3780719999835], [538.5804219122406, 0, 284.8122200003111], [547.5505260155817, 0, 274.1366320001339]]}}, {"type": "Feature", "properties": {"highway": "primary", "lanes": "2", "maxspeed": "60", "name": "\u0637\u0631\u064a\u0642 \u0627\u0644\u0645\u0644\u0643 \u0641\u0647\u062f \u0627\u0644\u0641\u0631\u0639\u064a", "name:ar": "\u0637\u0631\u064a\u0642 \u0627\u0644\u0645\u0644\u0643 \u0641\u0647\u062f \u0627\u0644\u0641\u0631\u0639\u064a", "name:en": "King Fahad Branch Road", "oneway": "yes", "surface": "asphalt", "id": "way/266899333", "@id": "way/266899333"}, "geometry": {"type": "LineString", "coordinates": [[-727.33689664764, 0, 2156.5133039999328], [-720.3994767887468, 0, 2133.3476120001255], [-695.3398172976092, 0, 2083.2202160000497], [-635.7042999381802, 0, 1940.9755200000009], [-634.7536913864577, 0, 1938.7045919999603], [-600.2486235161177, 0, 1857.118164000055], [-593.4527836538464, 0, 1842.22354800001], [-539.2377576129455, 0, 1726.7401800002608], [-537.7713933571398, 0, 1723.6232200002205], [-486.2160486902254, 0, 1611.8802040002824], [-429.1491969927202, 0, 1495.127787999941], [-410.2887188047635, 0, 1455.8095640000213], [-392.1867048873486, 0, 1418.094348000247], [-386.52350500236196, 0, 1394.806204000195], [-353.3027699629839, 0, 1333.925296000218], [-316.8863721314251, 0, 1256.4577080001964], [-315.13684788165745, 0, 1252.6505640000005], [-281.98690284094954, 0, 1180.715580000169], [-261.05328898032275, 0, 1126.6585880000482], [-253.05401914281506, 0, 1113.2890560000283], [-237.03525375440725, 0, 1080.7947479999652], [-186.23837335803452, 0, 973.504532000254], [-151.97601405415296, 0, 901.5361520000322], [-141.8530442601346, 0, 876.3889640000073], [-137.70677291551277, 0, 861.8171760001753], [-134.04591870452623, 0, 851.3530960000969], [-110.42228489874631, 0, 800.9362680001982], [-97.42726373401254, 0, 775.2658759999915], [-77.29256557214947, 0, 734.9457720002285], [-48.56193901296979, 0, 671.3263920002839], [-2.56866566192389, 0, 570.9491480002833], [58.26016881640457, 0, 439.4134360000109], [64.13573869668298, 0, 425.15334400026205]]}}, {"type": "Feature", "properties": {"highway": "motorway", "lanes": "3", "lit": "yes", "maxheight": "5.5", "maxspeed": "100", "name": "\u0637\u0631\u064a\u0642 \u0627\u0644\u0645\u0644\u0643 \u0641\u0647\u062f", "name:ar": "\u0637\u0631\u064a\u0642 \u0627\u0644\u0645\u0644\u0643 \u0641\u0647\u062f", "name:en": "King Fahd Road", "oneway": "yes", "ref": "65", "surface": "asphalt", "wikidata": "Q12221758", "id": "way/266901970", "@id": "way/266901970"}, "geometry": {"type": "LineString", "coordinates": [[186.40017906948583, 0, 232.94823200011123], [104.4152478781832, 0, 408.41081599997835], [46.24609477455979, 0, 535.6495760002632]]}}, {"type": "Feature", "properties": {"highway": "motorway", "lanes": "3", "lit": "yes", "maxheight": "5.5", "maxspeed": "100", "name": "\u0637\u0631\u064a\u0642 \u0627\u0644\u0645\u0644\u0643 \u0641\u0647\u062f", "name:ar": "\u0637\u0631\u064a\u0642 \u0627\u0644\u0645\u0644\u0643 \u0641\u0647\u062f", "name:en": "King Fahd Road", "oneway": "yes", "ref": "65", "surface": "asphalt", "wikidata": "Q12221758", "id": "way/266901971", "@id": "way/266901971"}, "geometry": {"type": "LineString", "coordinates": [[276.1113329606712, 0, 0.768108000275447], [322.30686345067187, 0, -107.35700799970076], [337.7593088504373, 0, -140.51923600005495], [753.1449075522637, 0, -1036.6229719998814], [762.3779459361742, 0, -1051.962867999989], [915.8102113890774, 0, -1389.006432000047]]}}, {"type": "Feature", "properties": {"highway": "motorway", "lanes": "4", "lit": "yes", "maxheight": "5.5", "maxspeed": "100", "name": "\u0637\u0631\u064a\u0642 \u0627\u0644\u0645\u0644\u0643 \u0641\u0647\u062f", "name:ar": "\u0637\u0631\u064a\u0642 \u0627\u0644\u0645\u0644\u0643 \u0641\u0647\u062f", "name:en": "King Fahd Road", "oneway": "yes", "ref": "65", "surface": "asphalt", "wikidata": "Q12221758", "id": "way/266901972", "@id": "way/266901972"}, "geometry": {"type": "LineString", "coordinates": [[35.83996498586096, 0, 530.8850799999532], [91.92586956047721, 0, 406.67422400024975], [173.3040293356339, 0, 228.40637600003006]]}}, {"type": "Feature", "properties": {"highway": "primary_link", "lanes": "2", "oneway": "yes", "surface": "asphalt", "id": "way/266901973", "@id": "way/266901973"}, "geometry": {"type": "LineString", "coordinates": [[-2.56866566192389, 0, 570.9491480002833], [16.868245371730655, 0, 528.9815080002506], [20.974065288130383, 0, 523.2596600002221], [26.37433089254758, 0, 518.6287480002866], [32.50272219705843, 0, 516.0795200001577]]}}, {"type": "Feature", "properties": {"bridge": "yes", "highway": "primary_link", "lanes": "2", "layer": "1", "oneway": "yes", "surface": "asphalt", "id": "way/266901974", "@id": "way/266901974"}, "geometry": {"type": "LineString", "coordinates": [[135.8763458100195, 0, 374.3023680000357], [128.59508881554996, 0, 376.0278280000297], [121.55654038682023, 0, 375.61594399996227], [115.16521480245852, 0, 373.5231280000256], [110.60431632430864, 0, 370.2725840000063], [106.28612641189856, 0, 365.474692000097], [103.77813789158927, 0, 358.3168160002929]]}}, {"type": "Feature", "properties": {"highway": "primary", "lanes": "2", "name": "\u0627\u0644\u0639\u0631\u0648\u0628\u0629", "name:en": "Al Orouba", "oneway": "yes", "surface": "asphalt", "id": "way/266902957", "@id": "way/266902957"}, "geometry": {"type": "LineString", "coordinates": [[135.43138010532485, 0, 403.0340600000277], [130.49630591971334, 0, 433.9810200002007], [130.67833734455712, 0, 436.18515600025177], [131.09296447880374, 0, 441.08323600014546], [131.942444461408, 0, 444.48962800000857], [133.8234358521789, 0, 447.9962080002515], [140.47769571711004, 0, 452.9165520000099], [170.7555893871025, 0, 470.76114800012135], [187.11819191180538, 0, 484.5536959999433]]}}, {"type": "Feature", "properties": {"highway": "unclassified", "oneway": "yes", "id": "way/306482454", "@id": "way/306482454"}, "geometry": {"type": "LineString", "coordinates": [[436.21808399261647, 0, 232.06880400011684], [436.62259826980755, 0, 240.03931599992583], [434.2561897468385, 0, 244.759284000111], [427.3491084583935, 0, 249.9134000002283]]}}, {"type": "Feature", "properties": {"highway": "unclassified", "oneway": "yes", "id": "way/306482455", "@id": "way/306482455"}, "geometry": {"type": "LineString", "coordinates": [[352.36227426831704, 0, 214.21307600027077], [353.970218521463, 0, 209.10348800027833], [356.0939184779737, 0, 204.8510640000201], [367.17760968148855, 0, 199.1626119999863]]}}, {"type": "Feature", "properties": {"highway": "unclassified", "oneway": "yes", "id": "way/306482456", "@id": "way/306482456"}, "geometry": {"type": "LineString", "coordinates": [[301.6159581565034, 0, 190.42399200029735], [298.6731167878364, 0, 184.71327600000336], [279.88342859783137, 0, 175.05070000019515], [274.7157587035356, 0, 168.50508400003164]]}}, {"type": "Feature", "properties": {"id": "way/409737149", "@id": "way/409737149"}, "geometry": {"type": "LineString", "coordinates": [[-2457.4849129162785, 0, 1385.7781520002877], [-2317.785907183821, 0, 1074.8391279999732], [-2136.927573716093, 0, 687.0781720000633], [-2029.0840673363257, 0, 446.0815040000234], [-1986.751648196985, 0, 316.05974400004175], [-1885.3904831136424, 0, -27.006231999997965], [-1861.4331250293415, 0, -100.61101599996405], [-1820.8300044256573, 0, -196.59111999999269], [-1723.0285649849015, 0, -407.53138799998396], [-1647.8293607988148, 0, -376.7291439999201], [-1484.0111912706054, 0, -295.26516799986393], [-769.2344629393416, 0, 33.64090400001572], [-577.4946954070532, 0, 122.975204000292], [-337.00084457989567, 0, 238.43630800017635], [-65.96616580217625, 0, 362.81414400024914], [83.95693829413612, 0, 441.5285160002077], [68.30223575469729, 0, 473.0209440000318], [-0.5258685604202716, 0, 620.5199440001825], [-51.69692466353605, 0, 735.2240719999214], [-125.358974595147, 0, 899.0537160002883], [-181.50555631137783, 0, 1024.1439999999861], [-227.49882966242373, 0, 1122.7846520002581], [-557.2184172478499, 0, 1843.2810880001082], [-718.2757768315176, 0, 2193.593996000202], [-722.5535153164242, 0, 2191.6124999999843], [-1340.7625727533352, 0, 1905.3976480002877], [-1691.7798370483572, 0, 1737.0261480002353], [-1808.1181432556039, 0, 1684.5721640002594], [-1866.2569577880608, 0, 1660.8276080000153], [-1956.9288330887425, 0, 1623.0344680001213], [-2457.4849129162785, 0, 1385.7781520002877]]}}, {"type": "Feature", "properties": {"id": "way/409737153", "@id": "way/409737153"}, "geometry": {"type": "LineString", "coordinates": [[1782.876452340341, 0, -3257.234331999816], [1643.6122994562415, 0, -3322.222947999942], [1401.1868929544726, 0, -3433.743324000047], [1378.6251091265888, 0, -3444.1183479998754], [1280.5000582636492, 0, -3487.855976000027], [1181.8895902677928, 0, -3521.8197079998604], [1106.9027560777163, 0, -3546.5884079998127], [978.9650029628714, 0, -3586.0513479998413], [847.6293299176092, 0, -3612.745883999756], [735.3260536288105, 0, -3631.5144359999867], [716.243092587788, 0, -3632.549711999825], [715.0801140400553, 0, -3596.1592039997117], [717.0015568583298, 0, -3565.969219999684], [729.2583394659143, 0, -3422.733775999922], [732.1910679782443, 0, -3381.6121679998887], [731.8168922715013, 0, -3334.991352000056], [728.3684080558065, 0, -3291.253723999904], [718.7510811080974, 0, -3241.4268919997817], [709.5382684382979, 0, -3206.5392039998287], [693.0745373444769, 0, -3162.367427999745], [616.3786303314178, 0, -2997.1796799997223], [564.7423828094963, 0, -2882.6981919998166], [437.512529680634, 0, -2602.895371999909], [375.35891094384, 0, -2464.6693279997594], [277.4462300761922, 0, -2248.296643999958], [86.07052539430985, 0, -1840.108467999813], [25.54507662405435, 0, -1699.6560239997477], [-80.40732550860469, 0, -1464.8487480000588], [-257.34187048477713, 0, -1085.3588679999111], [-264.835497475257, 0, -1068.1376639999658], [-328.6880761772595, 0, -928.7316279998687], [-451.5390622520972, 0, -661.218536000018], [-601.401489206795, 0, -337.46657999986013], [-621.0507702357413, 0, -294.9979999999057], [-729.5010480323728, 0, -54.44661199992808], [-769.2344629393416, 0, 33.64090400001572], [-337.00084457989567, 0, 238.43630800017635], [-65.96616580217625, 0, 362.81414400024914], [83.95693829413612, 0, 441.5285160002077], [198.39402739721956, 0, 499.3481240000041], [1093.1088192149373, 0, 941.7115400000813], [1099.823756221483, 0, 926.9950360001401], [1209.4572382792396, 0, 698.8335640002036], [1217.9318123926084, 0, 681.144815999936], [1552.7381670173233, 0, -17.777803999726416], [1638.1210181390431, 0, -196.02338799968592], [1701.7207754182502, 0, -167.29169599969396], [1928.9971222283268, 0, -65.03314399985555], [1953.7432831536173, 0, -53.42246799982448], [2034.9495243609858, 0, -236.55499999994305], [2101.825847287381, 0, -693.7685039999405], [2529.0738271766563, 0, -1644.4301719998095], [3257.5130252304143, 0, -1245.9602319997277], [2828.6166496604897, 0, -2446.5241679996952], [2811.2731000128974, 0, -2534.0773479997224], [2842.2386679547617, 0, -2644.4622600000043], [2886.067789921793, 0, -2745.474027999906], [3113.1823310204186, 0, -3261.3643039998296], [3167.124309924413, 0, -3410.8447999998025], [3203.0755163364474, 0, -3500.3794760000474], [3239.2694313149404, 0, -3587.1088879999397]]}}, {"type": "Feature", "properties": {"highway": "primary", "horse": "no", "lanes": "3", "maxspeed": "70", "name": "\u0634\u0627\u0631\u0639 \u0627\u0644\u0639\u0644\u064a\u0627", "name:ar": "\u0634\u0627\u0631\u0639 \u0627\u0644\u0639\u0644\u064a\u0627", "name:en": "Al Olaya Street", "oneway": "yes", "surface": "asphalt", "id": "way/458485611", "@id": "way/458485611"}, "geometry": {"type": "LineString", "coordinates": [[419.86559432496915, 0, 584.4411320001523], [419.5723214739517, 0, 585.1869760001675], [418.3587786409413, 0, 588.2260120000881], [414.4349901493854, 0, 597.3987800001046], [408.3672759872077, 0, 612.1486800000406], [403.7355875096691, 0, 622.8576640002126], [402.4613675357627, 0, 625.7965120001488], [398.0622747683455, 0, 637.0509639999718]]}}, {"type": "Feature", "properties": {"highway": "primary", "horse": "no", "lanes": "3", "maxspeed": "60", "name": "\u0634\u0627\u0631\u0639 \u0627\u0644\u0639\u0644\u064a\u0627", "name:ar": "\u0634\u0627\u0631\u0639 \u0627\u0644\u0639\u0644\u064a\u0627", "name:en": "Al Olaya Street", "oneway": "yes", "surface": "asphalt", "id": "way/535677695", "@id": "way/535677695"}, "geometry": {"type": "LineString", "coordinates": [[445.1881880959576, 0, 529.5715040000266], [419.86559432496915, 0, 584.4411320001523]]}}, {"type": "Feature", "properties": {"highway": "primary_link", "lanes": "1", "oneway": "yes", "id": "way/539903325", "@id": "way/539903325"}, "geometry": {"type": "LineString", "coordinates": [[178.99756779106855, 0, 504.0569600000592], [172.82872505977272, 0, 503.5671520002676], [167.85319944593908, 0, 502.2981040000704], [161.7248081421468, 0, 500.0383080001599], [157.7807939364798, 0, 497.9343600000932], [149.70062124396506, 0, 494.07155600003773], [142.80365281257556, 0, 490.9100680002682], [120.81830183038961, 0, 479.5776919999299], [116.2472904951842, 0, 478.5869440002166], [112.0504548660033, 0, 477.5961960001078], [104.04107217144012, 0, 482.8059720000846], [97.39692516356452, 0, 491.4221399999245], [87.57734107761912, 0, 503.6450759999917]]}}, {"type": "Feature", "properties": {"highway": "primary", "lanes": "4", "lit": "yes", "maxspeed": "60", "name": "\u0637\u0631\u064a\u0642 \u0627\u0644\u0645\u0644\u0643 \u0641\u0647\u062f \u0627\u0644\u0641\u0631\u0639\u064a", "name:ar": "\u0637\u0631\u064a\u0642 \u0627\u0644\u0645\u0644\u0643 \u0641\u0647\u062f \u0627\u0644\u0641\u0631\u0639\u064a", "name:en": "King Fahad Branch Road", "oneway": "yes", "surface": "asphalt", "id": "way/569512708", "@id": "way/569512708"}, "geometry": {"type": "LineString", "coordinates": [[190.76893326645495, 0, 149.30238400026425], [197.09958170920208, 0, 137.1462400001866], [214.40267992857184, 0, 97.13783200011136], [217.87138985837763, 0, 90.64787600020281], [223.1907526070692, 0, 80.8294520001553], [229.24835391290992, 0, 67.56010800011978], [236.6711909047197, 0, 51.273992000028414], [247.21890069075874, 0, 24.601719999978258], [288.32766414075223, 0, -65.91257199984994], [291.38174693559284, 0, -72.64743199985205], [298.60232678916634, 0, -88.55505999987074], [322.15517059627615, 0, -138.3930239997281], [323.6215348520818, 0, -141.75488799986184], [337.49637457058645, 0, -173.5924079997639], [341.80445162522244, 0, -183.47762399980098], [342.44156161253494, 0, -184.8023319998576], [360.6345912427311, 0, -222.78471599998582], [426.1760170536052, 0, -359.6192599996938], [434.1651740340573, 0, -376.30612799972255], [438.1395268108909, 0, -384.58833600001014], [438.5844925163041, 0, -385.56795199998885], [445.64326665842634, 0, -401.3308639998984], [468.821934758793, 0, -453.02787199972886], [526.5562350140588, 0, -581.8028479997736], [536.7601076638028, 0, -604.5566559999088], [551.8181516434327, 0, -638.2643519999141], [564.3378685315867, 0, -666.0832199999169], [584.1085038444808, 0, -713.2161079998015], [586.0805109473142, 0, -717.9249439998566], [602.4330006149617, 0, -749.1947319998474], [632.4985242896623, 0, -806.691511999826], [632.7816842836243, 0, -807.2369799998727], [633.5704871246139, 0, -809.0069679999915]]}}, {"type": "Feature", "properties": {"highway": "primary", "horse": "no", "lanes": "3", "maxspeed": "60", "name": "\u0634\u0627\u0631\u0639 \u0627\u0644\u0639\u0644\u064a\u0627", "name:ar": "\u0634\u0627\u0631\u0639 \u0627\u0644\u0639\u0644\u064a\u0627", "name:en": "Al Olaya Street", "oneway": "yes", "surface": "asphalt", "id": "way/569517077", "@id": "way/569517077"}, "geometry": {"type": "LineString", "coordinates": [[718.4476954000244, 0, -66.63615200000052], [694.4094344599979, 0, -14.894616000045175], [693.0037473458068, 0, -11.866711999859234], [688.5136388656084, 0, -2.2041360000510224], [685.4191046425457, 0, 4.764496000310032], [683.7302575343926, 0, 8.493715999990883], [675.1242162807391, 0, 27.540568000309946], [668.6722135547628, 0, 41.733868000069236], [664.7383122061514, 0, 50.37230000016933], [585.6759966694046, 0, 224.29866800027654], [581.0746467630327, 0, 234.41765600027708], [576.9182625620738, 0, 243.5458960001688], [560.6466757494336, 0, 279.23508799999627], [550.7158502373145, 0, 301.0204120002828], [545.8616789074287, 0, 313.2099519999598], [544.5470075053001, 0, 315.4252200001409], [541.5738275661852, 0, 322.24913599999724], [527.3248121409374, 0, 353.574584000243], [487.0655286735483, 0, 440.6156920002185], [484.1226873048813, 0, 446.7048960001897], [450.1637137090727, 0, 518.9849720000991], [445.1881880959576, 0, 529.5715040000266]]}}, {"type": "Feature", "properties": {"highway": "unclassified", "name": "\u0631\u0642\u0645 94", "name:en": "No. 94", "oneway": "yes", "id": "way/569540470", "@id": "way/569540470"}, "geometry": {"type": "LineString", "coordinates": [[530.7126192150175, 0, 308.37866400005566], [531.1879234908788, 0, 297.54722800003464], [529.4383992411111, 0, 293.4172560000209], [521.1155179814195, 0, 288.89766400019994], [485.47781013451333, 0, 273.1681480002852], [440.3239039090162, 0, 253.2307360002372], [432.32463407150857, 0, 249.70189200012953], [427.3491084583935, 0, 249.9134000002283], [399.033109034179, 0, 244.51438000001744], [383.2166007840074, 0, 237.18952400023937], [357.620959875394, 0, 218.71040400022707], [356.1141441920848, 0, 217.19645199993636], [352.36227426831704, 0, 214.21307600027077], [349.7127057506675, 0, 213.04421600005796], [301.6159581565034, 0, 190.42399200029735], [260.18358328432595, 0, 172.95788400025856], [246.7233707007865, 0, 176.74276400019437], [233.8497038192819, 0, 187.86363200003834]]}}, {"type": "Feature", "properties": {"highway": "primary", "horse": "no", "lanes": "3", "maxspeed": "70", "name": "\u0634\u0627\u0631\u0639 \u0627\u0644\u0639\u0644\u064a\u0627", "name:ar": "\u0634\u0627\u0631\u0639 \u0627\u0644\u0639\u0644\u064a\u0627", "name:en": "Al Olaya Street", "oneway": "yes", "surface": "asphalt", "id": "way/569540473", "@id": "way/569540473"}, "geometry": {"type": "LineString", "coordinates": [[398.0622747683455, 0, 637.0509639999718], [377.12866090771865, 0, 685.5864840000328], [352.2105814139213, 0, 740.9347880002155], [303.4564981190522, 0, 849.4161280000042]]}}, {"type": "Feature", "properties": {"highway": "service", "oneway": "yes", "id": "way/593386383", "@id": "way/593386383"}, "geometry": {"type": "LineString", "coordinates": [[170.7555893871025, 0, 470.76114800012135], [185.74284336878083, 0, 471.82981999995434], [199.7491502268516, 0, 476.26035600031656], [244.03335075563342, 0, 492.8136399999707], [248.3110892398214, 0, 491.47780000017946], [252.8517620045788, 0, 485.6557640001665], [258.7677833130793, 0, 452.4935360002078], [263.2983432207812, 0, 440.3039960001354], [272.8145415986536, 0, 427.2016320000738], [281.26888999863, 0, 414.6669999999234], [284.231957081408, 0, 412.3849400001483], [286.871412742002, 0, 412.41833600014303]]}}, {"type": "Feature", "properties": {"highway": "residential", "oneway": "yes", "id": "way/593386384", "@id": "way/593386384"}, "geometry": {"type": "LineString", "coordinates": [[485.47781013451333, 0, 273.1681480002852], [477.17515458893274, 0, 274.4149320002222], [454.350436481198, 0, 274.1255000000038]]}}, {"type": "Feature", "properties": {"highway": "residential", "layer": "-1", "oneway": "yes", "tunnel": "yes", "id": "way/593386385", "@id": "way/593386385"}, "geometry": {"type": "LineString", "coordinates": [[430.979624098932, 0, 440.02569600004705], [452.4795579482012, 0, 397.0227800001761]]}}, {"type": "Feature", "properties": {"highway": "service", "layer": "-1", "oneway": "yes", "id": "way/593386386", "@id": "way/593386386"}, "geometry": {"type": "LineString", "coordinates": [[452.4795579482012, 0, 397.0227800001761], [468.4578719091055, 0, 382.2060880002506], [476.01217604119995, 0, 373.2003000002079], [481.2405230778289, 0, 363.0256519999524], [491.1207843053889, 0, 340.0825999999786], [492.2837628531217, 0, 329.7632360000094], [491.1207843053889, 0, 318.8650079999988], [484.58787872368697, 0, 307.3879159999468], [460.933906347459, 0, 283.0311000000621], [454.350436481198, 0, 274.1255000000038], [440.3239039090162, 0, 253.2307360002372]]}}, {"type": "Feature", "properties": {"embankment": "yes", "highway": "service", "oneway": "yes", "id": "way/593386387", "@id": "way/593386387"}, "geometry": {"type": "LineString", "coordinates": [[354.7084570778936, 0, 530.3730080002969], [368.51250679700956, 0, 529.504712000037], [395.5340605339252, 0, 525.7309640002313], [410.0561230953607, 0, 514.9774519999345], [422.26234141910476, 0, 489.6966799999305], [428.9469398544839, 0, 469.9485120001165], [430.1099184022167, 0, 449.6103480001311], [430.979624098932, 0, 440.02569600004705]]}}, {"type": "Feature", "properties": {"highway": "service", "layer": "-1", "oneway": "yes", "tunnel": "yes", "id": "way/593386388", "@id": "way/593386388"}, "geometry": {"type": "LineString", "coordinates": [[286.871412742002, 0, 412.41833600014303], [324.34966055145696, 0, 427.524460000287]]}}, {"type": "Feature", "properties": {"highway": "service", "oneway": "yes", "id": "way/593386389", "@id": "way/593386389"}, "geometry": {"type": "LineString", "coordinates": [[324.34966055145696, 0, 427.524460000287], [325.81602480726264, 0, 429.29444800001033], [326.54415050735633, 0, 431.865940000004], [321.4472706110121, 0, 456.2895480002737], [319.2628935121682, 0, 465.0504320002228], [314.4491736097859, 0, 473.0209440000318], [309.89838798797297, 0, 479.67788000030976], [304.3059781016565, 0, 485.94519599998944], [298.8955996401838, 0, 493.12533600005384], [292.9694654753463, 0, 499.0030319999262], [291.2705055094192, 0, 506.6061880001881], [294.8504568653986, 0, 517.9163000002661], [320.395533489453, 0, 529.7941440002555], [340.36842594058334, 0, 530.3062160003072], [354.7084570778936, 0, 530.3730080002969]]}}, {"type": "Feature", "properties": {"highway": "service", "oneway": "yes", "id": "way/593386390", "@id": "way/593386390"}, "geometry": {"type": "LineString", "coordinates": [[230.89674959355943, 0, 194.1532119999782], [233.6980109656047, 0, 211.0849840001005], [234.86098951333747, 0, 225.90167600002601], [234.28455666763958, 0, 238.97064400009285], [217.82082557381858, 0, 275.03832399999294]]}}, {"type": "Feature", "properties": {"highway": "service", "oneway": "yes", "id": "way/593386393", "@id": "way/593386393"}, "geometry": {"type": "LineString", "coordinates": [[427.3491084583935, 0, 249.9134000002283], [408.02343885163117, 0, 250.88188400007695], [397.2734719266373, 0, 253.78733600001837], [398.0015976267309, 0, 274.0475760002796], [397.21279478502265, 0, 283.98845200017615], [391.39790204635887, 0, 299.9851360000491], [378.74671801792016, 0, 318.45312399993134], [357.4692670217168, 0, 344.4352120002212]]}}, {"type": "Feature", "properties": {"highway": "service", "layer": "-1", "oneway": "yes", "tunnel": "yes", "id": "way/593386396", "@id": "way/593386396"}, "geometry": {"type": "LineString", "coordinates": [[357.4692670217168, 0, 344.4352120002212], [331.03425898755467, 0, 331.6556759999773]]}}, {"type": "Feature", "properties": {"highway": "service", "oneway": "yes", "id": "way/593386400", "@id": "way/593386400"}, "geometry": {"type": "LineString", "coordinates": [[331.03425898755467, 0, 331.6556759999773], [335.0996274757323, 0, 313.93353200011035], [337.1323117201804, 0, 297.947979999972], [339.7515416673819, 0, 282.8418560002235], [340.6212473640972, 0, 277.0309519999452], [343.24047731058016, 0, 271.2200480000624], [348.1755514961917, 0, 262.5036920002381], [358.05581272375167, 0, 254.36620000005973], [366.7730954035789, 0, 248.84472799999983], [373.74085383363854, 0, 245.64984400023548], [374.034126684656, 0, 239.26007600031127], [354.9309399302409, 0, 221.1037840001167], [352.36227426831704, 0, 214.21307600027077]]}}, {"type": "Feature", "properties": {"highway": "service", "layer": "-1", "oneway": "yes", "tunnel": "yes", "id": "way/593386402", "@id": "way/593386402"}, "geometry": {"type": "LineString", "coordinates": [[217.82082557381858, 0, 275.03832399999294], [214.52403421180102, 0, 282.2629920001822], [179.91783777234295, 0, 360.298312000115]]}}, {"type": "Feature", "properties": {"highway": "primary_link", "lanes": "1", "oneway": "yes", "id": "way/593386406", "@id": "way/593386406"}, "geometry": {"type": "LineString", "coordinates": [[179.91783777234295, 0, 360.298312000115], [171.9286807918908, 0, 374.1687840000566], [165.70927377531734, 0, 385.60134799998366], [157.77068107942426, 0, 394.56260800029696], [135.43138010532485, 0, 403.0340600000277]]}}, {"type": "Feature", "properties": {"highway": "service", "layer": "-1", "oneway": "yes", "id": "way/593386408", "@id": "way/593386408"}, "geometry": {"type": "LineString", "coordinates": [[439.0395710780543, 0, 510.04597600004604], [436.2888739912866, 0, 500.4501920002274], [434.9944283032691, 0, 489.2625319999984], [435.02476687371717, 0, 466.38627200001406], [440.94078818221766, 0, 445.2466040001539]]}}, {"type": "Feature", "properties": {"highway": "residential", "layer": "-1", "oneway": "yes", "tunnel": "yes", "id": "way/593386410", "@id": "way/593386410"}, "geometry": {"type": "LineString", "coordinates": [[440.94078818221766, 0, 445.2466040001539], [456.94944071428847, 0, 402.04331200031436]]}}, {"type": "Feature", "properties": {"highway": "service", "layer": "-1", "oneway": "yes", "id": "way/593386412", "@id": "way/593386412"}, "geometry": {"type": "LineString", "coordinates": [[456.94944071428847, 0, 402.04331200031436], [467.22410336270264, 0, 393.58299199992274], [487.0655286735483, 0, 375.93877200017545], [502.9022626371123, 0, 370.57314799995936]]}}, {"type": "Feature", "properties": {"highway": "primary", "lanes": "3", "maxspeed": "60", "name": "\u0634\u0627\u0631\u0639 \u0627\u0644\u0639\u0644\u064a\u0627", "name:ar": "\u0634\u0627\u0631\u0639 \u0627\u0644\u0639\u0644\u064a\u0627", "name:en": "Al Olaya Street", "oneway": "yes", "surface": "asphalt", "id": "way/604942959", "@id": "way/604942959"}, "geometry": {"type": "LineString", "coordinates": [[483.3541101772841, 0, 413.21984000001777], [502.9022626371123, 0, 370.57314799995936], [515.0781423896898, 0, 342.97692000018543], [526.5764607274513, 0, 316.9169080001714], [529.0237721068645, 0, 311.6403400002051], [530.7126192150175, 0, 308.37866400005566], [531.8654849056949, 0, 306.68660000005644], [537.5185719343444, 0, 293.9961200000623], [547.5505260155817, 0, 274.1366320001339], [556.9453701109435, 0, 252.5405520000814], [591.8549522584746, 0, 172.24543600023807]]}}, {"type": "Feature", "properties": {"highway": "residential", "id": "way/669045347", "@id": "way/669045347"}, "geometry": {"type": "LineString", "coordinates": [[284.231957081408, 0, 412.3849400001483], [288.7625169891099, 0, 404.08046799999596], [291.3412955080893, 0, 400.2176639999405], [294.4560554445445, 0, 396.68882000022836], [297.03483396424247, 0, 395.26392400018733], [301.44403958871516, 0, 393.9058200001359], [323.9552591313214, 0, 403.26783199999113], [325.24970481933883, 0, 404.42556000007386], [326.8778747858773, 0, 408.08798800016064], [328.56672189474887, 0, 415.9471800002507], [327.1509219235022, 0, 424.4297640001115], [325.81602480726264, 0, 429.29444800001033]]}}, {"type": "Feature", "properties": {"highway": "service", "id": "way/669045912", "@id": "way/669045912"}, "geometry": {"type": "LineString", "coordinates": [[25.03943377702657, 0, 714.9860960003159], [27.415955157051158, 0, 708.4738760001471]]}}, {"type": "Feature", "properties": {"highway": "service", "id": "way/669045913", "@id": "way/669045913"}, "geometry": {"type": "LineString", "coordinates": [[89.55946103750814, 0, 566.6299320000355], [64.52002726048157, 0, 552.7149319999692]]}}, {"type": "Feature", "properties": {"highway": "service", "oneway": "yes", "id": "way/669045914", "@id": "way/669045914"}, "geometry": {"type": "LineString", "coordinates": [[230.2191881787434, 0, 557.4460320002844], [229.67309390421207, 0, 556.4441520000455], [228.87417820616685, 0, 555.431140000072], [213.3104913795092, 0, 537.7535239999344], [211.35870999078674, 0, 533.6680800000455], [209.80133002219986, 0, 529.4267880003129], [208.3147400522831, 0, 523.4155080000659], [207.61695292407458, 0, 517.2595120001051]]}}, {"type": "Feature", "properties": {"highway": "service", "id": "way/669045915", "@id": "way/669045915"}, "geometry": {"type": "LineString", "coordinates": [[-0.7786899839341627, 0, 696.083960000106], [27.415955157051158, 0, 708.4738760001471], [89.55946103750814, 0, 566.6299320000355], [112.93027341977417, 0, 510.5469159999677], [115.09442480378841, 0, 506.30562400023507], [117.4911718986426, 0, 502.6320640000182], [122.84087321778217, 0, 500.80641600003986], [131.6289458969981, 0, 500.78415200017514], [190.60712755500367, 0, 527.189256000267], [193.5499689243892, 0, 527.0890680002827], [193.8938060599657, 0, 525.4637960002731], [194.83430175535113, 0, 522.4024960000924], [197.22093599243127, 0, 512.417092000071]]}}, {"type": "Feature", "properties": {"highway": "service", "id": "way/669045916", "@id": "way/669045916"}, "geometry": {"type": "LineString", "coordinates": [[79.23423410453496, 0, 794.9472520002114], [85.0592397002543, 0, 781.0322520001449], [85.28172255260161, 0, 780.0526360001662], [85.19070684053901, 0, 779.1286800000469], [84.51314542572297, 0, 778.1490640000682], [83.28948973637561, 0, 777.3698240000581], [21.520159562661707, 0, 754.6605440000478], [18.395286769150967, 0, 753.502815999965], [15.351316831365871, 0, 752.0111279999345], [13.581566866768634, 0, 749.2949200002272], [13.177052589577546, 0, 746.177960000187], [14.259128281584665, 0, 742.5155320001002], [25.03943377702657, 0, 714.9860960003159], [-3.923788491555952, 0, 702.807687999978]]}}, {"type": "Feature", "properties": {"highway": "residential", "lanes": "2", "layer": "1", "maxspeed": "30", "name": "\u0648\u0627\u062f\u064a \u0627\u0644\u0623\u0648\u0633\u0637", "name:en": "Wadi Al Awsat", "oneway": "yes", "id": "way/678570859", "@id": "way/678570859"}, "geometry": {"type": "LineString", "coordinates": [[644.3912440475593, 0, -299.96287199978894], [627.3005158234814, 0, -264.35160399968566], [624.2666587427518, 0, -257.8839120000373], [620.7069331008834, 0, -246.59606399982394], [606.2253219662329, 0, -216.439475999791], [601.0070877866594, 0, -206.67671199999845], [579.6689596488415, 0, -163.55134399988302], [519.5783637269436, 0, -33.217887999818174], [459.9832977950181, 0, 95.82425600018482], [408.48863027043683, 0, 213.6787399999588]]}}, {"type": "Feature", "properties": {"highway": "residential", "oneway": "yes", "id": "way/678572087", "@id": "way/678572087"}, "geometry": {"type": "LineString", "coordinates": [[230.2191881787434, 0, 504.0792239999239], [238.41060229815037, 0, 497.9788880002181], [249.28192350565487, 0, 499.30359600027475], [265.57373603168764, 0, 505.86034400017286], [273.0370244517195, 0, 508.84372000023393], [281.3093414261335, 0, 512.3725639999461], [290.2592198160822, 0, 515.9014080000537], [294.8504568653986, 0, 517.9163000002661]]}}, {"type": "Feature", "properties": {"highway": "motorway", "lanes": "3", "maxspeed": "100", "name": "\u0637\u0631\u064a\u0642 \u0627\u0644\u0645\u0644\u0643 \u0641\u0647\u062f", "name:ar": "\u0637\u0631\u064a\u0642 \u0627\u0644\u0645\u0644\u0643 \u0641\u0647\u062f", "name:en": "King Fahd Road", "oneway": "yes", "ref": "65", "surface": "asphalt", "wikidata": "Q12221758", "id": "way/779862593", "@id": "way/779862593"}, "geometry": {"type": "LineString", "coordinates": [[-565.5210727934304, 0, 1837.8264080000379], [-551.7878130722661, 0, 1806.4786959999274], [-476.85154316674874, 0, 1635.4132520000323], [-436.1978582785054, 0, 1558.580188000307], [-210.11482858732833, 0, 1070.3863280001417], [-191.17344754364606, 0, 1029.4873599999419], [-132.62000587622404, 0, 893.2316800002753], [-94.34284236800534, 0, 812.6248679999535], [-47.763023314924574, 0, 712.9600719999734], [35.83996498586096, 0, 530.8850799999532]]}}, {"type": "Feature", "properties": {"highway": "primary", "lanes": "4", "maxspeed": "60", "name": "\u0637\u0631\u064a\u0642 \u0627\u0644\u0645\u0644\u0643 \u0641\u0647\u062f \u0627\u0644\u0641\u0631\u0639\u064a", "name:ar": "\u0637\u0631\u064a\u0642 \u0627\u0644\u0645\u0644\u0643 \u0641\u0647\u062f \u0627\u0644\u0641\u0631\u0639\u064a", "name:en": "King Fahad Branch Road", "oneway": "yes", "surface": "asphalt", "id": "way/844036241", "@id": "way/844036241"}, "geometry": {"type": "LineString", "coordinates": [[239.9174179814596, 0, 173.65920000014896], [233.8497038192819, 0, 187.86363200003834], [230.89674959355943, 0, 194.1532119999782], [211.1867914229985, 0, 236.35462399997436], [155.7885611202538, 0, 356.6247520002936], [135.43138010532485, 0, 403.0340600000277], [114.64945909909378, 0, 446.09263600015356], [113.06174056005888, 0, 449.1873319999336], [106.98391354010708, 0, 463.4919520002028], [87.57734107761912, 0, 503.6450759999917], [64.52002726048157, 0, 552.7149319999692], [45.37638907784446, 0, 588.5043120001764], [-0.7786899839341627, 0, 696.083960000106], [-3.923788491555952, 0, 702.807687999978], [-26.18218661064828, 0, 750.4749120001746], [-38.25693779410766, 0, 783.0026160002325], [-78.76904268501072, 0, 881.2313840000415], [-149.9534426667604, 0, 1025.490972000303], [-242.27371364809173, 0, 1222.8502000001756], [-244.9637335932448, 0, 1229.8188320001411], [-311.3950908142267, 0, 1385.4107959999496], [-318.0695763932689, 0, 1400.9955960001507], [-368.9372467883117, 0, 1503.7996160000357], [-376.51177663379866, 0, 1519.9298840002832], [-379.6063108568614, 0, 1526.5200280001761], [-392.479977738366, 0, 1553.9604080001063], [-400.7118432852765, 0, 1571.5155719999993], [-434.76183259314774, 0, 1645.9552560002303], [-487.1363186714998, 0, 1767.5834880002055], [-492.829857127653, 0, 1780.7971719999862], [-499.8279541281606, 0, 1797.0498920000828], [-559.3825686318642, 0, 1918.1215240002766], [-569.9909555595177, 0, 1938.0589359999292], [-580.8723896240778, 0, 1958.5195520001591], [-632.3266057211555, 0, 2068.8599360003163], [-646.7576525705284, 0, 2099.250296000313], [-651.1769710527751, 0, 2108.5455160001784], [-667.0541564438428, 0, 2148.37581200015]]}}, {"type": "Feature", "properties": {"id": "way/916939924", "@id": "way/916939924"}, "geometry": {"type": "LineString", "coordinates": [[1782.876452340341, 0, -3257.234331999816], [942.4980408467534, 0, -1432.3655719997303], [932.7694724728706, 0, -1411.1479799997505], [68.30223575469729, 0, 473.0209440000318], [-0.5258685604202716, 0, 620.5199440001825], [-51.69692466353605, 0, 735.2240719999214], [-125.358974595147, 0, 899.0537160002883], [-181.50555631137783, 0, 1024.1439999999861], [-227.49882966242373, 0, 1122.7846520002581], [-718.2757768315176, 0, 2193.593996000202], [-857.3477854344366, 0, 2498.4994760000095], [-1211.8640982297122, 0, 3267.052756000259], [-1382.4781076194745, 0, 3638.282691999984], [-1577.464102228503, 0, 4065.373003999943], [-1675.8318616579008, 0, 4279.908908000031], [-1793.6365321209535, 0, 4534.642464000034], [-2217.0214006602873, 0, 5454.869244000177], [-2415.9109580467607, 0, 5891.232512000138]]}}, {"type": "Feature", "properties": {"id": "way/916939925", "@id": "way/916939925"}, "geometry": {"type": "LineString", "coordinates": [[-2415.9109580467607, 0, 5891.232512000138], [-2217.0214006602873, 0, 5454.869244000177], [-1793.6365321209535, 0, 4534.642464000034], [-1675.8318616579008, 0, 4279.908908000031], [-1577.464102228503, 0, 4065.373003999943], [-1382.4781076194745, 0, 3638.282691999984], [-1211.8640982297122, 0, 3267.052756000259], [-857.3477854344366, 0, 2498.4994760000095], [-718.2757768315176, 0, 2193.593996000202], [-227.49882966242373, 0, 1122.7846520002581], [-181.50555631137783, 0, 1024.1439999999861], [-125.358974595147, 0, 899.0537160002883], [-51.69692466353605, 0, 735.2240719999214], [-0.5258685604202716, 0, 620.5199440001825], [68.30223575469729, 0, 473.0209440000318], [1208.0009868797708, 0, -2006.4205479999239], [1782.876452340341, 0, -3257.234331999816], [1802.3639276585548, 0, -3304.0666559997476], [1843.2805468273675, 0, -3388.135519999792], [1953.429784588489, 0, -3622.4529879996894], [2025.2512945575509, 0, -3789.087896000013], [2072.721045021458, 0, -3892.793607999757], [2131.1632452627064, 0, -4012.5850600000194], [2164.262626018137, 0, -4073.644079999705], [2197.523812485737, 0, -4124.1165679998585], [2225.6375547709963, 0, -4162.700079999893], [2258.2717441083396, 0, -4200.9273679997195], [2327.8481998369434, 0, -4270.558027999911], [2490.715760812712, 0, -4433.396923999773]]}}, {"type": "Feature", "properties": {"destination": "\u0627\u0644\u0639\u0631\u0648\u0628\u0629", "highway": "primary", "lanes": "4", "maxspeed": "90", "name": "\u0637\u0631\u064a\u0642 \u0627\u0644\u0639\u0631\u0648\u0628\u0629", "name:ar": "\u0637\u0631\u064a\u0642 \u0627\u0644\u0639\u0631\u0648\u0628\u0629", "name:en": "Al Uaroba Road", "oneway": "yes", "id": "way/954231069", "@id": "way/954231069"}, "geometry": {"type": "LineString", "coordinates": [[442.5588452924191, 0, 609.7998280002759], [596.6888978742494, 0, 682.1689600000395], [665.6383564733146, 0, 716.8674040001537], [704.5930813956309, 0, 733.442952000068], [708.5977727429124, 0, 735.3576560002961], [712.0765955297737, 0, 737.1499080002797], [809.2611506973279, 0, 787.2773039999599], [932.9110524702108, 0, 846.1989799999797], [941.577770865479, 0, 850.3289519999933], [971.2185545488776, 0, 863.3533919999353], [978.4492472595066, 0, 866.5260120002304], [1078.9305937883598, 0, 916.7202000002958], [1089.2355950079404, 0, 922.0746919999863], [1098.7113419583093, 0, 926.9950360001401], [1118.4010744154778, 0, 936.5908199999587], [1146.7170738396924, 0, 950.706195999994], [1172.0194418972883, 0, 962.6063040002434]]}}, {"type": "Feature", "properties": {"highway": "primary", "lanes": "5", "maxspeed": "90", "name": "\u0637\u0631\u064a\u0642 \u0627\u0644\u0639\u0631\u0648\u0628\u0629", "name:ar": "\u0637\u0631\u064a\u0642 \u0627\u0644\u0639\u0631\u0648\u0628\u0629", "name:en": "Al Uaroba Road", "oneway": "yes", "id": "way/963613680", "@id": "way/963613680"}, "geometry": {"type": "LineString", "coordinates": [[375.8342152197012, 0, 579.0532440000715], [389.32476637440726, 0, 585.9996120001723], [392.7024605914319, 0, 587.7362040002964], [397.5768576347102, 0, 589.8401519999676], [401.39951755714804, 0, 591.4876880002374], [414.4349901493854, 0, 597.3987800001046], [416.7609472448509, 0, 598.4006599999481]]}}, {"type": "Feature", "properties": {"highway": "primary", "lanes": "3", "maxspeed": "70", "name": "\u0634\u0627\u0631\u0639 \u0627\u0644\u0639\u0644\u064a\u0627", "name:ar": "\u0634\u0627\u0631\u0639 \u0627\u0644\u0639\u0644\u064a\u0627", "name:en": "Al Olaya Street", "oneway": "yes", "surface": "asphalt", "id": "way/963621615", "@id": "way/963621615"}, "geometry": {"type": "LineString", "coordinates": [[242.04111793868887, 0, 950.4612920002958], [253.50909770528378, 0, 924.779767999959], [262.3072832408366, 0, 905.0983920001346], [271.1054687763895, 0, 885.4058840001801], [316.79535641936246, 0, 776.6462440003031], [329.47687901896774, 0, 747.4692720002488], [334.82658033882586, 0, 735.7806720000981], [377.5331751849098, 0, 647.7265520001491], [386.01786215533417, 0, 626.6870720002732], [388.71799495754277, 0, 620.5978680003021], [389.88097350599406, 0, 617.9707160000535], [390.6090992053692, 0, 616.3120480000491], [394.8666119754461, 0, 606.7051320001003], [401.39951755714804, 0, 591.4876880002374], [407.57847314621796, 0, 579.2424880003056], [416.7710601019064, 0, 561.0082719999913], [421.6050057183998, 0, 549.9430640000069], [422.8792256923062, 0, 547.0264799999353], [439.0395710780543, 0, 510.04597600004604], [483.3541101772841, 0, 413.21984000001777]]}}, {"type": "Feature", "properties": {"highway": "service", "oneway": "yes", "id": "way/984456219", "@id": "way/984456219"}, "geometry": {"type": "LineString", "coordinates": [[184.1045605444683, 0, 649.4854080001379], [218.6500798423118, 0, 664.5692680000217], [200.8615644900253, 0, 699.9133680001667], [188.84749044818054, 0, 704.9895600001644], [160.5820553085251, 0, 693.3566200002685]]}}, {"type": "Feature", "properties": {"highway": "primary", "lanes": "3", "lit": "yes", "maxspeed": "90", "name": "\u0637\u0631\u064a\u0642 \u0627\u0644\u0639\u0631\u0648\u0628\u0629", "name:ar": "\u0637\u0631\u064a\u0642 \u0627\u0644\u0639\u0631\u0648\u0628\u0629", "name:en": "Al Uaroba Road", "oneway": "yes", "source": "Yahoo", "surface": "asphalt", "id": "way/993724571", "@id": "way/993724571"}, "geometry": {"type": "LineString", "coordinates": [[103.71746074997468, 0, 444.2113280003157], [113.06174056005888, 0, 449.1873319999336], [187.11819191180538, 0, 484.5536959999433], [219.3782055416869, 0, 499.1700120002956], [230.2191881787434, 0, 504.0792239999239], [322.9641991513769, 0, 550.3883440000691], [351.05771572324403, 0, 566.7635160000146], [375.8342152197012, 0, 579.0532440000715]]}}, {"type": "Feature", "properties": {"highway": "primary_link", "lanes": "1", "name": "\u0627\u0644\u0639\u0644\u064a\u0627", "name:en": "Al Olaya", "oneway": "yes", "id": "way/1030704555", "@id": "way/1030704555"}, "geometry": {"type": "LineString", "coordinates": [[322.9641991513769, 0, 550.3883440000691], [332.3489303889646, 0, 551.4792800001622], [341.9561444796182, 0, 555.0526519999993], [369.6148082031277, 0, 567.8989800002328], [380.14229227505575, 0, 572.5076280003034], [384.6425136123096, 0, 574.4779919999955], [389.54724922675456, 0, 575.4130800002449], [397.11166621590456, 0, 574.0549760001934], [407.06271744213467, 0, 569.6689679999561], [416.7710601019064, 0, 561.0082719999913]]}}, {"type": "Feature", "properties": {"highway": "service", "id": "way/1035935038", "@id": "way/1035935038"}, "geometry": {"type": "LineString", "coordinates": [[312.1333293713759, 0, 725.5837599999779], [330.4274875706902, 0, 733.799176000276], [334.82658033882586, 0, 735.7806720000981]]}}, {"type": "Feature", "properties": {"highway": "service", "id": "way/1035935039", "@id": "way/1035935039"}, "geometry": {"type": "LineString", "coordinates": [[329.47687901896774, 0, 747.4692720002488], [307.3297223260491, 0, 736.0923680001813]]}}, {"type": "Feature", "properties": {"highway": "service", "id": "way/1035935040", "@id": "way/1035935040"}, "geometry": {"type": "LineString", "coordinates": [[337.1525374342914, 0, 579.5096560002638], [327.1408090664467, 0, 596.7531240000737]]}}, {"type": "Feature", "properties": {"highway": "service", "id": "way/1035935041", "@id": "way/1035935041"}, "geometry": {"type": "LineString", "coordinates": [[244.74125074089747, 0, 872.7488000001807], [252.77085914885316, 0, 855.2047680000223], [307.3297223260491, 0, 736.0923680001813], [312.1333293713759, 0, 725.5837599999779], [354.1320242321957, 0, 633.8894760002023], [351.1487314353067, 0, 622.5014400000045], [341.1167773540695, 0, 603.2430799999822], [327.1408090664467, 0, 596.7531240000737], [230.2191881787434, 0, 557.4460320002844]]}}, {"type": "Feature", "properties": {"highway": "service", "oneway": "yes", "id": "way/1038620487", "@id": "way/1038620487"}, "geometry": {"type": "LineString", "coordinates": [[703.6728114143565, 0, 709.1417960000427], [704.5930813956309, 0, 733.442952000068]]}}, {"type": "Feature", "properties": {"highway": "service", "oneway": "yes", "id": "way/1038620488", "@id": "way/1038620488"}, "geometry": {"type": "LineString", "coordinates": [[665.6383564733146, 0, 716.8674040001537], [677.045659098295, 0, 708.2512360003137]]}}, {"type": "Feature", "properties": {"highway": "service", "oneway": "yes", "id": "way/1038620489", "@id": "way/1038620489"}, "geometry": {"type": "LineString", "coordinates": [[677.045659098295, 0, 708.2512360003137], [703.6728114143565, 0, 709.1417960000427]]}}, {"type": "Feature", "properties": {"highway": "service", "id": "way/1038620490", "@id": "way/1038620490"}, "geometry": {"type": "LineString", "coordinates": [[677.045659098295, 0, 708.2512360003137], [689.2822159924871, 0, 685.1634680002308], [695.8757987158036, 0, 681.7793400002323], [700.6591800470194, 0, 687.456660000136], [703.6728114143565, 0, 709.1417960000427]]}}, {"type": "Feature", "properties": {"highway": "service", "id": "way/1038665397", "@id": "way/1038665397"}, "geometry": {"type": "LineString", "coordinates": [[375.07575094915956, 0, -58.29828399985345], [392.6518963068728, 0, -49.915887999977], [396.31275051785934, 0, -43.94913599985486], [395.90823624066826, 0, -36.89144800003504], [376.9162909117083, 0, 2.7050759999727347], [370.2721439038327, 0, 4.60864800007073], [363.3549497590507, 0, 3.517711999977564], [343.9180387253962, 0, -2.560359999863522]]}}, {"type": "Feature", "properties": {"highway": "service", "service": "parking_aisle", "id": "way/1119515481", "@id": "way/1119515481"}, "geometry": {"type": "LineString", "coordinates": [[236.6711909047197, 0, 51.273992000028414], [219.45910839741254, 0, 42.85820000015718], [180.40325490525967, 0, 23.86700800009308]]}}, {"type": "Feature", "properties": {"electrified": "rail", "gauge": "1435", "layer": "-2", "name": "\u0627\u0644\u0645\u0633\u0627\u0631 \u0627\u0644\u0627\u0632\u0631\u0642", "name:ar": "\u0627\u0644\u0645\u0633\u0627\u0631 \u0627\u0644\u0627\u0632\u0631\u0642", "name:en": "Blue Line", "railway": "subway", "tunnel": "yes", "id": "way/1247262036", "@id": "way/1247262036"}, "geometry": {"type": "LineString", "coordinates": [[405.87951318029087, 0, 600.181780000197], [450.0423594258435, 0, 506.37241600022463], [548.3292160002344, 0, 295.78837200004585]]}}, {"type": "Feature", "properties": {"electrified": "rail", "gauge": "1435", "layer": "-2", "name": "\u0627\u0644\u0645\u0633\u0627\u0631 \u0627\u0644\u0627\u0632\u0631\u0642", "name:ar": "\u0627\u0644\u0645\u0633\u0627\u0631 \u0627\u0644\u0627\u0632\u0631\u0642", "name:en": "Blue Line", "railway": "subway", "tunnel": "yes", "id": "way/1247262037", "@id": "way/1247262037"}, "geometry": {"type": "LineString", "coordinates": [[13.97596828762276, 0, 1469.234756000296], [363.6886740382903, 0, 693.8241640001955], [405.87951318029087, 0, 600.181780000197]]}}, {"type": "Feature", "properties": {"id": "way/1298768896", "@id": "way/1298768896"}, "geometry": {"type": "LineString", "coordinates": [[64.00427155639827, 0, 248.96718000024435], [119.45306614442059, 0, 272.5670199999837], [106.78165640187082, 0, 302.3339880002094]]}}, {"type": "Feature", "properties": {"id": "way/1298997886", "@id": "way/1298997886"}, "geometry": {"type": "LineString", "coordinates": [[104.34445787951309, 0, 308.0669679999726], [48.89566329220932, 0, 284.4671280002332], [55.50947172963691, 0, 268.915724000027]]}}, {"type": "Feature", "properties": {"highway": "service", "layer": "-1", "oneway": "yes", "service": "parking_aisle", "id": "way/1298997887", "@id": "way/1298997887"}, "geometry": {"type": "LineString", "coordinates": [[149.91299123925685, 0, 221.51566800018415], [150.59055265407287, 0, 206.52086400015463], [149.2050912539928, 0, 202.90296400019272], [146.34315274033293, 0, 194.57622800017575], [168.98583942322384, 0, 142.90148400020996]]}}, {"type": "Feature", "properties": {"highway": "service", "oneway": "yes", "service": "parking_aisle", "id": "way/1299053650", "@id": "way/1299053650"}, "geometry": {"type": "LineString", "coordinates": [[168.98583942322384, 0, 142.90148400020996], [192.5892475148927, 0, 92.29541200007716], [214.40267992857184, 0, 97.13783200011136]]}}, {"type": "Feature", "properties": {"highway": "secondary", "name": "\u0634\u0627\u0631\u0639 \u062e\u0627\u0644\u062f \u0628\u0646 \u064a\u0632\u064a\u062f \u0628\u0646 \u0645\u0639\u0627\u0648\u064a\u0647", "oneway": "yes", "id": "way/1299550951", "@id": "way/1299550951"}, "geometry": {"type": "LineString", "coordinates": [[662.6348379630331, 0, 18.08950000020502], [668.793567837992, 0, 14.015188000050784], [673.6477391678778, 0, 11.076340000114584], [683.7302575343926, 0, 8.493715999990883], [691.4564802342754, 0, 7.280328000048684], [701.1344843235992, 0, 10.931624000005371], [710.569779845746, 0, 16.018948000133122]]}}, {"type": "Feature", "properties": {"barrier": "kerb", "id": "way/1299689985", "@id": "way/1299689985"}, "geometry": {"type": "LineString", "coordinates": [[197.54454741461527, 0, 478.9097720000343], [214.22064850372806, 0, 485.8450080000051], [232.36311384936513, 0, 493.8489160002044]]}}, {"type": "Feature", "properties": {"highway": "service", "id": "way/1299689987", "@id": "way/1299689987"}, "geometry": {"type": "LineString", "coordinates": [[281.75430713154674, 0, 211.81969599998567], [270.59982592936177, 0, 213.76779600020853], [257.20029048743686, 0, 219.07776000016966], [246.6020164175573, 0, 227.15959200009308], [241.8590865138451, 0, 237.20065599997397], [235.44753521537234, 0, 249.757551999989], [230.97765244928507, 0, 259.2420160000887], [225.12230828239916, 0, 268.16988000001174], [217.82082557381858, 0, 275.03832399999294]]}}, {"type": "Feature", "properties": {"barrier": "kerb", "id": "way/1299707038", "@id": "way/1299707038"}, "geometry": {"type": "LineString", "coordinates": [[410.1673645222529, 0, 587.4579040002081], [412.6753530425622, 0, 581.8362440001638], [422.25222856204925, 0, 561.386760000064], [466.21281766864706, 0, 462.7461080001875], [483.6473830290201, 0, 425.264663999981], [523.6740707870064, 0, 338.8914760002966], [543.5963989535777, 0, 295.621392000072]]}}, {"type": "Feature", "properties": {"highway": "primary_link", "lanes": "1", "name": "\u0637\u0631\u064a\u0642 \u0627\u0644\u0639\u0644\u064a\u0627 \u0627\u0644\u0639\u0627\u0645", "oneway": "yes", "id": "way/1299707039", "@id": "way/1299707039"}, "geometry": {"type": "LineString", "coordinates": [[560.6466757494336, 0, 279.23508799999627], [556.4902915484747, 0, 282.80846000022876], [553.6384658918704, 0, 285.3688200000923], [551.0192359453874, 0, 286.7157920000136], [547.8134602961511, 0, 286.1925880002272], [546.4684503235745, 0, 285.19070799998826], [546.1246131879981, 0, 279.9586680001468], [547.5505260155817, 0, 274.1366320001339]]}}, {"type": "Feature", "properties": {"barrier": "kerb", "id": "way/1299707041", "@id": "way/1299707041"}, "geometry": {"type": "LineString", "coordinates": [[549.5832102600298, 0, 282.97544000020264], [584.4523409800572, 0, 205.30747600021243], [594.8483579117005, 0, 184.20120399995156], [609.3603076167991, 0, 152.6976439999973], [625.1970415810817, 0, 116.5965680001024], [671.6757320650444, 0, 16.263852000226677]]}}, {"type": "Feature", "properties": {"barrier": "kerb", "id": "way/1299707042", "@id": "way/1299707042"}, "geometry": {"type": "LineString", "coordinates": [[676.0748248324616, 0, 6.590144000288376], [695.9971529990328, 0, -36.66880799980618], [705.2504170970544, 0, -57.66375999995262], [714.5036811943575, 0, -78.66984399983366], [736.9946750228526, 0, -127.41687199999333], [750.0099219016975, 0, -154.47876399985077], [787.7308782776107, 0, -237.82404799974472], [797.6515909333928, 0, -259.4312599999273]]}}, {"type": "Feature", "properties": {"id": "way/1300692242", "@id": "way/1300692242"}, "geometry": {"type": "LineString", "coordinates": [[55.50947172963691, 0, 268.915724000027], [64.00427155639827, 0, 248.96718000024435]]}}, {"type": "Feature", "properties": {"id": "way/1300692243", "@id": "way/1300692243"}, "geometry": {"type": "LineString", "coordinates": [[106.78165640187082, 0, 302.3339880002094], [104.34445787951309, 0, 308.0669679999726]]}}, {"type": "Feature", "properties": {"highway": "residential", "lit": "yes", "maxspeed": "50", "name": "\u0634\u0627\u0631\u0639 \u062d\u0648\u0637\u0629 \u0628\u0646\u064a \u062a\u0645\u064a\u0645", "name:ar": "\u0634\u0627\u0631\u0639 \u062d\u0648\u0637\u0629 \u0628\u0646\u064a \u062a\u0645\u064a\u0645", "name:en": "Hauta Bin Tamim Street", "surface": "asphalt", "id": "way/1300838677", "@id": "way/1300838677"}, "geometry": {"type": "LineString", "coordinates": [[158.69095106069867, 0, 25.893032000040108], [128.01865596985206, 0, 86.37318800007989], [99.24757798316884, 0, 149.32464800012895], [79.39603981526768, 0, 189.55569600003756], [60.68725448098823, 0, 235.49746000024015], [34.56574501195454, 0, 292.7938640002502], [1.7495242504861868, 0, 368.3801440000384]]}}, {"type": "Feature", "properties": {"highway": "primary", "lanes": "3", "lit": "yes", "maxspeed": "60", "name": "\u0637\u0631\u064a\u0642 \u0627\u0644\u0645\u0644\u0643 \u0641\u0647\u062f \u0627\u0644\u0641\u0631\u0639\u064a", "name:ar": "\u0637\u0631\u064a\u0642 \u0627\u0644\u0645\u0644\u0643 \u0641\u0647\u062f \u0627\u0644\u0641\u0631\u0639\u064a", "name:en": "King Fahad Branch Road", "oneway": "yes", "surface": "asphalt", "id": "way/1301239457", "@id": "way/1301239457"}, "geometry": {"type": "LineString", "coordinates": [[64.13573869668298, 0, 425.15334400026205], [87.33463251116075, 0, 375.6716040002172], [107.21650925022848, 0, 335.2624440002046], [136.87751864701954, 0, 271.32023600004675], [150.17592551982625, 0, 242.74439200029406], [158.2358724989485, 0, 225.28941599998987], [165.6688223478138, 0, 209.53763600021048], [183.60903055449606, 0, 164.83152400021027], [190.76893326645495, 0, 149.30238400026425]]}}, {"type": "Feature", "properties": {"highway": "service", "oneway": "yes", "id": "way/1301290505", "@id": "way/1301290505"}, "geometry": {"type": "LineString", "coordinates": [[320.395533489453, 0, 529.7941440002555], [353.02972282607755, 0, 544.3436680002228], [365.47864971556146, 0, 550.8670200001261], [372.5981010000168, 0, 554.0953000002808], [379.0501037259931, 0, 556.6000000002848], [385.1077050311153, 0, 558.703947999956], [392.6822348773208, 0, 558.4479120001278], [397.8195662011686, 0, 557.457164000019], [408.55942026910697, 0, 554.362468000239], [409.9044302416835, 0, 553.6722840000832], [422.8792256923062, 0, 547.0264799999353]]}}, {"type": "Feature", "properties": {"destination": "\u0637\u0631\u064a\u0642 \u0627\u0644\u0645\u0644\u0643 \u0641\u0647\u062f \u0627\u0644\u0631\u0626\u064a\u0633\u064a", "highway": "motorway_link", "lanes": "1", "lit": "yes", "oneway": "yes", "surface": "asphalt", "id": "way/1301290506", "@id": "way/1301290506"}, "geometry": {"type": "LineString", "coordinates": [[223.1907526070692, 0, 80.8294520001553], [247.47172211427264, 0, 46.00855600019216], [253.54954913350588, 0, 35.28844000028556], [260.1633575702149, 0, 22.419848000187415], [265.16922175449656, 0, 15.273104000117854], [276.1113329606712, 0, 0.768108000275447]]}}, {"type": "Feature", "properties": {"highway": "secondary_link", "maxspeed": "60", "oneway": "yes", "id": "way/1302839133", "@id": "way/1302839133"}, "geometry": {"type": "LineString", "coordinates": [[706.0493327950996, 0, 27.852263999997575], [704.8155642486967, 0, 24.412476000139662], [705.2807556675024, 0, 20.783444000047666], [707.353891339454, 0, 17.766671999991814], [710.569779845746, 0, 16.018948000133122]]}}, {"type": "Feature", "properties": {"highway": "motorway", "lanes": "3", "lit": "yes", "maxspeed": "100", "name": "\u0637\u0631\u064a\u0642 \u0627\u0644\u0645\u0644\u0643 \u0641\u0647\u062f", "name:ar": "\u0637\u0631\u064a\u0642 \u0627\u0644\u0645\u0644\u0643 \u0641\u0647\u062f", "name:en": "King Fahd Road", "oneway": "yes", "ref": "65", "surface": "asphalt", "wikidata": "Q12221758", "id": "way/1303274930", "@id": "way/1303274930"}, "geometry": {"type": "LineString", "coordinates": [[173.3040293356339, 0, 228.40637600003006], [243.62883647772378, 0, 80.71813200004087], [276.1113329606712, 0, 0.768108000275447]]}}, {"type": "Feature", "properties": {"highway": "primary", "lanes": "3", "maxspeed": "60", "name": "\u0637\u0631\u064a\u0642 \u0627\u0644\u0645\u0644\u0643 \u0641\u0647\u062f \u0627\u0644\u0641\u0631\u0639\u064a", "name:ar": "\u0637\u0631\u064a\u0642 \u0627\u0644\u0645\u0644\u0643 \u0641\u0647\u062f \u0627\u0644\u0641\u0631\u0639\u064a", "name:en": "King Fahad Branch Road", "oneway": "yes", "surface": "asphalt", "id": "way/1303463499", "@id": "way/1303463499"}, "geometry": {"type": "LineString", "coordinates": [[365.13481257998495, 0, -107.00078399988826], [360.887412666245, 0, -97.23801999970021], [347.5991186504938, 0, -66.69181199986], [330.07353757805816, 0, -25.403223999852997], [322.4686691614046, 0, -7.469571999887279], [311.54678366934104, 0, 17.020827999976547], [307.8657037435249, 0, 24.880020000066594], [252.66973057973502, 0, 145.22807200011002], [246.76382212829003, 0, 157.64025200001583], [239.9174179814596, 0, 173.65920000014896]]}}, {"type": "Feature", "properties": {"highway": "primary", "lanes": "6", "maxspeed": "90", "name": "\u0637\u0631\u064a\u0642 \u0627\u0644\u0639\u0631\u0648\u0628\u0629", "name:ar": "\u0637\u0631\u064a\u0642 \u0627\u0644\u0639\u0631\u0648\u0628\u0629", "name:en": "Al Uaroba Road", "oneway": "yes", "source": "Yahoo", "id": "way/1303644082", "@id": "way/1303644082"}, "geometry": {"type": "LineString", "coordinates": [[487.1059801010518, 0, 648.6839040002632], [426.97493275165044, 0, 620.7091880000211], [423.94107567092084, 0, 619.2174999999905], [420.94767001697625, 0, 617.8593959999391], [408.3672759872077, 0, 612.1486800000406], [394.8666119754461, 0, 606.7051320001003]]}}, {"type": "Feature", "properties": {"highway": "primary", "lanes": "3", "maxspeed": "90", "name": "\u0637\u0631\u064a\u0642 \u0627\u0644\u0639\u0631\u0648\u0628\u0629", "name:ar": "\u0637\u0631\u064a\u0642 \u0627\u0644\u0639\u0631\u0648\u0628\u0629", "name:en": "Al Uaroba Road", "oneway": "yes", "source": "Yahoo", "id": "way/1303644083", "@id": "way/1303644083"}, "geometry": {"type": "LineString", "coordinates": [[546.4785631806301, 0, 678.651248000062], [487.1059801010518, 0, 648.6839040002632]]}}, {"type": "Feature", "properties": {"highway": "primary", "lanes": "3", "maxspeed": "90", "name": "\u0637\u0631\u064a\u0642 \u0627\u0644\u0639\u0631\u0648\u0628\u0629", "name:ar": "\u0637\u0631\u064a\u0642 \u0627\u0644\u0639\u0631\u0648\u0628\u0629", "name:en": "Al Uaroba Road", "oneway": "yes", "id": "way/1303644084", "@id": "way/1303644084"}, "geometry": {"type": "LineString", "coordinates": [[416.7609472448509, 0, 598.4006599999481], [427.96599273159495, 0, 603.3432679999667], [430.58522267879647, 0, 604.5009960000493], [434.8326225925364, 0, 606.3823040002826], [442.5588452924191, 0, 609.7998280002759]]}}, {"type": "Feature", "properties": {"highway": "primary", "lanes": "3", "maxspeed": "90", "name": "\u0637\u0631\u064a\u0642 \u0627\u0644\u0639\u0631\u0648\u0628\u0629", "name:ar": "\u0637\u0631\u064a\u0642 \u0627\u0644\u0639\u0631\u0648\u0628\u0629", "name:en": "Al Uaroba Road", "oneway": "yes", "source": "Yahoo", "id": "way/1303644085", "@id": "way/1303644085"}, "geometry": {"type": "LineString", "coordinates": [[394.8666119754461, 0, 606.7051320001003], [390.3461649247998, 0, 604.701372000018], [371.0103824602634, 0, 595.5731320001263], [337.1525374342914, 0, 579.5096560002638], [331.44888612180125, 0, 576.9604280001349]]}}, {"type": "Feature", "properties": {"highway": "primary", "lanes": "4", "maxspeed": "90", "name": "\u0637\u0631\u064a\u0642 \u0627\u0644\u0639\u0631\u0648\u0628\u0629", "name:ar": "\u0637\u0631\u064a\u0642 \u0627\u0644\u0639\u0631\u0648\u0628\u0629", "name:en": "Al Uaroba Road", "oneway": "yes", "source": "Yahoo", "surface": "asphalt", "id": "way/1303644086", "@id": "way/1303644086"}, "geometry": {"type": "LineString", "coordinates": [[331.44888612180125, 0, 576.9604280001349], [312.8513422136955, 0, 568.6225599999877], [240.89836510506717, 0, 532.532616000223], [226.3864153999686, 0, 525.5305880002627], [207.61695292407458, 0, 517.2595120001051], [197.22093599243127, 0, 512.417092000071], [178.99756779106855, 0, 504.0569600000592], [177.85481495744682, 0, 502.3871599999246]]}}, {"type": "Feature", "properties": {"highway": "primary", "lanes": "3", "maxspeed": "90", "name": "\u0637\u0631\u064a\u0642 \u0627\u0644\u0639\u0631\u0648\u0628\u0629", "name:ar": "\u0637\u0631\u064a\u0642 \u0627\u0644\u0639\u0631\u0648\u0628\u0629", "name:en": "Al Uaroba Road", "oneway": "yes", "source": "Yahoo", "surface": "asphalt", "id": "way/1303644087", "@id": "way/1303644087"}, "geometry": {"type": "LineString", "coordinates": [[177.85481495744682, 0, 502.3871599999246], [174.5580235954293, 0, 500.82868000030004], [132.94361729840804, 0, 478.1194000002897], [113.84043054399304, 0, 467.35475600025825], [106.98391354010708, 0, 463.4919520002028], [96.78004089036308, 0, 458.30444000009066]]}}, {"type": "Feature", "properties": {"highway": "primary", "lanes": "6", "lit": "yes", "maxspeed": "90", "name": "\u0637\u0631\u064a\u0642 \u0627\u0644\u0639\u0631\u0648\u0628\u0629", "name:ar": "\u0637\u0631\u064a\u0642 \u0627\u0644\u0639\u0631\u0648\u0628\u0629", "name:en": "Al Uaroba Road", "oneway": "yes", "source": "Yahoo", "surface": "asphalt", "id": "way/1303644088", "@id": "way/1303644088"}, "geometry": {"type": "LineString", "coordinates": [[17.110953938189024, 0, 419.2533840001295], [10.497145501479999, 0, 416.1141600002246], [-87.53688964939701, 0, 366.06468800026846], [-114.58878195676063, 0, 354.5096720000969], [-144.06775992942644, 0, 337.51110799998503]]}}, {"type": "Feature", "properties": {"highway": "tertiary", "lanes": "2", "lit": "yes", "maxspeed": "60", "name": "\u0637\u0631\u064a\u0642 \u0627\u0644\u0639\u0631\u0648\u0628\u0629 \u0627\u0644\u0641\u0631\u0639\u064a", "name:ar": "\u0637\u0631\u064a\u0642 \u0627\u0644\u0639\u0631\u0648\u0628\u0629 \u0627\u0644\u0641\u0631\u0639\u064a", "name:en": "Al Uaroba Branch Road", "oneway": "yes", "surface": "asphalt", "id": "way/1303644090", "@id": "way/1303644090"}, "geometry": {"type": "LineString", "coordinates": [[-271.429080197855, 0, 243.07835200024186], [-201.19528876854628, 0, 274.1143680002692], [-41.735760580250414, 0, 349.589327999943], [1.7495242504861868, 0, 368.3801440000384], [29.549767971335946, 0, 381.9055240002976], [51.666586093088036, 0, 392.6701679999336], [61.162558757568, 0, 392.70356399992835], [73.08561708663161, 0, 386.647755999952], [87.33463251116075, 0, 375.6716040002172]]}}, {"type": "Feature", "properties": {"highway": "primary_link", "lanes": "1", "maxspeed": "110", "oneway": "yes", "surface": "asphalt", "id": "way/1303655448", "@id": "way/1303655448"}, "geometry": {"type": "LineString", "coordinates": [[46.448351913514614, 0, 433.6247959999928], [25.686656621394583, 0, 429.01614799992205], [17.110953938189024, 0, 419.2533840001295]]}}, {"type": "Feature", "properties": {"highway": "secondary", "lanes": "2", "maxspeed": "60", "name": "\u0634\u0627\u0631\u0639 \u062e\u0627\u0644\u062f \u0628\u0646 \u064a\u0632\u064a\u062f \u0628\u0646 \u0645\u0639\u0627\u0648\u064a\u0629", "name:ar": "\u0634\u0627\u0631\u0639 \u062e\u0627\u0644\u062f \u0628\u0646 \u064a\u0632\u064a\u062f \u0628\u0646 \u0645\u0639\u0627\u0648\u064a\u0629", "name:en": "Khalid Bin Yazid Bin Mu'awiah Street", "oneway": "yes", "id": "way/1304603065", "@id": "way/1304603065"}, "geometry": {"type": "LineString", "coordinates": [[769.9625886387167, 0, 57.96432400030113], [706.0493327950996, 0, 27.852263999997575], [698.7680757999115, 0, 25.325300000128834], [690.4654202543309, 0, 23.610972000264923], [682.0616361396321, 0, 24.579456000113566], [675.1242162807391, 0, 27.540568000309946]]}}, {"type": "Feature", "properties": {"highway": "primary", "lanes": "3", "maxspeed": "70", "name": "\u0634\u0627\u0631\u0639 \u0627\u0644\u0639\u0644\u064a\u0627", "name:ar": "\u0634\u0627\u0631\u0639 \u0627\u0644\u0639\u0644\u064a\u0627", "name:en": "Al Olaya Street", "oneway": "yes", "id": "way/1304610594", "@id": "way/1304610594"}, "geometry": {"type": "LineString", "coordinates": [[662.6348379630331, 0, 18.08950000020502], [671.2408792166867, 0, -0.36735599994258905], [680.312111889146, 0, -19.881751999793096], [701.5996757424048, 0, -67.44878800000535]]}}, {"type": "Feature", "properties": {"highway": "primary", "lanes": "4", "maxspeed": "60", "name": "\u0634\u0627\u0631\u0639 \u0627\u0644\u0639\u0644\u064a\u0627", "name:ar": "\u0634\u0627\u0631\u0639 \u0627\u0644\u0639\u0644\u064a\u0627", "name:en": "Al Olaya Street", "oneway": "yes", "surface": "asphalt", "id": "way/1304610595", "@id": "way/1304610595"}, "geometry": {"type": "LineString", "coordinates": [[591.8549522584746, 0, 172.24543600023807], [592.8358993813636, 0, 169.9856399999321], [597.1642021501106, 0, 160.04476400003554], [607.4793162267467, 0, 136.86794000009826], [655.0501952597721, 0, 35.71145600008762], [659.0144351795501, 0, 26.505292000076253], [662.6348379630331, 0, 18.08950000020502]]}}, {"type": "Feature", "properties": {"electrified": "rail", "gauge": "1435", "layer": "-2", "name": "\u0627\u0644\u0645\u0633\u0627\u0631 \u0627\u0644\u0627\u0632\u0631\u0642", "name:ar": "\u0627\u0644\u0645\u0633\u0627\u0631 \u0627\u0644\u0627\u0632\u0631\u0642", "name:en": "Blue Line", "railway": "subway", "tunnel": "yes", "id": "way/1308567254", "@id": "way/1308567254"}, "geometry": {"type": "LineString", "coordinates": [[677.7940105117812, 0, 7.436176000287986], [800.5640937316117, 0, -260.1771039999426]]}}, {"type": "Feature", "properties": {"electrified": "rail", "gauge": "1435", "layer": "-2", "name": "\u0627\u0644\u0645\u0633\u0627\u0631 \u0627\u0644\u0627\u0632\u0631\u0642", "name:ar": "\u0627\u0644\u0645\u0633\u0627\u0631 \u0627\u0644\u0627\u0632\u0631\u0642", "name:en": "Blue Line", "railway": "subway", "tunnel": "yes", "id": "way/1308567256", "@id": "way/1308567256"}, "geometry": {"type": "LineString", "coordinates": [[548.3292160002344, 0, 295.78837200004585], [677.7940105117812, 0, 7.436176000287986]]}}, {"type": "Feature", "properties": {"highway": "footway", "id": "way/1337322287", "@id": "way/1337322287"}, "geometry": {"type": "LineString", "coordinates": [[412.70569161301023, 0, 549.1415600001321], [421.61511857473675, 0, 531.9982800003065], [436.2888739912866, 0, 500.4501920002274]]}}, {"type": "Feature", "properties": {"highway": "footway", "id": "way/1337322288", "@id": "way/1337322288"}, "geometry": {"type": "LineString", "coordinates": [[370.31259533205485, 0, 559.1714920002784], [373.8015309752531, 0, 557.0007520002221], [392.9047177296681, 0, 563.5575000001202], [397.51618049309565, 0, 564.6039080000885], [404.4738260660997, 0, 562.4888280002872], [407.1840717253638, 0, 558.0805560001852]]}}, {"type": "Feature", "properties": {"embankment": "yes", "highway": "footway", "id": "way/1337322289", "@id": "way/1337322289"}, "geometry": {"type": "LineString", "coordinates": [[407.1840717253638, 0, 558.0805560001852], [409.9044302416835, 0, 553.6722840000832], [412.70569161301023, 0, 549.1415600001321]]}}, {"type": "Feature", "properties": {"highway": "footway", "id": "way/1337322290", "@id": "way/1337322290"}, "geometry": {"type": "LineString", "coordinates": [[397.11166621590456, 0, 574.0549760001934], [403.6749103680545, 0, 577.3055200002127], [407.57847314621796, 0, 579.2424880003056], [412.6753530425622, 0, 581.8362440001638], [419.5723214739517, 0, 585.1869760001675], [433.52806404746343, 0, 591.8216480001853]]}}, {"type": "Feature", "properties": {"highway": "footway", "id": "way/1337322291", "@id": "way/1337322291"}, "geometry": {"type": "LineString", "coordinates": [[433.52806404746343, 0, 591.8216480001853], [427.96599273159495, 0, 603.3432679999667], [420.94767001697625, 0, 617.8593959999391], [416.5991415341182, 0, 627.1546160002002], [412.21016162303795, 0, 627.0878240002106], [403.7355875096691, 0, 622.8576640002126], [390.6090992053692, 0, 616.3120480000491], [385.8459435875459, 0, 613.9409320000242], [390.3461649247998, 0, 604.701372000018], [397.5768576347102, 0, 589.8401519999676], [403.6749103680545, 0, 577.3055200002127]]}}, {"type": "Feature", "properties": {"highway": "footway", "id": "way/1337322292", "@id": "way/1337322292"}, "geometry": {"type": "LineString", "coordinates": [[370.2316924763292, 0, 645.088268000166], [372.39584386106196, 0, 645.9788280002904], [385.8459435875459, 0, 613.9409320000242]]}}, {"type": "Feature", "properties": {"highway": "footway", "id": "way/1337322293", "@id": "way/1337322293"}, "geometry": {"type": "LineString", "coordinates": [[412.21016162303795, 0, 627.0878240002106], [401.5613232685993, 0, 646.5354280000715]]}}, {"type": "Feature", "properties": {"highway": "footway", "id": "way/1337322294", "@id": "way/1337322294"}, "geometry": {"type": "LineString", "coordinates": [[383.4390836363547, 0, 688.4140120002501], [397.30381049780385, 0, 656.3761159999838]]}}, {"type": "Feature", "properties": {"highway": "footway", "id": "way/1337322295", "@id": "way/1337322295"}, "geometry": {"type": "LineString", "coordinates": [[397.30381049780385, 0, 656.3761159999838], [401.5613232685993, 0, 646.5354280000715]]}}, {"type": "Feature", "properties": {"highway": "footway", "id": "way/1337322296", "@id": "way/1337322296"}, "geometry": {"type": "LineString", "coordinates": [[330.4274875706902, 0, 733.799176000276], [370.2316924763292, 0, 645.088268000166]]}}, {"type": "Feature", "properties": {"highway": "footway", "id": "way/1337322297", "@id": "way/1337322297"}, "geometry": {"type": "LineString", "coordinates": [[437.09790254638733, 0, 580.4558760002477], [444.50051382408606, 0, 583.2722719999394], [465.8184162485115, 0, 537.5865439999604]]}}, {"type": "Feature", "properties": {"highway": "footway", "id": "way/1337322298", "@id": "way/1337322298"}, "geometry": {"type": "LineString", "coordinates": [[437.09790254638733, 0, 580.4558760002477], [439.5755524955301, 0, 596.7308600002091], [601.8970191974859, 0, 670.2243240000607]]}}, {"type": "Feature", "properties": {"highway": "footway", "id": "way/1337322299", "@id": "way/1337322299"}, "geometry": {"type": "LineString", "coordinates": [[416.5991415341182, 0, 627.1546160002002], [583.7950052793523, 0, 707.7280320001319]]}}, {"type": "Feature", "properties": {"highway": "footway", "id": "way/1337967968", "@id": "way/1337967968"}, "geometry": {"type": "LineString", "coordinates": [[385.8459435875459, 0, 613.9409320000242], [343.83713586967053, 0, 593.1463560002419]]}}, {"type": "Feature", "properties": {"highway": "primary_link", "lanes": "2", "oneway": "yes", "surface": "asphalt", "id": "way/1347842535", "@id": "way/1347842535"}, "geometry": {"type": "LineString", "coordinates": [[155.7885611202538, 0, 356.6247520002936], [146.00942846181195, 0, 367.26694400008057], [135.8763458100195, 0, 374.3023680000357]]}}, {"type": "Feature", "properties": {"highway": "primary_link", "lanes": "2", "oneway": "yes", "surface": "asphalt", "id": "way/1347842536", "@id": "way/1347842536"}, "geometry": {"type": "LineString", "coordinates": [[103.77813789158927, 0, 358.3168160002929], [104.37479645067965, 0, 351.3927120000567], [107.21650925022848, 0, 335.2624440002046]]}}, {"type": "Feature", "properties": {"highway": "primary", "lanes": "3", "lit": "yes", "maxspeed": "90", "name": "\u0637\u0631\u064a\u0642 \u0627\u0644\u0639\u0631\u0648\u0628\u0629", "name:ar": "\u0637\u0631\u064a\u0642 \u0627\u0644\u0639\u0631\u0648\u0628\u0629", "name:en": "Al Uaroba Road", "oneway": "yes", "source": "Yahoo", "surface": "asphalt", "id": "way/1347842537", "@id": "way/1347842537"}, "geometry": {"type": "LineString", "coordinates": [[-174.26475074441186, 0, 303.77001599998493], [-94.85859807208865, 0, 342.09749200019104], [64.13573869668298, 0, 425.15334400026205], [69.27307002124932, 0, 427.6803080001308]]}}, {"type": "Feature", "properties": {"bridge": "yes", "highway": "primary", "lanes": "3", "layer": "1", "lit": "yes", "maxspeed": "90", "name": "\u0637\u0631\u064a\u0642 \u0627\u0644\u0639\u0631\u0648\u0628\u0629", "name:ar": "\u0637\u0631\u064a\u0642 \u0627\u0644\u0639\u0631\u0648\u0628\u0629", "name:en": "Al Uaroba Road", "oneway": "yes", "source": "Yahoo", "surface": "asphalt", "id": "way/1347842538", "@id": "way/1347842538"}, "geometry": {"type": "LineString", "coordinates": [[69.27307002124932, 0, 427.6803080001308], [103.71746074997468, 0, 444.2113280003157]]}}, {"type": "Feature", "properties": {"highway": "primary", "lanes": "3", "maxspeed": "90", "name": "\u0637\u0631\u064a\u0642 \u0627\u0644\u0639\u0631\u0648\u0628\u0629", "name:ar": "\u0637\u0631\u064a\u0642 \u0627\u0644\u0639\u0631\u0648\u0628\u0629", "name:en": "Al Uaroba Road", "oneway": "yes", "source": "Yahoo", "surface": "asphalt", "id": "way/1347842539", "@id": "way/1347842539"}, "geometry": {"type": "LineString", "coordinates": [[62.92219586439115, 0, 441.71776000004627], [58.26016881640457, 0, 439.4134360000109], [46.448351913514614, 0, 433.6247959999928], [17.110953938189024, 0, 419.2533840001295]]}}, {"type": "Feature", "properties": {"bridge": "yes", "highway": "primary", "lanes": "3", "layer": "1", "maxspeed": "90", "name": "\u0637\u0631\u064a\u0642 \u0627\u0644\u0639\u0631\u0648\u0628\u0629", "name:ar": "\u0637\u0631\u064a\u0642 \u0627\u0644\u0639\u0631\u0648\u0628\u0629", "name:en": "Al Uaroba Road", "oneway": "yes", "source": "Yahoo", "surface": "asphalt", "id": "way/1347842540", "@id": "way/1347842540"}, "geometry": {"type": "LineString", "coordinates": [[96.78004089036308, 0, 458.30444000009066], [62.92219586439115, 0, 441.71776000004627]]}}, {"type": "Feature", "properties": {"highway": "primary_link", "lanes": "2", "oneway": "yes", "surface": "asphalt", "id": "way/1347842541", "@id": "way/1347842541"}, "geometry": {"type": "LineString", "coordinates": [[64.61104297254418, 0, 529.5269760002973], [65.90548866056166, 0, 534.4918480001804], [64.83352582561005, 0, 539.7016240001573], [61.70865303209932, 0, 547.2268560002994], [57.52193025997395, 0, 556.087928000233], [53.89141461943543, 0, 563.9805159999223], [45.37638907784446, 0, 588.5043120001764]]}}, {"type": "Feature", "properties": {"bridge": "yes", "highway": "primary_link", "lanes": "2", "layer": "1", "oneway": "yes", "surface": "asphalt", "id": "way/1347842542", "@id": "way/1347842542"}, "geometry": {"type": "LineString", "coordinates": [[32.50272219705843, 0, 516.0795200001577], [38.964837780090264, 0, 514.6991520002416], [46.094401920882596, 0, 515.6231079999654], [52.58685607436244, 0, 518.0610159999799], [57.92644453716504, 0, 522.1019320001393], [61.43560589447438, 0, 525.096439999935], [64.61104297254418, 0, 529.5269760002973]]}}, {"type": "Feature", "properties": {"id": "way/939573189", "@id": "way/939573189"}, "geometry": {"type": "LineString", "coordinates": [[466.21281766864706, 0, 513.8085920001172], [374.5296566746282, 0, 699.8799720001718], [363.6886740382903, 0, 693.8241640001955], [346.32489867658734, 0, 684.1393240001271], [439.09013536261335, 0, 501.3296200002218], [450.0423594258435, 0, 506.37241600022463], [466.21281766864706, 0, 513.8085920001172]]}}, {"type": "Feature", "properties": {"id": "node/469952698", "@id": "node/469952698"}, "geometry": {"type": "Point", "coordinates": [918.510344191286, 0, -514.9663199998043]}}, {"type": "Feature", "properties": {"highway": "traffic_signals", "traffic_signals": "signal", "id": "node/470147391", "@id": "node/470147391"}, "geometry": {"type": "Point", "coordinates": [64.13573869668298, 0, 425.15334400026205]}}, {"type": "Feature", "properties": {"brand": "Carrefour", "brand:wikidata": "Q217599", "brand:wikipedia": "fr:Carrefour (enseigne)", "name": "Carrefour", "shop": "supermarket", "id": "node/665108013", "@id": "node/665108013"}, "geometry": {"type": "Point", "coordinates": [160.46070102529592, 0, 560.2735600001062]}}, {"type": "Feature", "properties": {"brand": "Four Seasons", "brand:wikidata": "Q1424786", "jpoi_id": "100501", "name": "Four Seasons Hotel", "stars": "5", "tourism": "hotel", "wheelchair": "yes", "id": "node/672163112", "@id": "node/672163112"}, "geometry": {"type": "Point", "coordinates": [225.5571611307568, 0, 329.1732400002334]}}, {"type": "Feature", "properties": {"amenity": "fast_food", "brand": "\u0645\u0627\u0643\u062f\u0648\u0646\u0627\u0644\u062f\u0632", "brand:ar": "\u0645\u0627\u0643\u062f\u0648\u0646\u0627\u0644\u062f\u0632", "brand:en": "McDonald's", "brand:wikidata": "Q38076", "brand:wikipedia": "ar:\u0645\u0627\u0643\u062f\u0648\u0646\u0627\u0644\u062f\u0632", "cuisine": "burger", "name": "\u0645\u0627\u0643\u062f\u0648\u0646\u0627\u0644\u062f\u0632", "name:ar": "\u0645\u0627\u0643\u062f\u0648\u0646\u0627\u0644\u062f\u0632", "name:en": "McDonald's", "takeaway": "yes", "id": "node/672668414", "@id": "node/672668414"}, "geometry": {"type": "Point", "coordinates": [240.0185465512963, 0, 577.439104000192]}}, {"type": "Feature", "properties": {"name": "Halawani Market", "shop": "supermarket", "id": "node/672710400", "@id": "node/672710400"}, "geometry": {"type": "Point", "coordinates": [516.2006695099191, 0, 617.1803440003089]}}, {"type": "Feature", "properties": {"amenity": "atm", "operator": "Banque Saudi Faransi", "id": "node/672710402", "@id": "node/672710402"}, "geometry": {"type": "Point", "coordinates": [427.2277541751643, 0, 638.8877440000804]}}, {"type": "Feature", "properties": {"amenity": "cafe", "name": "Donut House", "id": "node/683654195", "@id": "node/683654195"}, "geometry": {"type": "Point", "coordinates": [406.2840274582005, 0, 428.82690400008346]}}, {"type": "Feature", "properties": {"amenity": "restaurant", "name": "Planet Hollywood", "id": "node/683654196", "@id": "node/683654196"}, "geometry": {"type": "Point", "coordinates": [413.8787830177985, 0, 399.5386120003103]}}, {"type": "Feature", "properties": {"amenity": "restaurant", "cuisine": "chinese", "name": "Shanghai Express", "id": "node/683654197", "@id": "node/683654197"}, "geometry": {"type": "Point", "coordinates": [400.85342328261675, 0, 450.53430400025036]}}, {"type": "Feature", "properties": {"amenity": "restaurant", "name": "Aladdin", "id": "node/683654198", "@id": "node/683654198"}, "geometry": {"type": "Point", "coordinates": [395.4329319640885, 0, 411.4721160001591]}}, {"type": "Feature", "properties": {"amenity": "restaurant", "cuisine": "buffet", "name": "Quattro", "id": "node/1242831609", "@id": "node/1242831609"}, "geometry": {"type": "Point", "coordinates": [213.00710567143625, 0, 352.13855600007196]}}, {"type": "Feature", "properties": {"id": "node/2846344461", "@id": "node/2846344461"}, "geometry": {"type": "Point", "coordinates": [5478.893067230615, 0, -10037.546287999954]}}, {"type": "Feature", "properties": {"id": "node/2846350260", "@id": "node/2846350260"}, "geometry": {"type": "Point", "coordinates": [7503.234204663948, 0, -12202.787079999842]}}, {"type": "Feature", "properties": {"crossing": "traffic_signals", "crossing:markings": "yes", "crossing:signals": "yes", "highway": "crossing", "id": "node/3114326974", "@id": "node/3114326974"}, "geometry": {"type": "Point", "coordinates": [529.4383992411111, 0, 293.4172560000209]}}, {"type": "Feature", "properties": {"highway": "stop", "id": "node/3114326980", "@id": "node/3114326980"}, "geometry": {"type": "Point", "coordinates": [260.18358328432595, 0, 172.95788400025856]}}, {"type": "Feature", "properties": {"id": "node/3941133525", "@id": "node/3941133525"}, "geometry": {"type": "Point", "coordinates": [-444.480288109975, 0, 2082.1292799999565]}}, {"type": "Feature", "properties": {"id": "node/3942909571", "@id": "node/3942909571"}, "geometry": {"type": "Point", "coordinates": [-5510.263149449671, 0, 13516.930812000252]}}, {"type": "Feature", "properties": {"id": "node/3942909573", "@id": "node/3942909573"}, "geometry": {"type": "Point", "coordinates": [-4592.339350961138, 0, 11520.729440000312]}}, {"type": "Feature", "properties": {"id": "node/3942909582", "@id": "node/3942909582"}, "geometry": {"type": "Point", "coordinates": [-1202.8939941263711, 0, 4103.054824000118]}}, {"type": "Feature", "properties": {"name": "\u0645\u062d\u0637\u0629 \u0627\u0644\u0639\u0631\u0648\u0628\u0629", "name:ar": "\u0645\u062d\u0637\u0629 \u0627\u0644\u0639\u0631\u0648\u0628\u0629", "name:en": "Al Urubah", "public_transport": "stop_position", "railway": "stop", "ref": "1C1", "subway": "yes", "id": "node/3942909586", "@id": "node/3942909586"}, "geometry": {"type": "Point", "coordinates": [405.87951318029087, 0, 600.181780000197]}}, {"type": "Feature", "properties": {"id": "node/3942909592", "@id": "node/3942909592"}, "geometry": {"type": "Point", "coordinates": [2404.0991411445893, 0, -3746.7083719999127]}}, {"type": "Feature", "properties": {"id": "node/3942909651", "@id": "node/3942909651"}, "geometry": {"type": "Point", "coordinates": [5087.02997376545, 0, -9176.998159999977]}}, {"type": "Feature", "properties": {"id": "node/3942909659", "@id": "node/3942909659"}, "geometry": {"type": "Point", "coordinates": [5709.698801111394, 0, -10870.832147999712]}}, {"type": "Feature", "properties": {"id": "node/3942909685", "@id": "node/3942909685"}, "geometry": {"type": "Point", "coordinates": [-757.7765960290836, 0, 3143.910571999993]}}, {"type": "Feature", "properties": {"id": "node/3942909686", "@id": "node/3942909686"}, "geometry": {"type": "Point", "coordinates": [-1673.657597416831, 0, 5139.878171999969]}}, {"type": "Feature", "properties": {"id": "node/3943451150", "@id": "node/3943451150"}, "geometry": {"type": "Point", "coordinates": [9075.823909849172, 0, -13445.196203999993]}}, {"type": "Feature", "properties": {"amenity": "fast_food", "cuisine": "burger", "name": "Herfy", "id": "node/4110734693", "@id": "node/4110734693"}, "geometry": {"type": "Point", "coordinates": [424.16355852326814, 0, 384.9779560002129]}}, {"type": "Feature", "properties": {"amenity": "restaurant", "cuisine": "regional", "name": "Kudu", "id": "node/4110734694", "@id": "node/4110734694"}, "geometry": {"type": "Point", "coordinates": [433.2954683380606, 0, 371.59729200006296]}}, {"type": "Feature", "properties": {"highway": "traffic_signals", "id": "node/4245099246", "@id": "node/4245099246"}, "geometry": {"type": "Point", "coordinates": [419.86559432496915, 0, 584.4411320001523]}}, {"type": "Feature", "properties": {"highway": "speed_camera", "maxspeed": "60", "id": "node/4245099247", "@id": "node/4245099247"}, "geometry": {"type": "Point", "coordinates": [418.3587786409413, 0, 588.2260120000881]}}, {"type": "Feature", "properties": {"highway": "speed_camera", "maxspeed": "60", "id": "node/4245099249", "@id": "node/4245099249"}, "geometry": {"type": "Point", "coordinates": [392.7024605914319, 0, 587.7362040002964]}}, {"type": "Feature", "properties": {"highway": "speed_camera", "maxspeed": "60", "id": "node/4245099250", "@id": "node/4245099250"}, "geometry": {"type": "Point", "coordinates": [426.97493275165044, 0, 620.7091880000211]}}, {"type": "Feature", "properties": {"highway": "speed_camera", "maxspeed": "60", "id": "node/4245099253", "@id": "node/4245099253"}, "geometry": {"type": "Point", "coordinates": [389.88097350599406, 0, 617.9707160000535]}}, {"type": "Feature", "properties": {"highway": "traffic_signals", "id": "node/4245099255", "@id": "node/4245099255"}, "geometry": {"type": "Point", "coordinates": [388.71799495754277, 0, 620.5978680003021]}}, {"type": "Feature", "properties": {"brand": "\u0645\u0648\u0628\u0627\u064a\u0644\u064a", "brand:ar": "\u0645\u0648\u0628\u0627\u064a\u0644\u064a", "brand:en": "Mobily", "brand:wikidata": "Q6887331", "name": "\u0645\u0648\u0628\u0627\u064a\u0644\u064a", "name:ar": "\u0645\u0648\u0628\u0627\u064a\u0644\u064a", "name:en": "Mobily", "office": "telecommunication", "id": "node/4385439292", "@id": "node/4385439292"}, "geometry": {"type": "Point", "coordinates": [567.1087913324654, 0, 3.3952600001285305]}}, {"type": "Feature", "properties": {"public_transport": "stop_position", "id": "node/4582305081", "@id": "node/4582305081"}, "geometry": {"type": "Point", "coordinates": [483.3541101772841, 0, 413.21984000001777]}}, {"type": "Feature", "properties": {"addr:street": "\u0637\u0631\u064a\u0642 \u0627\u0644\u0645\u0644\u0643 \u0641\u0647\u062f", "amenity": "restaurant", "cuisine": "indian", "name": "Shikara Restaurant", "name:ar": "Shikara Restaurant", "name:en": "Shikara Restaurant", "opening_hours": "Mo-Su 00:30-23:00", "phone": "+966112305333", "id": "node/5032905621", "@id": "node/5032905621"}, "geometry": {"type": "Point", "coordinates": [1.0820756927256814, 0, 527.3339719999808]}}, {"type": "Feature", "properties": {"highway": "traffic_signals", "traffic_signals": "signal", "id": "node/5477030384", "@id": "node/5477030384"}, "geometry": {"type": "Point", "coordinates": [113.84043054399304, 0, 467.35475600025825]}}, {"type": "Feature", "properties": {"highway": "traffic_signals", "traffic_signals": "signal", "id": "node/5477030393", "@id": "node/5477030393"}, "geometry": {"type": "Point", "coordinates": [58.26016881640457, 0, 439.4134360000109]}}, {"type": "Feature", "properties": {"name": "\u0637\u0631\u064a\u0642 \u0627\u0644\u0639\u0631\u0648\u0628\u0629", "name:ar": "\u0637\u0631\u064a\u0642 \u0627\u0644\u0639\u0631\u0648\u0628\u0629", "name:en": "Al Urubah Road", "id": "node/5477030395", "@id": "node/5477030395"}, "geometry": {"type": "Point", "coordinates": [17.950321063737775, 0, 509.5561680002544]}}, {"type": "Feature", "properties": {"crossing": "uncontrolled", "crossing:markings": "yes", "crossing:signals": "no", "highway": "traffic_signals;crossing", "traffic_signals": "signal", "id": "node/5477060770", "@id": "node/5477060770"}, "geometry": {"type": "Point", "coordinates": [397.11166621590456, 0, 574.0549760001934]}}, {"type": "Feature", "properties": {"parking_space": "bus", "id": "node/5477060773", "@id": "node/5477060773"}, "geometry": {"type": "Point", "coordinates": [332.3489303889646, 0, 551.4792800001622]}}, {"type": "Feature", "properties": {"name:en": "Ibis Olaya", "tourism": "hotel", "id": "node/5523656321", "@id": "node/5523656321"}, "geometry": {"type": "Point", "coordinates": [533.9285077213095, 0, 473.6999960000576]}}, {"type": "Feature", "properties": {"amenity": "cafe", "name": "Al Masaa Cafe", "id": "node/5931995788", "@id": "node/5931995788"}, "geometry": {"type": "Point", "coordinates": [95.38446663322748, 0, 612.137548000306]}}, {"type": "Feature", "properties": {"addr:floor": "54", "name": "McKinsey & Company", "office": "company", "phone": "+966 (11) 212 3600", "website": "https://www.mckinsey.com/middle-east/riyadh", "wikidata": "Q310207", "id": "node/6535480762", "@id": "node/6535480762"}, "geometry": {"type": "Point", "coordinates": [266.5142317270731, 0, 345.19218799997105]}}, {"type": "Feature", "properties": {"amenity": "cinema", "name:en": "VOX Cinemas Kingdom Centre", "id": "node/6762662385", "@id": "node/6762662385"}, "geometry": {"type": "Point", "coordinates": [446.99838948805836, 0, 322.7946040000438]}}, {"type": "Feature", "properties": {"building": "yes", "name": "\u0645\u0628\u0646\u0649 \u0645\u0648\u0628\u0627\u064a\u0644\u064a", "id": "node/7397454266", "@id": "node/7397454266"}, "geometry": {"type": "Point", "coordinates": [472.80640039196356, 0, 136.33360400018177]}}, {"type": "Feature", "properties": {"leisure": "park", "id": "node/7832546922", "@id": "node/7832546922"}, "geometry": {"type": "Point", "coordinates": [618.0978160107373, 0, 308.62356800014925]}}, {"type": "Feature", "properties": {"addr:city": "riyadh", "addr:postcode": "12251", "addr:street": "\u0627\u0644\u0639\u0631\u0648\u0628\u0629", "description": "\u0646\u062d\u0646 \u0639\u0646\u0648\u0627\u0646 \u0627\u0644\u062c\u0645\u0627\u0644 \u0623\u0641\u0636\u0644 \u0627\u0644\u062e\u062f\u0645\u0627\u062a \u0627\u0644\u062a\u062c\u0645\u064a\u0644\u064a\u0629 \u0627\u0644\u062c\u0644\u062f\u064a\u0629 \u0648\u0623\u0641\u0636\u0644 \u062e\u062f\u0645\u0627\u062a \u0627\u0644\u0639\u0646\u0627\u064a\u0629 \u0628\u0627\u0644\u0623\u0633\u0646\u0627\u0646 \u0648\u062c\u0645\u0627\u0644\u0647\u0627", "email": "info@noor-clinics.com", "healthcare": "hospital", "healthcare:speciality": "dermatology;plastic_surgery;dentist;dental;oral_&_maxillofacial_surgery", "image": "http://noor-clinics.com/wp-content/uploads/2020/12/cropped-LOGO-NOOR1.png", "name": "NOOR CLINICS", "operator": "noor group", "phone": "0114202111", "picture": "http://noor-clinics.com/wp-content/uploads/2020/12/cropped-LOGO-NOOR1.png", "website": "https://noor-clinics.com/", "id": "node/8254759010", "@id": "node/8254759010"}, "geometry": {"type": "Point", "coordinates": [611.1300575806778, 0, 732.5189959999487]}}, {"type": "Feature", "properties": {"highway": "traffic_signals", "traffic_signals": "signal", "id": "node/8911340150", "@id": "node/8911340150"}, "geometry": {"type": "Point", "coordinates": [114.64945909909378, 0, 446.09263600015356]}}, {"type": "Feature", "properties": {"highway": "traffic_signals", "id": "node/8916090758", "@id": "node/8916090758"}, "geometry": {"type": "Point", "coordinates": [423.94107567092084, 0, 619.2174999999905]}}, {"type": "Feature", "properties": {"crossing": "traffic_signals", "crossing:signals": "yes", "highway": "crossing", "id": "node/9500812824", "@id": "node/9500812824"}, "geometry": {"type": "Point", "coordinates": [530.7126192150175, 0, 308.37866400005566]}}, {"type": "Feature", "properties": {"bus": "yes", "highway": "bus_stop", "name:en": "Olaya 212", "public_transport": "platform", "id": "node/11209514440", "@id": "node/11209514440"}, "geometry": {"type": "Point", "coordinates": [484.1226873048813, 0, 446.7048960001897]}}, {"type": "Feature", "properties": {"highway": "traffic_signals", "traffic_signals": "signal", "id": "node/12039396812", "@id": "node/12039396812"}, "geometry": {"type": "Point", "coordinates": [531.8654849056949, 0, 306.68660000005644]}}, {"type": "Feature", "properties": {"crossing": "uncontrolled", "crossing:markings": "yes", "crossing:signals": "no", "highway": "crossing", "id": "node/12043245706", "@id": "node/12043245706"}, "geometry": {"type": "Point", "coordinates": [647.9509696901463, 0, 29.978475999928946]}}, {"type": "Feature", "properties": {"highway": "stop", "id": "node/12043245707", "@id": "node/12043245707"}, "geometry": {"type": "Point", "coordinates": [690.4654202543309, 0, 23.610972000264923]}}, {"type": "Feature", "properties": {"highway": "traffic_signals", "traffic_signals": "signal", "id": "node/12058917840", "@id": "node/12058917840"}, "geometry": {"type": "Point", "coordinates": [389.32476637440726, 0, 585.9996120001723]}}, {"type": "Feature", "properties": {"highway": "crossing", "id": "node/12058917841", "@id": "node/12058917841"}, "geometry": {"type": "Point", "coordinates": [427.96599273159495, 0, 603.3432679999667]}}, {"type": "Feature", "properties": {"public_transport": "stop_position", "id": "node/12059038614", "@id": "node/12059038614"}, "geometry": {"type": "Point", "coordinates": [526.5764607274513, 0, 316.9169080001714]}}, {"type": "Feature", "properties": {"amenity": "parking", "parking": "street_side", "id": "node/12059038616", "@id": "node/12059038616"}, "geometry": {"type": "Point", "coordinates": [556.9453701109435, 0, 252.5405520000814]}}, {"type": "Feature", "properties": {"amenity": "parking", "parking": "street_side", "id": "node/12059038618", "@id": "node/12059038618"}, "geometry": {"type": "Point", "coordinates": [659.0144351795501, 0, 26.505292000076253]}}, {"type": "Feature", "properties": {"parking_space": "bus", "id": "node/12059207211", "@id": "node/12059207211"}, "geometry": {"type": "Point", "coordinates": [596.0821264581034, 0, 703.6537199999776]}}, {"type": "Feature", "properties": {"highway": "crossing", "id": "node/12059207213", "@id": "node/12059207213"}, "geometry": {"type": "Point", "coordinates": [390.3461649247998, 0, 604.701372000018]}}, {"type": "Feature", "properties": {"amenity": "parking", "parking": "street_side", "id": "node/12060954261", "@id": "node/12060954261"}, "geometry": {"type": "Point", "coordinates": [607.4793162267467, 0, 136.86794000009826]}}, {"type": "Feature", "properties": {"highway": "stop", "id": "node/12066115696", "@id": "node/12066115696"}, "geometry": {"type": "Point", "coordinates": [576.9182625620738, 0, 243.5458960001688]}}, {"type": "Feature", "properties": {"crossing": "uncontrolled", "crossing:markings": "yes", "crossing:signals": "no", "highway": "crossing", "id": "node/12066115697", "@id": "node/12066115697"}, "geometry": {"type": "Point", "coordinates": [544.5470075053001, 0, 315.4252200001409]}}, {"type": "Feature", "properties": {"highway": "traffic_signals", "traffic_signals": "signal", "id": "node/12066115698", "@id": "node/12066115698"}, "geometry": {"type": "Point", "coordinates": [545.8616789074287, 0, 313.2099519999598]}}, {"type": "Feature", "properties": {"bus": "yes", "public_transport": "stop_position", "id": "node/12066115699", "@id": "node/12066115699"}, "geometry": {"type": "Point", "coordinates": [541.5738275661852, 0, 322.24913599999724]}}, {"type": "Feature", "properties": {"bus": "yes", "public_transport": "stop_position", "id": "node/12066115700", "@id": "node/12066115700"}, "geometry": {"type": "Point", "coordinates": [527.3248121409374, 0, 353.574584000243]}}, {"type": "Feature", "properties": {"highway": "stop", "id": "node/12082551051", "@id": "node/12082551051"}, "geometry": {"type": "Point", "coordinates": [646.3430254370004, 0, 29.154708000189515]}}, {"type": "Feature", "properties": {"amenity": "parking", "parking": "street_side", "id": "node/12082551052", "@id": "node/12082551052"}, "geometry": {"type": "Point", "coordinates": [668.6722135547628, 0, 41.733868000069236]}}, {"type": "Feature", "properties": {"amenity": "parking", "parking": "street_side", "id": "node/12082551053", "@id": "node/12082551053"}, "geometry": {"type": "Point", "coordinates": [664.7383122061514, 0, 50.37230000016933]}}, {"type": "Feature", "properties": {"highway": "stop", "id": "node/12082551054", "@id": "node/12082551054"}, "geometry": {"type": "Point", "coordinates": [584.8467424009114, 0, 154.14480400029845]}}, {"type": "Feature", "properties": {"highway": "stop", "id": "node/12082551058", "@id": "node/12082551058"}, "geometry": {"type": "Point", "coordinates": [531.3598420593856, 0, 284.3780719999835]}}, {"type": "Feature", "properties": {"railway": "subway_entrance", "ref": "1", "id": "node/12336502032", "@id": "node/12336502032"}, "geometry": {"type": "Point", "coordinates": [370.2316924763292, 0, 645.088268000166]}}, {"type": "Feature", "properties": {"railway": "subway_entrance", "ref": "5", "id": "node/12336663024", "@id": "node/12336663024"}, "geometry": {"type": "Point", "coordinates": [401.5613232685993, 0, 646.5354280000715]}}, {"type": "Feature", "properties": {"railway": "subway_entrance", "ref": "4", "id": "node/12336663025", "@id": "node/12336663025"}, "geometry": {"type": "Point", "coordinates": [437.09790254638733, 0, 580.4558760002477]}}, {"type": "Feature", "properties": {"railway": "subway_entrance", "ref": "3", "id": "node/12336663026", "@id": "node/12336663026"}, "geometry": {"type": "Point", "coordinates": [370.31259533205485, 0, 559.1714920002784]}}, {"type": "Feature", "properties": {"railway": "subway_entrance", "ref": "5", "id": "node/12336663027", "@id": "node/12336663027"}, "geometry": {"type": "Point", "coordinates": [386.9684707077751, 0, 523.6158840000346]}}, {"type": "Feature", "properties": {"railway": "subway_entrance", "ref": "2", "id": "node/12369254088", "@id": "node/12369254088"}, "geometry": {"type": "Point", "coordinates": [374.1453681108296, 0, 614.8537560000134]}}, {"type": "Feature", "properties": {"highway": "crossing", "id": "node/12369254097", "@id": "node/12369254097"}, "geometry": {"type": "Point", "coordinates": [409.9044302416835, 0, 553.6722840000832]}}, {"type": "Feature", "properties": {"highway": "crossing", "id": "node/12369254098", "@id": "node/12369254098"}, "geometry": {"type": "Point", "coordinates": [420.94767001697625, 0, 617.8593959999391]}}, {"type": "Feature", "properties": {"highway": "crossing", "id": "node/12369254099", "@id": "node/12369254099"}, "geometry": {"type": "Point", "coordinates": [390.6090992053692, 0, 616.3120480000491]}}, {"type": "Feature", "properties": {"highway": "crossing", "id": "node/12369254100", "@id": "node/12369254100"}, "geometry": {"type": "Point", "coordinates": [403.7355875096691, 0, 622.8576640002126]}}, {"type": "Feature", "properties": {"highway": "crossing", "id": "node/12369263401", "@id": "node/12369263401"}, "geometry": {"type": "Point", "coordinates": [397.5768576347102, 0, 589.8401519999676]}}, {"type": "Feature", "properties": {"highway": "crossing", "id": "node/12369263402", "@id": "node/12369263402"}, "geometry": {"type": "Point", "coordinates": [407.57847314621796, 0, 579.2424880003056]}}, {"type": "Feature", "properties": {"highway": "crossing", "id": "node/12369263403", "@id": "node/12369263403"}, "geometry": {"type": "Point", "coordinates": [419.5723214739517, 0, 585.1869760001675]}}, {"type": "Feature", "properties": {"addr:city": "Riyadh", "addr:postcode": "11355", "addr:street": "P O. 385038, Riyadh 11355, Saudi Arabia", "name": "StandardTouch", "office": "company", "phone": "+966591153847", "website": "https://standardtouch.com/", "id": "node/12886374490", "@id": "node/12886374490"}, "geometry": {"type": "Point", "coordinates": [443.42855098913446, 0, 591.4320279999824]}}, {"type": "Feature", "properties": {"addr:city": "\u0627\u0644\u0631\u064a\u0627\u0636", "addr:city:simc": "Riyadh", "addr:postcode": "12244", "addr:street": "\u0639\u0628\u062f\u0627\u0644\u0644\u0647 \u0628\u0646 \u0632\u0645\u0639\u0629", "addr:street:sym_ul": "Ibn Uqail", "name": "\u0645\u0634\u0631\u0627\u0642", "office": "estate_agent", "website": "https://www.mishraq.sa/", "id": "node/14047426216", "@id": "node/14047426216"}, "geometry": {"type": "Point", "coordinates": [655.2221138275603, 0, 195.28867600019623]}}, {"type": "Feature", "properties": {"id": "node/8703400244", "@id": "node/8703400244"}, "geometry": {"type": "Point", "coordinates": [13.97596828762276, 0, 1469.234756000296]}}, {"type": "Feature", "properties": {"id": "node/11435850923", "@id": "node/11435850923"}, "geometry": {"type": "Point", "coordinates": [-2842.2386679547617, 0, 6620.100212000129]}}, {"type": "Feature", "properties": {"id": "node/12080044112", "@id": "node/12080044112"}, "geometry": {"type": "Point", "coordinates": [1273.81545982827, 0, -1287.6273079998075]}}, {"type": "Feature", "properties": {"id": "node/12338832172", "@id": "node/12338832172"}, "geometry": {"type": "Point", "coordinates": [1598.1448946656158, 0, -1989.733679999895]}}, {"type": "Feature", "properties": {"id": "node/6018879099", "@id": "node/6018879099"}, "geometry": {"type": "Point", "coordinates": [3158.2351086760787, 0, -4825.410303999942]}}, {"type": "Feature", "properties": {"id": "node/8678006165", "@id": "node/8678006165"}, "geometry": {"type": "Point", "coordinates": [3349.459120504284, 0, -5376.221663999812]}}, {"type": "Feature", "properties": {"id": "node/12347703285", "@id": "node/12347703285"}, "geometry": {"type": "Point", "coordinates": [4248.967406510991, 0, -6981.623043999921]}}, {"type": "Feature", "properties": {"id": "node/13267042616", "@id": "node/13267042616"}, "geometry": {"type": "Point", "coordinates": [4423.859154384942, 0, -7766.874323999934]}}, {"type": "Feature", "properties": {"id": "node/6018879091", "@id": "node/6018879091"}, "geometry": {"type": "Point", "coordinates": [4583.4501497135225, 0, -8838.19573999993]}}, {"type": "Feature", "properties": {"id": "node/6712570788", "@id": "node/6712570788"}, "geometry": {"type": "Point", "coordinates": [6538.467652841046, 0, -11961.089095999912]}}, {"type": "Feature", "properties": {"id": "node/11594935252", "@id": "node/11594935252"}, "geometry": {"type": "Point", "coordinates": [10637.683873823513, 0, -16473.400768000007]}}, {"type": "Feature", "properties": {"id": "node/12320539046", "@id": "node/12320539046"}, "geometry": {"type": "Point", "coordinates": [-2851.947010614533, 0, 6585.034412000073]}}]}