{
"type": "FeatureCollection",
"features": [
{
  "type": "Feature",
  "id": "relation/8249853",
  "properties": {
    "name": "طريق الرياض - القصيم - حائل - الجوف السريع",
    "name:en": "Riyadh–Qassim Expressway",
    "network": "SA:national",
    "ref": "65",
    "route": "road",
    "type": "route",
    "wikipedia": "ar:الطريق السريع 65 (السعودية)",
    "id": "relation/8249853"
  },
  "geometry": {
    "type": "MultiLineString",
    "coordinates": [
      [
        [
          43.8208229,
          26.42469
        ],
        [
          43.8174907,
          26.4267144
        ],
        [
          43.815081,
          26.4281783
        ],
        [
          43.8117307,
          26.4302116
        ],
        [
          43.8085166,
          26.4321502
        ],
        [
          43.787206,
          26.4451091
        ],
        [
          43.782033,
          26.4481956
        ],
        [
          43.7768124,
          26.451226
        ],
        [
          43.7723561,
          26.4537157
        ],
        [
          43.7706466,
          26.4546707
        ],
        [
          43.7663074,
          26.4570949
        ],
        [
          43.7599845,
          26.4605692
        ],
        [
          43.7555416,
          26.4630104
        ],
        [
          43.7268471,
          26.4788069
        ],
        [
          43.7265477,
          26.4789717
        ],
        [
          43.7206461,
          26.4821196
        ],
        [
          43.7108693,
          26.4874918
        ],
        [
          43.7091919,
          26.4884727
        ],
        [
          43.7088959,
          26.4886515
        ],
        [
          43.6862938,
          26.5010018
        ],
        [
          43.6779518,
          26.5056303
        ],
        [
          43.6773538,
          26.505963
        ],
        [
          43.6756414,
          26.506926
        ],
        [
          43.6730994,
          26.5083399
        ],
        [
          43.6721931,
          26.5088774
        ],
        [
          43.6693935,
          26.510538
        ],
        [
          43.6689083,
          26.5108258
        ],
        [
          43.6651891,
          26.5130399
        ],
        [
          43.6649503,
          26.5131821
        ],
        [
          43.6610375,
          26.5155957
        ],
        [
          43.6602109,
          26.5161146
        ],
        [
          43.6581741,
          26.5173932
        ],
        [
          43.65748,
          26.517829
        ],
        [
          43.6566159,
          26.5183336
        ],
        [
          43.6529845,
          26.5206512
        ],
        [
          43.6450715,
          26.5258396
        ],
        [
          43.6433858,
          26.5269815
        ],
        [
          43.6406901,
          26.5288076
        ],
        [
          43.6364001,
          26.5318333
        ],
        [
          43.6278006,
          26.5379614
        ],
        [
          43.6263506,
          26.5390189
        ],
        [
          43.6108358,
          26.5503332
        ],
        [
          43.6090536,
          26.5516653
        ],
        [
          43.6076333,
          26.5527411
        ],
        [
          43.6052177,
          26.5545027
        ],
        [
          43.6042832,
          26.5551529
        ],
        [
          43.6024606,
          26.5564209
        ],
        [
          43.5985661,
          26.5591209
        ],
        [
          43.5980359,
          26.5594939
        ],
        [
          43.5945584,
          26.5618265
        ],
        [
          43.5916899,
          26.5637694
        ],
        [
          43.586589,
          26.5670637
        ],
        [
          43.5812983,
          26.5703474
        ],
        [
          43.5809231,
          26.5705735
        ],
        [
          43.5722821,
          26.5757416
        ],
        [
          43.5634771,
          26.5806868
        ],
        [
          43.5495516,
          26.5879583
        ],
        [
          43.5406399,
          26.5923433
        ],
        [
          43.5317727,
          26.5967681
        ],
        [
          43.5265123,
          26.5995045
        ],
        [
          43.5212981,
          26.6023155
        ],
        [
          43.5161377,
          26.605184
        ],
        [
          43.5110632,
          26.608113
        ],
        [
          43.4991458,
          26.6153736
        ],
        [
          43.491144,
          26.6202487
        ],
        [
          43.4824226,
          26.6256003
        ],
        [
          43.464742,
          26.6364497
        ],
        [
          43.4580413,
          26.6405612
        ],
        [
          43.4482057,
          26.6465967
        ],
        [
          43.4430872,
          26.6497347
        ],
        [
          43.4383617,
          26.6526318
        ],
        [
          43.4357689,
          26.6542227
        ],
        [
          43.4273619,
          26.659381
        ],
        [
          43.4186701,
          26.6647138
        ],
        [
          43.4077523,
          26.6713586
        ],
        [
          43.3960461,
          26.6782339
        ],
        [
          43.3853027,
          26.6843559
        ],
        [
          43.3786833,
          26.6881277
        ],
        [
          43.3454757,
          26.7070596
        ],
        [
          43.3393229,
          26.710567
        ],
        [
          43.3354939,
          26.7127482
        ],
        [
          43.3151705,
          26.7243251
        ],
        [
          43.3137382,
          26.7251409
        ],
        [
          43.2831448,
          26.7425656
        ],
        [
          43.2646765,
          26.7530767
        ],
        [
          43.2636632,
          26.7536533
        ],
        [
          43.2480745,
          26.7625247
        ],
        [
          43.2440203,
          26.7648318
        ],
        [
          43.2350602,
          26.7699237
        ],
        [
          43.2335269,
          26.770795
        ],
        [
          43.2156483,
          26.7809562
        ],
        [
          43.2135747,
          26.7821347
        ],
        [
          43.1727845,
          26.805314
        ],
        [
          43.1722167,
          26.8056366
        ],
        [
          43.1718711,
          26.8058327
        ],
        [
          43.1643234,
          26.8101143
        ],
        [
          43.1600889,
          26.8125164
        ],
        [
          43.1497312,
          26.8183778
        ],
        [
          43.1407464,
          26.823527
        ],
        [
          43.1373448,
          26.8255398
        ],
        [
          43.1363876,
          26.8261062
        ],
        [
          43.1322089,
          26.8285788
        ],
        [
          43.1248892,
          26.8329517
        ],
        [
          43.1170196,
          26.8377508
        ],
        [
          43.1124025,
          26.8406084
        ],
        [
          43.1116534,
          26.841072
        ],
        [
          43.1059652,
          26.8445923
        ],
        [
          43.0953897,
          26.8511175
        ],
        [
          43.0893913,
          26.8547459
        ],
        [
          43.0834661,
          26.8584741
        ],
        [
          43.0813107,
          26.8597815
        ],
        [
          43.0784473,
          26.8615184
        ],
        [
          43.0692848,
          26.8671951
        ],
        [
          43.0587047,
          26.8736923
        ],
        [
          43.0584681,
          26.8738512
        ],
        [
          43.05808,
          26.8740821
        ],
        [
          43.0572638,
          26.8745891
        ],
        [
          43.0489995,
          26.8797364
        ],
        [
          43.0422664,
          26.8838646
        ],
        [
          43.0415843,
          26.8842508
        ],
        [
          43.0359242,
          26.8878199
        ],
        [
          43.0338211,
          26.8890677
        ],
        [
          43.0336314,
          26.8891802
        ],
        [
          43.0320089,
          26.8901887
        ],
        [
          43.025572,
          26.8941927
        ],
        [
          43.0189094,
          26.89833
        ],
        [
          43.0114775,
          26.90288
        ],
        [
          43.0103174,
          26.9035756
        ],
        [
          43.0093666,
          26.9041456
        ],
        [
          42.9984564,
          26.9106865
        ],
        [
          42.9844639,
          26.9188431
        ],
        [
          42.9686041,
          26.9278034
        ],
        [
          42.944182,
          26.941569
        ],
        [
          42.9400958,
          26.943872
        ],
        [
          42.9385704,
          26.9447318
        ],
        [
          42.9280273,
          26.9506737
        ],
        [
          42.9001995,
          26.9663556
        ],
        [
          42.898835,
          26.9671245
        ],
        [
          42.8926233,
          26.9706247
        ],
        [
          42.8914534,
          26.9712839
        ],
        [
          42.8854748,
          26.9746526
        ],
        [
          42.852688,
          26.9930928
        ],
        [
          42.8513203,
          26.9938635
        ],
        [
          42.8498751,
          26.9946778
        ],
        [
          42.8367478,
          27.0020744
        ],
        [
          42.8315074,
          27.0050272
        ],
        [
          42.8300134,
          27.0058131
        ],
        [
          42.8287209,
          27.0065959
        ],
        [
          42.8284719,
          27.0067361
        ],
        [
          42.8283226,
          27.0068194
        ],
        [
          42.8235992,
          27.0094539
        ],
        [
          42.8228275,
          27.0098844
        ],
        [
          42.821403,
          27.0106789
        ],
        [
          42.8182509,
          27.012437
        ],
        [
          42.8089122,
          27.0176455
        ],
        [
          42.801462,
          27.021603
        ],
        [
          42.7897021,
          27.0278495
        ],
        [
          42.7862894,
          27.0296621
        ],
        [
          42.7692859,
          27.0390378
        ],
        [
          42.7489557,
          27.0504589
        ],
        [
          42.734784,
          27.0584109
        ],
        [
          42.7204841,
          27.0663361
        ],
        [
          42.7177559,
          27.067814
        ],
        [
          42.7091807,
          27.0724592
        ],
        [
          42.6996498,
          27.0776219
        ],
        [
          42.6887979,
          27.0836884
        ],
        [
          42.6870399,
          27.0847238
        ],
        [
          42.6855018,
          27.0856297
        ],
        [
          42.6835052,
          27.0868056
        ],
        [
          42.6820397,
          27.0876687
        ],
        [
          42.6781851,
          27.0899389
        ],
        [
          42.6659731,
          27.0975683
        ],
        [
          42.6623901,
          27.0998067
        ],
        [
          42.6552946,
          27.1042889
        ],
        [
          42.6489643,
          27.1082692
        ],
        [
          42.6452202,
          27.1105954
        ],
        [
          42.6426577,
          27.1121874
        ],
        [
          42.6308093,
          27.1193874
        ],
        [
          42.6114174,
          27.1308937
        ],
        [
          42.5907958,
          27.1431443
        ],
        [
          42.5881945,
          27.1446895
        ],
        [
          42.5838355,
          27.1472789
        ],
        [
          42.5813129,
          27.1487773
        ],
        [
          42.5792721,
          27.1499874
        ],
        [
          42.5685227,
          27.1563614
        ],
        [
          42.5373662,
          27.1748349
        ],
        [
          42.5279063,
          27.1804433
        ],
        [
          42.5209148,
          27.1845881
        ],
        [
          42.4851963,
          27.20572
        ],
        [
          42.4792142,
          27.209217
        ],
        [
          42.4720578,
          27.2135015
        ],
        [
          42.468924,
          27.2153507
        ],
        [
          42.4635285,
          27.2184835
        ],
        [
          42.4592201,
          27.2210312
        ],
        [
          42.4569387,
          27.2224019
        ],
        [
          42.454929,
          27.2236094
        ],
        [
          42.4293236,
          27.2388002
        ],
        [
          42.4149756,
          27.2472508
        ],
        [
          42.4115771,
          27.2492524
        ],
        [
          42.4080123,
          27.2513518
        ],
        [
          42.3844599,
          27.2652217
        ],
        [
          42.3717167,
          27.2724805
        ]
      ],
      [
        [
          42.3715434,
          27.2722057
        ],
        [
          42.3842655,
          27.2650015
        ],
        [
          42.3862583,
          27.2638273
        ],
        [
          42.3959852,
          27.2580959
        ],
        [
          42.407711,
          27.2511863
        ],
        [
          42.4114054,
          27.2490092
        ],
        [
          42.4147946,
          27.2470119
        ],
        [
          42.4275132,
          27.2395165
        ],
        [
          42.4288266,
          27.2387424
        ],
        [
          42.4291894,
          27.2385286
        ],
        [
          42.4449366,
          27.2291944
        ],
        [
          42.4526188,
          27.2246009
        ],
        [
          42.4566842,
          27.2221805
        ],
        [
          42.4584805,
          27.221111
        ],
        [
          42.4590251,
          27.2208083
        ],
        [
          42.4631872,
          27.2183466
        ],
        [
          42.4687417,
          27.2151241
        ],
        [
          42.471913,
          27.2132481
        ],
        [
          42.4743569,
          27.2117874
        ],
        [
          42.4844374,
          27.2058309
        ],
        [
          42.4850232,
          27.2054882
        ],
        [
          42.4851976,
          27.205385
        ],
        [
          42.4959446,
          27.1990241
        ],
        [
          42.500427,
          27.1963693
        ],
        [
          42.5013631,
          27.1958148
        ],
        [
          42.5207309,
          27.1843427
        ],
        [
          42.5265141,
          27.1809142
        ],
        [
          42.5289277,
          27.1794833
        ],
        [
          42.5302908,
          27.1786752
        ],
        [
          42.5371829,
          27.1745891
        ],
        [
          42.5683387,
          27.156116
        ],
        [
          42.5767061,
          27.1511687
        ],
        [
          42.5811282,
          27.148554
        ],
        [
          42.5835064,
          27.1471396
        ],
        [
          42.5880128,
          27.1444594
        ],
        [
          42.5909572,
          27.1427082
        ],
        [
          42.602384,
          27.1359118
        ],
        [
          42.6112317,
          27.1306492
        ],
        [
          42.6305861,
          27.1191185
        ],
        [
          42.642412,
          27.1119941
        ],
        [
          42.6486572,
          27.1081188
        ],
        [
          42.6552388,
          27.1039854
        ],
        [
          42.6558396,
          27.1036051
        ],
        [
          42.6622874,
          27.0995233
        ],
        [
          42.6779284,
          27.0897582
        ],
        [
          42.6819386,
          27.0873965
        ],
        [
          42.6834754,
          27.0864914
        ],
        [
          42.6886291,
          27.0834561
        ],
        [
          42.6995028,
          27.0773751
        ],
        [
          42.7133051,
          27.0698953
        ],
        [
          42.7203908,
          27.0660552
        ],
        [
          42.7346065,
          27.0581448
        ],
        [
          42.748879,
          27.0501412
        ],
        [
          42.7528721,
          27.0479004
        ],
        [
          42.7540926,
          27.0472155
        ],
        [
          42.7691117,
          27.0387866
        ],
        [
          42.7862132,
          27.0293352
        ],
        [
          42.789264,
          27.0277194
        ],
        [
          42.7942367,
          27.0250856
        ],
        [
          42.7958728,
          27.0242191
        ],
        [
          42.8000929,
          27.0219839
        ],
        [
          42.8088339,
          27.017354
        ],
        [
          42.8162658,
          27.0132039
        ],
        [
          42.8197737,
          27.011245
        ],
        [
          42.8214385,
          27.0103152
        ],
        [
          42.8270041,
          27.0072072
        ],
        [
          42.8282967,
          27.0064853
        ],
        [
          42.8284855,
          27.006379
        ],
        [
          42.8313302,
          27.0047775
        ],
        [
          42.8318174,
          27.004503
        ],
        [
          42.8325978,
          27.0040633
        ],
        [
          42.8340344,
          27.0032538
        ],
        [
          42.836535,
          27.0018448
        ],
        [
          42.8476391,
          26.9955882
        ],
        [
          42.8489372,
          26.9948568
        ],
        [
          42.8525111,
          26.992843
        ],
        [
          42.8606163,
          26.9882847
        ],
        [
          42.8786368,
          26.9781494
        ],
        [
          42.8849747,
          26.9745846
        ],
        [
          42.8852977,
          26.9744029
        ],
        [
          42.8864177,
          26.9737718
        ],
        [
          42.9064982,
          26.9624567
        ],
        [
          42.9081643,
          26.9615178
        ],
        [
          42.9267131,
          26.9510647
        ],
        [
          42.9278543,
          26.9504216
        ],
        [
          42.9280527,
          26.9503098
        ],
        [
          42.9439974,
          26.9413234
        ],
        [
          42.9589177,
          26.9329137
        ],
        [
          42.96046,
          26.9320444
        ],
        [
          42.9684232,
          26.9275557
        ],
        [
          42.9805576,
          26.9207097
        ],
        [
          42.9842933,
          26.918602
        ],
        [
          42.9879334,
          26.916476
        ],
        [
          42.9961904,
          26.9116535
        ],
        [
          42.9977493,
          26.910743
        ],
        [
          42.998516,
          26.9102952
        ],
        [
          43.0115392,
          26.9024863
        ],
        [
          43.018808,
          26.8980128
        ],
        [
          43.0255258,
          26.8938558
        ],
        [
          43.0336473,
          26.8888501
        ],
        [
          43.0357783,
          26.8875366
        ],
        [
          43.0420732,
          26.8836285
        ],
        [
          43.0462247,
          26.8810458
        ],
        [
          43.0488129,
          26.8794919
        ],
        [
          43.0498916,
          26.8788271
        ],
        [
          43.0525397,
          26.877193
        ],
        [
          43.0557147,
          26.8752345
        ],
        [
          43.0585066,
          26.8735123
        ],
        [
          43.0690811,
          26.8669684
        ],
        [
          43.0756165,
          26.8629238
        ],
        [
          43.0811048,
          26.8595439
        ],
        [
          43.0936853,
          26.851796
        ],
        [
          43.0937778,
          26.8517424
        ],
        [
          43.1057796,
          26.8443471
        ],
        [
          43.1129284,
          26.839859
        ],
        [
          43.1165212,
          26.8376685
        ],
        [
          43.1247111,
          26.832687
        ],
        [
          43.1321397,
          26.8282318
        ],
        [
          43.1406241,
          26.8232508
        ],
        [
          43.1493466,
          26.8182485
        ],
        [
          43.1598743,
          26.812287
        ],
        [
          43.1640144,
          26.8099386
        ],
        [
          43.1715474,
          26.8056657
        ],
        [
          43.1720365,
          26.8053882
        ],
        [
          43.1725394,
          26.8051025
        ],
        [
          43.213247,
          26.7819701
        ],
        [
          43.2133365,
          26.7819192
        ],
        [
          43.2333489,
          26.7705453
        ],
        [
          43.2353925,
          26.7693827
        ],
        [
          43.2492025,
          26.7615263
        ],
        [
          43.2829665,
          26.742316
        ],
        [
          43.2918553,
          26.7372536
        ],
        [
          43.2940945,
          26.7359783
        ],
        [
          43.3000171,
          26.7326051
        ],
        [
          43.3013753,
          26.7318314
        ],
        [
          43.3138131,
          26.7247471
        ],
        [
          43.3160495,
          26.7234732
        ],
        [
          43.3334349,
          26.7135699
        ],
        [
          43.3391445,
          26.7103173
        ],
        [
          43.3463292,
          26.7062216
        ],
        [
          43.3785033,
          26.6878789
        ],
        [
          43.3863357,
          26.6834038
        ],
        [
          43.396008,
          26.6778772
        ],
        [
          43.3988601,
          26.6762068
        ],
        [
          43.4068995,
          26.6714982
        ],
        [
          43.4076037,
          26.6710858
        ],
        [
          43.4184854,
          26.6644677
        ],
        [
          43.4271319,
          26.6591627
        ],
        [
          43.4355806,
          26.6539787
        ],
        [
          43.4381741,
          26.6523874
        ],
        [
          43.4435785,
          26.6490742
        ],
        [
          43.4480181,
          26.6463524
        ],
        [
          43.4578537,
          26.6403169
        ],
        [
          43.4828201,
          26.6249969
        ],
        [
          43.4909568,
          26.620004
        ],
        [
          43.500819,
          26.6139103
        ],
        [
          43.5108665,
          26.6078492
        ],
        [
          43.5159603,
          26.6049336
        ],
        [
          43.521125,
          26.6020627
        ],
        [
          43.5263433,
          26.5992494
        ],
        [
          43.5316085,
          26.5965106
        ],
        [
          43.5404792,
          26.5920839
        ],
        [
          43.5493881,
          26.5877003
        ],
        [
          43.5633053,
          26.5804332
        ],
        [
          43.5721018,
          26.5754928
        ],
        [
          43.5807388,
          26.570327
        ],
        [
          43.5810908,
          26.5701184
        ],
        [
          43.5863796,
          26.5668452
        ],
        [
          43.5915484,
          26.5634645
        ],
        [
          43.5944487,
          26.5615291
        ],
        [
          43.5979001,
          26.5592086
        ],
        [
          43.5984956,
          26.5588014
        ],
        [
          43.6023423,
          26.5561469
        ],
        [
          43.6050367,
          26.5542287
        ],
        [
          43.6074925,
          26.5524831
        ],
        [
          43.6088574,
          26.5514451
        ],
        [
          43.610655,
          26.5501348
        ],
        [
          43.6276204,
          26.5377624
        ],
        [
          43.6361648,
          26.5316099
        ],
        [
          43.6405163,
          26.5286042
        ],
        [
          43.64326,
          26.5267455
        ],
        [
          43.6449006,
          26.5256342
        ],
        [
          43.6528177,
          26.5204431
        ],
        [
          43.6573159,
          26.5175319
        ],
        [
          43.6608314,
          26.5153473
        ],
        [
          43.6687282,
          26.5105978
        ],
        [
          43.6710843,
          26.50921
        ],
        [
          43.6729428,
          26.5081255
        ],
        [
          43.6771919,
          26.5057083
        ],
        [
          43.6777779,
          26.505366
        ],
        [
          43.6877115,
          26.4998877
        ],
        [
          43.707772,
          26.488845
        ],
        [
          43.7145648,
          26.4851371
        ],
        [
          43.7205326,
          26.4818553
        ],
        [
          43.7252722,
          26.4792913
        ],
        [
          43.7266454,
          26.4784792
        ],
        [
          43.7593797,
          26.4605643
        ],
        [
          43.7661385,
          26.4568505
        ],
        [
          43.7704557,
          26.4544386
        ],
        [
          43.7766401,
          26.4509835
        ],
        [
          43.7818567,
          26.4479554
        ],
        [
          43.7870268,
          26.4448707
        ],
        [
          43.8083362,
          26.4319124
        ],
        [
          43.8094819,
          26.4312176
        ],
        [
          43.8120395,
          26.4296665
        ],
        [
          43.815734,
          26.4274163
        ],
        [
          43.8205962,
          26.4244548
        ],
        [
          43.8233441,
          26.4227811
        ],
        [
          43.8314691,
          26.4178491
        ],
        [
          43.8339386,
          26.4163335
        ],
        [
          43.8368294,
          26.4145995
        ],
        [
          43.8400452,
          26.4126423
        ]
      ],
      [
        [
          46.7033009,
          24.5804563
        ],
        [
          46.7035902,
          24.5807035
        ],
        [
          46.7040108,
          24.5812655
        ],
        [
          46.7042694,
          24.581767
        ],
        [
          46.7046068,
          24.5824543
        ],
        [
          46.704839,
          24.5829778
        ],
        [
          46.7050816,
          24.5835607
        ],
        [
          46.705264,
          24.5841125
        ],
        [
          46.705457,
          24.5850119
        ],
        [
          46.7055322,
          24.5860148
        ],
        [
          46.70553,
          24.5867134
        ],
        [
          46.7055155,
          24.5869777
        ],
        [
          46.7055043,
          24.5871817
        ],
        [
          46.705427,
          24.5876968
        ],
        [
          46.7053498,
          24.5881183
        ],
        [
          46.7052468,
          24.58861
        ],
        [
          46.7051009,
          24.5891329
        ],
        [
          46.7049635,
          24.589648
        ],
        [
          46.7047833,
          24.5902646
        ],
        [
          46.7042986,
          24.5920287
        ],
        [
          46.7034701,
          24.5953042
        ],
        [
          46.7032812,
          24.5960009
        ],
        [
          46.7032212,
          24.596594
        ],
        [
          46.7031934,
          24.597019
        ],
        [
          46.703204,
          24.5977256
        ],
        [
          46.7032726,
          24.5981826
        ],
        [
          46.7034272,
          24.5989527
        ],
        [
          46.7036889,
          24.5997332
        ],
        [
          46.7039851,
          24.6003693
        ],
        [
          46.7043477,
          24.6009312
        ],
        [
          46.7047704,
          24.6014054
        ],
        [
          46.7052775,
          24.6020069
        ],
        [
          46.7056948,
          24.6026206
        ],
        [
          46.7060605,
          24.6031993
        ],
        [
          46.7063285,
          24.6036681
        ],
        [
          46.7065661,
          24.6041503
        ],
        [
          46.7067801,
          24.6047262
        ],
        [
          46.706905,
          24.6051433
        ],
        [
          46.7070564,
          24.6058772
        ],
        [
          46.707164,
          24.606536
        ],
        [
          46.7071625,
          24.6069572
        ],
        [
          46.7071549,
          24.6072608
        ],
        [
          46.7070566,
          24.6097339
        ],
        [
          46.7069534,
          24.612452
        ],
        [
          46.7069433,
          24.6131478
        ],
        [
          46.7068506,
          24.6153967
        ],
        [
          46.7067718,
          24.6164599
        ],
        [
          46.7062241,
          24.6204319
        ],
        [
          46.7060105,
          24.6221489
        ],
        [
          46.7058728,
          24.6230841
        ],
        [
          46.7058185,
          24.6233538
        ],
        [
          46.7056595,
          24.6243406
        ],
        [
          46.7055169,
          24.6252892
        ],
        [
          46.7050989,
          24.6282564
        ],
        [
          46.7046961,
          24.6313016
        ],
        [
          46.7044078,
          24.6332962
        ],
        [
          46.7041025,
          24.6360059
        ],
        [
          46.7039795,
          24.6371483
        ],
        [
          46.7038645,
          24.6382687
        ],
        [
          46.7037554,
          24.6394078
        ],
        [
          46.7037275,
          24.6396215
        ],
        [
          46.7034303,
          24.6422024
        ],
        [
          46.7031478,
          24.6443168
        ],
        [
          46.7030845,
          24.6451325
        ],
        [
          46.7030636,
          24.6454011
        ],
        [
          46.7026605,
          24.6482444
        ],
        [
          46.7023993,
          24.6497708
        ],
        [
          46.7022526,
          24.6508805
        ],
        [
          46.7021544,
          24.6515331
        ],
        [
          46.7019158,
          24.6533268
        ],
        [
          46.7015994,
          24.6555095
        ],
        [
          46.7014743,
          24.6564193
        ],
        [
          46.7014237,
          24.6567211
        ],
        [
          46.7011054,
          24.6589985
        ],
        [
          46.7007464,
          24.6612863
        ],
        [
          46.700591,
          24.662369
        ],
        [
          46.7003985,
          24.663473
        ],
        [
          46.7003609,
          24.6636236
        ],
        [
          46.7002235,
          24.6639277
        ],
        [
          46.7000318,
          24.6643554
        ],
        [
          46.6997206,
          24.6648583
        ],
        [
          46.6992261,
          24.6653938
        ],
        [
          46.698671,
          24.6658981
        ],
        [
          46.6962252,
          24.6679277
        ],
        [
          46.6954376,
          24.6686713
        ],
        [
          46.6946573,
          24.6693613
        ],
        [
          46.6934712,
          24.6704717
        ],
        [
          46.6931432,
          24.6708099
        ],
        [
          46.6928527,
          24.6711728
        ],
        [
          46.6925987,
          24.6715219
        ],
        [
          46.6923797,
          24.6718836
        ],
        [
          46.692164,
          24.6722497
        ],
        [
          46.6919575,
          24.6726239
        ],
        [
          46.6918213,
          24.6728789
        ],
        [
          46.6916561,
          24.6731849
        ],
        [
          46.6913663,
          24.6737969
        ],
        [
          46.6911336,
          24.6742603
        ],
        [
          46.6909268,
          24.6746896
        ],
        [
          46.6907631,
          24.6751108
        ],
        [
          46.6890202,
          24.6784457
        ],
        [
          46.6872973,
          24.681885
        ],
        [
          46.6866147,
          24.6832194
        ],
        [
          46.6861505,
          24.6840989
        ],
        [
          46.6857677,
          24.6848608
        ],
        [
          46.6854675,
          24.6854349
        ],
        [
          46.685177,
          24.6860028
        ],
        [
          46.6846032,
          24.6871487
        ],
        [
          46.6827898,
          24.6908089
        ],
        [
          46.6826618,
          24.6910871
        ],
        [
          46.6819515,
          24.6924365
        ],
        [
          46.6813779,
          24.6935604
        ],
        [
          46.681078,
          24.6941087
        ],
        [
          46.6808122,
          24.6946694
        ],
        [
          46.6803121,
          24.6956441
        ],
        [
          46.6791172,
          24.6981279
        ],
        [
          46.6785823,
          24.6991884
        ],
        [
          46.6775281,
          24.7011826
        ],
        [
          46.6757748,
          24.7046837
        ],
        [
          46.6741319,
          24.7079727
        ],
        [
          46.6740843,
          24.7080754
        ],
        [
          46.6729732,
          24.7101726
        ],
        [
          46.6721625,
          24.7117488
        ],
        [
          46.6715873,
          24.7128918
        ],
        [
          46.67077,
          24.7145312
        ],
        [
          46.6700738,
          24.7160964
        ],
        [
          46.6690264,
          24.7180785
        ],
        [
          46.6689816,
          24.7181532
        ],
        [
          46.667838,
          24.7203794
        ],
        [
          46.6672476,
          24.7215304
        ],
        [
          46.666683,
          24.7226975
        ],
        [
          46.665776,
          24.7244686
        ],
        [
          46.665738,
          24.7245497
        ],
        [
          46.665462,
          24.7250989
        ],
        [
          46.6640855,
          24.7278942
        ],
        [
          46.6627453,
          24.7305231
        ],
        [
          46.6618371,
          24.73226
        ],
        [
          46.6611482,
          24.7336712
        ],
        [
          46.6610619,
          24.7337961
        ],
        [
          46.6591239,
          24.7376092
        ],
        [
          46.6585007,
          24.7388845
        ],
        [
          46.6575673,
          24.7407289
        ],
        [
          46.6564798,
          24.7428949
        ],
        [
          46.6547735,
          24.7462507
        ],
        [
          46.6535078,
          24.7487765
        ],
        [
          46.6530674,
          24.7497012
        ],
        [
          46.6507732,
          24.754367
        ],
        [
          46.6500032,
          24.7558055
        ],
        [
          46.6484914,
          24.7588281
        ],
        [
          46.6474939,
          24.7607305
        ],
        [
          46.6474543,
          24.7608204
        ],
        [
          46.6471811,
          24.7613735
        ],
        [
          46.6466515,
          24.7623946
        ],
        [
          46.646521,
          24.7626561
        ],
        [
          46.6451054,
          24.7655128
        ],
        [
          46.6437143,
          24.768206
        ],
        [
          46.642819,
          24.7699262
        ],
        [
          46.6419497,
          24.7716284
        ],
        [
          46.6373828,
          24.7806907
        ],
        [
          46.6368154,
          24.7818377
        ],
        [
          46.6361623,
          24.7831673
        ],
        [
          46.6358331,
          24.7838039
        ],
        [
          46.6347162,
          24.7859146
        ],
        [
          46.632587,
          24.7902017
        ],
        [
          46.631875,
          24.7915365
        ],
        [
          46.6306271,
          24.7939844
        ],
        [
          46.6293924,
          24.7965138
        ],
        [
          46.6284499,
          24.798469
        ],
        [
          46.6277965,
          24.7996171
        ],
        [
          46.6265024,
          24.8021927
        ],
        [
          46.6258035,
          24.8036361
        ],
        [
          46.6252714,
          24.804759
        ],
        [
          46.6237396,
          24.8078182
        ],
        [
          46.622898,
          24.8094421
        ],
        [
          46.6221719,
          24.8108918
        ],
        [
          46.6192915,
          24.8165296
        ],
        [
          46.6186662,
          24.8177768
        ],
        [
          46.6177614,
          24.8195018
        ],
        [
          46.6173094,
          24.820439
        ],
        [
          46.6161482,
          24.8227581
        ],
        [
          46.616108,
          24.8228304
        ],
        [
          46.6156681,
          24.8236218
        ],
        [
          46.6152194,
          24.8245234
        ],
        [
          46.6147216,
          24.8254898
        ],
        [
          46.6145676,
          24.825812
        ],
        [
          46.6138873,
          24.8271702
        ],
        [
          46.6134427,
          24.828065
        ],
        [
          46.6117341,
          24.8315448
        ],
        [
          46.6110867,
          24.8327824
        ],
        [
          46.6075905,
          24.8396751
        ],
        [
          46.606109,
          24.842633
        ],
        [
          46.6039565,
          24.8468371
        ],
        [
          46.6028157,
          24.8490695
        ],
        [
          46.6025513,
          24.849587
        ],
        [
          46.6010404,
          24.8525437
        ],
        [
          46.5986989,
          24.857168
        ],
        [
          46.5962056,
          24.8621502
        ],
        [
          46.5943148,
          24.8658727
        ],
        [
          46.5914725,
          24.8714214
        ],
        [
          46.5896487,
          24.8749771
        ],
        [
          46.5888847,
          24.8765411
        ],
        [
          46.5885103,
          24.8773076
        ],
        [
          46.5874091,
          24.8794797
        ],
        [
          46.5872781,
          24.8797246
        ],
        [
          46.5862976,
          24.8816517
        ],
        [
          46.5830512,
          24.8881225
        ],
        [
          46.5664495,
          24.9208204
        ],
        [
          46.5651556,
          24.9233854
        ],
        [
          46.5640842,
          24.9254546
        ],
        [
          46.5570705,
          24.9393215
        ],
        [
          46.5567065,
          24.9400389
        ],
        [
          46.5554732,
          24.9424682
        ],
        [
          46.5519708,
          24.9493663
        ],
        [
          46.5513018,
          24.950684
        ],
        [
          46.5478465,
          24.9574838
        ],
        [
          46.5403294,
          24.9722756
        ],
        [
          46.5402123,
          24.9725061
        ],
        [
          46.5339439,
          24.9848393
        ],
        [
          46.5332801,
          24.9861342
        ],
        [
          46.5323248,
          24.9880403
        ],
        [
          46.531673,
          24.9893644
        ],
        [
          46.5305563,
          24.9916435
        ],
        [
          46.5291638,
          24.9943755
        ],
        [
          46.5257307,
          25.00126
        ],
        [
          46.5235149,
          25.0057031
        ],
        [
          46.5227142,
          25.0075041
        ],
        [
          46.5223421,
          25.0083093
        ],
        [
          46.5186185,
          25.0166936
        ],
        [
          46.5171827,
          25.0201345
        ],
        [
          46.5157059,
          25.0235984
        ],
        [
          46.5139652,
          25.0277776
        ],
        [
          46.5111076,
          25.0345158
        ],
        [
          46.5081956,
          25.0412353
        ],
        [
          46.5066443,
          25.0444178
        ],
        [
          46.5053275,
          25.0469692
        ],
        [
          46.5030899,
          25.0511283
        ],
        [
          46.4993949,
          25.0572043
        ],
        [
          46.4911497,
          25.0706854
        ],
        [
          46.4893118,
          25.0737053
        ],
        [
          46.4877152,
          25.0764228
        ],
        [
          46.4861752,
          25.0790915
        ],
        [
          46.4847018,
          25.0816881
        ],
        [
          46.483265,
          25.0842742
        ],
        [
          46.4814325,
          25.0876904
        ],
        [
          46.4792629,
          25.0918575
        ],
        [
          46.4767251,
          25.096829
        ],
        [
          46.4759627,
          25.0984014
        ],
        [
          46.4749855,
          25.1002994
        ],
        [
          46.4675035,
          25.1151015
        ],
        [
          46.4664896,
          25.117015
        ],
        [
          46.4654444,
          25.1188832
        ],
        [
          46.4643038,
          25.1207785
        ],
        [
          46.4631061,
          25.1226358
        ],
        [
          46.4625214,
          25.1234998
        ],
        [
          46.4607084,
          25.1259847
        ],
        [
          46.4596089,
          25.1273595
        ],
        [
          46.4585524,
          25.1286638
        ],
        [
          46.4576004,
          25.1297811
        ],
        [
          46.456532,
          25.1309573
        ],
        [
          46.4552496,
          25.1323556
        ],
        [
          46.454197,
          25.1334281
        ],
        [
          46.4531075,
          25.1344788
        ],
        [
          46.4510606,
          25.1363987
        ],
        [
          46.4473234,
          25.1396045
        ],
        [
          46.4434787,
          25.1428437
        ],
        [
          46.4347996,
          25.1501911
        ],
        [
          46.4340005,
          25.1508773
        ],
        [
          46.4332014,
          25.1515409
        ],
        [
          46.4219148,
          25.1610684
        ],
        [
          46.4209821,
          25.1618665
        ],
        [
          46.4150362,
          25.1669545
        ],
        [
          46.4083183,
          25.1730572
        ],
        [
          46.4019923,
          25.1788433
        ],
        [
          46.4012058,
          25.1795754
        ],
        [
          46.3989021,
          25.1816653
        ],
        [
          46.3927714,
          25.1872756
        ],
        [
          46.3923401,
          25.1876539
        ],
        [
          46.3866605,
          25.1927947
        ],
        [
          46.3819685,
          25.1971344
        ],
        [
          46.3746153,
          25.2038141
        ],
        [
          46.3736141,
          25.2047233
        ],
        [
          46.3723544,
          25.205843
        ],
        [
          46.3706514,
          25.2072435
        ],
        [
          46.3683666,
          25.2090576
        ],
        [
          46.3671737,
          25.2099688
        ],
        [
          46.3659075,
          25.21088
        ],
        [
          46.3646524,
          25.21178
        ],
        [
          46.3633474,
          25.2126478
        ],
        [
          46.3622674,
          25.2133712
        ],
        [
          46.3574565,
          25.2165937
        ],
        [
          46.3543802,
          25.2186542
        ],
        [
          46.3535787,
          25.2192051
        ],
        [
          46.3346782,
          25.231669
        ],
        [
          46.3343736,
          25.2318735
        ],
        [
          46.3329969,
          25.2327981
        ],
        [
          46.3313556,
          25.2340161
        ],
        [
          46.3290298,
          25.2358247
        ],
        [
          46.3272706,
          25.2373107
        ],
        [
          46.3248197,
          25.2394641
        ],
        [
          46.3234767,
          25.2407317
        ],
        [
          46.322414,
          25.2418363
        ],
        [
          46.3219855,
          25.2422904
        ],
        [
          46.3188041,
          25.2457676
        ],
        [
          46.3170227,
          25.2478051
        ],
        [
          46.3163695,
          25.2485523
        ],
        [
          46.315951,
          25.2490131
        ],
        [
          46.315558,
          25.2495035
        ],
        [
          46.3149503,
          25.2503428
        ],
        [
          46.3143753,
          25.2512611
        ],
        [
          46.3138367,
          25.2522255
        ],
        [
          46.3135669,
          25.2527529
        ],
        [
          46.3133417,
          25.2531932
        ],
        [
          46.3127959,
          25.2541938
        ],
        [
          46.3122682,
          25.2549969
        ],
        [
          46.3119625,
          25.2554445
        ],
        [
          46.3116335,
          25.255858
        ],
        [
          46.3110163,
          25.2566228
        ],
        [
          46.3104777,
          25.2572415
        ],
        [
          46.3096043,
          25.258094
        ],
        [
          46.3088801,
          25.2587489
        ],
        [
          46.3080759,
          25.2593808
        ],
        [
          46.3073881,
          25.2598778
        ],
        [
          46.3066457,
          25.2603715
        ],
        [
          46.3051609,
          25.2613457
        ],
        [
          46.3045532,
          25.2617768
        ],
        [
          46.3037343,
          25.2624449
        ],
        [
          46.3029556,
          25.2631426
        ],
        [
          46.3014615,
          25.2645585
        ],
        [
          46.2993948,
          25.2664275
        ],
        [
          46.2976282,
          25.2679551
        ],
        [
          46.2958326,
          25.2694462
        ],
        [
          46.2952402,
          25.2699267
        ],
        [
          46.2899011,
          25.2739691
        ],
        [
          46.2839072,
          25.2784337
        ],
        [
          46.2806181,
          25.2808535
        ],
        [
          46.2774775,
          25.2833719
        ],
        [
          46.275972,
          25.284634
        ],
        [
          46.2744863,
          25.2859392
        ],
        [
          46.2730296,
          25.2872563
        ],
        [
          46.2716011,
          25.2886052
        ],
        [
          46.2702063,
          25.2899721
        ],
        [
          46.2688743,
          25.2913483
        ],
        [
          46.2680778,
          25.2921935
        ],
        [
          46.266547,
          25.2939011
        ],
        [
          46.2654211,
          25.2952022
        ],
        [
          46.2643276,
          25.2965127
        ],
        [
          46.2613754,
          25.3002715
        ],
        [
          46.258495,
          25.3040397
        ],
        [
          46.2502452,
          25.3148693
        ],
        [
          46.2489259,
          25.3165702
        ],
        [
          46.2475008,
          25.3182659
        ],
        [
          46.2460702,
          25.3199718
        ],
        [
          46.2445951,
          25.3216071
        ],
        [
          46.2427024,
          25.3236098
        ],
        [
          46.2407207,
          25.325557
        ],
        [
          46.238494,
          25.3276502
        ],
        [
          46.2360113,
          25.3298087
        ],
        [
          46.2334228,
          25.3319873
        ],
        [
          46.2315318,
          25.3335622
        ],
        [
          46.2308592,
          25.3341494
        ],
        [
          46.2282118,
          25.3363067
        ],
        [
          46.2170326,
          25.3457598
        ],
        [
          46.2163031,
          25.3463701
        ],
        [
          46.2128075,
          25.3493328
        ],
        [
          46.2110659,
          25.3508866
        ],
        [
          46.2106437,
          25.3512633
        ],
        [
          46.2083648,
          25.3533643
        ],
        [
          46.2059387,
          25.3556816
        ],
        [
          46.2053881,
          25.3562208
        ],
        [
          46.2031902,
          25.3583732
        ],
        [
          46.2005108,
          25.361123
        ],
        [
          46.1957252,
          25.3660983
        ],
        [
          46.1952955,
          25.3665449
        ],
        [
          46.1876497,
          25.3744689
        ],
        [
          46.1871054,
          25.3750545
        ],
        [
          46.1795663,
          25.3828727
        ],
        [
          46.1782822,
          25.3842269
        ],
        [
          46.177763,
          25.3847553
        ],
        [
          46.167545,
          25.3953432
        ],
        [
          46.165342,
          25.3975575
        ],
        [
          46.1629739,
          25.3996804
        ],
        [
          46.1616833,
          25.4007892
        ],
        [
          46.1603386,
          25.4018816
        ],
        [
          46.1587773,
          25.4030963
        ],
        [
          46.1571686,
          25.4042855
        ],
        [
          46.1553568,
          25.4055665
        ],
        [
          46.1534851,
          25.4067868
        ],
        [
          46.1497629,
          25.4090477
        ],
        [
          46.148874,
          25.4095284
        ],
        [
          46.1428422,
          25.4127431
        ],
        [
          46.1417667,
          25.4133141
        ],
        [
          46.1389493,
          25.4148033
        ],
        [
          46.1354229,
          25.4166757
        ],
        [
          46.1317143,
          25.4186572
        ],
        [
          46.1272197,
          25.4210658
        ],
        [
          46.1245567,
          25.4224191
        ],
        [
          46.1226144,
          25.4234567
        ],
        [
          46.1133349,
          25.428414
        ],
        [
          46.110338,
          25.4300896
        ],
        [
          46.1073512,
          25.4318257
        ],
        [
          46.1044422,
          25.433638
        ],
        [
          46.1015353,
          25.4354907
        ],
        [
          46.0979845,
          25.4379267
        ],
        [
          46.0906693,
          25.4430987
        ],
        [
          46.0804358,
          25.450334
        ],
        [
          46.0742344,
          25.4547301
        ],
        [
          46.0734072,
          25.4553155
        ],
        [
          46.0681137,
          25.4590051
        ],
        [
          46.0626649,
          25.4625923
        ],
        [
          46.057754,
          25.465651
        ]
      ],
      [
        [
          46.0577707,
          25.4652977
        ],
        [
          46.0598163,
          25.4640022
        ],
        [
          46.0625882,
          25.4622487
        ],
        [
          46.0642278,
          25.4612057
        ],
        [
          46.0659098,
          25.4600857
        ],
        [
          46.0681701,
          25.4585859
        ],
        [
          46.0701045,
          25.457257
        ],
        [
          46.0734135,
          25.4549397
        ],
        [
          46.0742493,
          25.4543453
        ],
        [
          46.0813668,
          25.4493188
        ],
        [
          46.0899494,
          25.4432161
        ],
        [
          46.0975403,
          25.4378539
        ],
        [
          46.101348,
          25.4352445
        ],
        [
          46.1048496,
          25.4329779
        ],
        [
          46.1082166,
          25.4309545
        ],
        [
          46.1102857,
          25.4297603
        ],
        [
          46.1123623,
          25.4286197
        ],
        [
          46.1224867,
          25.4232114
        ],
        [
          46.1254452,
          25.4216203
        ],
        [
          46.127442,
          25.4205697
        ],
        [
          46.1303192,
          25.4190707
        ],
        [
          46.131594,
          25.4183831
        ],
        [
          46.1323931,
          25.4179579
        ],
        [
          46.1344027,
          25.4169022
        ],
        [
          46.1380631,
          25.4149337
        ],
        [
          46.1414254,
          25.4131574
        ],
        [
          46.1425454,
          25.412576
        ],
        [
          46.1449464,
          25.4112795
        ],
        [
          46.1487324,
          25.4092627
        ],
        [
          46.1496513,
          25.4087587
        ],
        [
          46.1504028,
          25.4083319
        ],
        [
          46.1521138,
          25.4072967
        ],
        [
          46.1535701,
          25.4063852
        ],
        [
          46.1551066,
          25.4053701
        ],
        [
          46.1564827,
          25.4043965
        ],
        [
          46.1585008,
          25.4029153
        ],
        [
          46.1602782,
          25.4015376
        ],
        [
          46.1623995,
          25.3997767
        ],
        [
          46.1640507,
          25.3983369
        ],
        [
          46.1654767,
          25.3969902
        ],
        [
          46.1674746,
          25.3949925
        ],
        [
          46.1731784,
          25.3890819
        ],
        [
          46.177409,
          25.3846684
        ],
        [
          46.177905,
          25.3841802
        ],
        [
          46.178989,
          25.3830333
        ],
        [
          46.1832087,
          25.3786827
        ],
        [
          46.1868712,
          25.3748427
        ],
        [
          46.1874029,
          25.3743037
        ],
        [
          46.1885601,
          25.3730922
        ],
        [
          46.1948235,
          25.3665548
        ],
        [
          46.1952178,
          25.3661431
        ],
        [
          46.1968336,
          25.3644566
        ],
        [
          46.2010709,
          25.3600894
        ],
        [
          46.2028916,
          25.3582206
        ],
        [
          46.2047349,
          25.3564229
        ],
        [
          46.2051588,
          25.35601
        ],
        [
          46.2076234,
          25.3536095
        ],
        [
          46.2103937,
          25.3510943
        ],
        [
          46.2109014,
          25.3506458
        ],
        [
          46.2146128,
          25.3473674
        ],
        [
          46.2160488,
          25.3461842
        ],
        [
          46.2168228,
          25.3455229
        ],
        [
          46.2189778,
          25.3437063
        ],
        [
          46.2246438,
          25.3389761
        ],
        [
          46.2305789,
          25.3339776
        ],
        [
          46.2313422,
          25.3333767
        ],
        [
          46.2342887,
          25.3308208
        ],
        [
          46.2356397,
          25.3296788
        ],
        [
          46.2365436,
          25.3289145
        ],
        [
          46.2378362,
          25.32779
        ],
        [
          46.2387985,
          25.3269115
        ],
        [
          46.2401592,
          25.3256553
        ],
        [
          46.2411311,
          25.3247328
        ],
        [
          46.2424237,
          25.3234062
        ],
        [
          46.2442704,
          25.3214998
        ],
        [
          46.2455631,
          25.3200502
        ],
        [
          46.2471765,
          25.3182052
        ],
        [
          46.2484011,
          25.3167204
        ],
        [
          46.2499465,
          25.3147524
        ],
        [
          46.2511905,
          25.3131094
        ],
        [
          46.2593936,
          25.3023723
        ],
        [
          46.2627195,
          25.297961
        ],
        [
          46.2637758,
          25.2966331
        ],
        [
          46.2650347,
          25.2951156
        ],
        [
          46.2661127,
          25.2938858
        ],
        [
          46.2676393,
          25.2921981
        ],
        [
          46.2684735,
          25.2913114
        ],
        [
          46.2698752,
          25.2898259
        ],
        [
          46.2710624,
          25.2886746
        ],
        [
          46.2728624,
          25.2869865
        ],
        [
          46.2742411,
          25.2857052
        ],
        [
          46.2757635,
          25.284372
        ],
        [
          46.2773241,
          25.2830648
        ],
        [
          46.2803209,
          25.2807013
        ],
        [
          46.2843517,
          25.2777058
        ],
        [
          46.28934,
          25.274009
        ],
        [
          46.2908124,
          25.2729033
        ],
        [
          46.292544,
          25.2716048
        ],
        [
          46.2938026,
          25.2706576
        ],
        [
          46.2951999,
          25.2695612
        ],
        [
          46.2957415,
          25.2691326
        ],
        [
          46.297142,
          25.2679532
        ],
        [
          46.2991719,
          25.2662017
        ],
        [
          46.3018951,
          25.2637134
        ],
        [
          46.3024159,
          25.2632597
        ],
        [
          46.3027671,
          25.2629361
        ],
        [
          46.3031012,
          25.2625998
        ],
        [
          46.3035127,
          25.262164
        ],
        [
          46.3039577,
          25.2616521
        ],
        [
          46.3044094,
          25.2610805
        ],
        [
          46.3047502,
          25.2606345
        ],
        [
          46.3051093,
          25.2600972
        ],
        [
          46.3054423,
          25.2595633
        ],
        [
          46.3059704,
          25.2586649
        ],
        [
          46.306476,
          25.2577418
        ],
        [
          46.3069532,
          25.256985
        ],
        [
          46.3074122,
          25.256314
        ],
        [
          46.3078529,
          25.2557189
        ],
        [
          46.3082311,
          25.255246
        ],
        [
          46.3086653,
          25.2547688
        ],
        [
          46.3091462,
          25.2542621
        ],
        [
          46.3096971,
          25.2537174
        ],
        [
          46.3102247,
          25.2532402
        ],
        [
          46.3106402,
          25.252894
        ],
        [
          46.3111304,
          25.2525055
        ],
        [
          46.3120222,
          25.2518763
        ],
        [
          46.3132034,
          25.2510486
        ],
        [
          46.3138162,
          25.2505641
        ],
        [
          46.3143847,
          25.2500983
        ],
        [
          46.3149037,
          25.2496289
        ],
        [
          46.3155133,
          25.2489881
        ],
        [
          46.316296,
          25.2481238
        ],
        [
          46.320334,
          25.2436186
        ],
        [
          46.3217551,
          25.2420977
        ],
        [
          46.3221885,
          25.2416806
        ],
        [
          46.3232489,
          25.2405458
        ],
        [
          46.3246164,
          25.2392418
        ],
        [
          46.3264453,
          25.23758
        ],
        [
          46.3275407,
          25.2366468
        ],
        [
          46.3282741,
          25.2360474
        ],
        [
          46.3301178,
          25.2345851
        ],
        [
          46.3311015,
          25.2338503
        ],
        [
          46.3328051,
          25.2325649
        ],
        [
          46.3341845,
          25.2316274
        ],
        [
          46.3343951,
          25.2314843
        ],
        [
          46.3440663,
          25.2250619
        ],
        [
          46.35332,
          25.2189943
        ],
        [
          46.3541708,
          25.2184286
        ],
        [
          46.3611626,
          25.2137369
        ],
        [
          46.362398,
          25.212926
        ],
        [
          46.3639565,
          25.2119032
        ],
        [
          46.3651354,
          25.2110704
        ],
        [
          46.3663466,
          25.2101864
        ],
        [
          46.3672752,
          25.2094777
        ],
        [
          46.3683572,
          25.2086595
        ],
        [
          46.3694877,
          25.2077682
        ],
        [
          46.3707958,
          25.2067161
        ],
        [
          46.3717325,
          25.205949
        ],
        [
          46.3726692,
          25.2051235
        ],
        [
          46.3742357,
          25.203728
        ],
        [
          46.381721,
          25.1968967
        ],
        [
          46.3864766,
          25.1925323
        ],
        [
          46.3921263,
          25.1874409
        ],
        [
          46.3925308,
          25.1870655
        ],
        [
          46.3994736,
          25.1806715
        ],
        [
          46.400981,
          25.179372
        ],
        [
          46.4017788,
          25.1786501
        ],
        [
          46.4080936,
          25.172864
        ],
        [
          46.4148374,
          25.1667193
        ],
        [
          46.4217119,
          25.1608537
        ],
        [
          46.427978,
          25.1555438
        ],
        [
          46.4337649,
          25.150664
        ],
        [
          46.4345854,
          25.1499965
        ],
        [
          46.4432506,
          25.1426223
        ],
        [
          46.4470072,
          25.1394724
        ],
        [
          46.4508452,
          25.1361676
        ],
        [
          46.4528579,
          25.1343233
        ],
        [
          46.453958,
          25.1332241
        ],
        [
          46.4551477,
          25.1319921
        ],
        [
          46.4562877,
          25.1307743
        ],
        [
          46.4567775,
          25.1302511
        ],
        [
          46.4574457,
          25.1295059
        ],
        [
          46.4582605,
          25.1285543
        ],
        [
          46.4598251,
          25.1265992
        ],
        [
          46.4606541,
          25.125496
        ],
        [
          46.4613099,
          25.1246025
        ],
        [
          46.461577,
          25.1242384
        ],
        [
          46.4622354,
          25.1233117
        ],
        [
          46.4627668,
          25.1225636
        ],
        [
          46.4640298,
          25.1206232
        ],
        [
          46.465115,
          25.1188828
        ],
        [
          46.4662055,
          25.1169194
        ],
        [
          46.4675921,
          25.1143065
        ],
        [
          46.4737199,
          25.1021207
        ],
        [
          46.4746638,
          25.1002436
        ],
        [
          46.4764484,
          25.0966646
        ],
        [
          46.4793335,
          25.0909584
        ],
        [
          46.4811419,
          25.0875383
        ],
        [
          46.48227,
          25.0854094
        ],
        [
          46.4849932,
          25.0804807
        ],
        [
          46.4993029,
          25.056736
        ],
        [
          46.5000653,
          25.055452
        ],
        [
          46.501719,
          25.0527564
        ],
        [
          46.5028605,
          25.0507712
        ],
        [
          46.5041203,
          25.0485803
        ],
        [
          46.5054448,
          25.046035
        ],
        [
          46.5065205,
          25.0439842
        ],
        [
          46.5075801,
          25.041766
        ],
        [
          46.5082303,
          25.0404351
        ],
        [
          46.5092016,
          25.0381878
        ],
        [
          46.5154904,
          25.0233006
        ],
        [
          46.5169198,
          25.019982
        ],
        [
          46.5183135,
          25.0166222
        ],
        [
          46.5220607,
          25.0081854
        ],
        [
          46.5224934,
          25.0072187
        ],
        [
          46.5232151,
          25.0056126
        ],
        [
          46.5288694,
          24.9942623
        ],
        [
          46.530257,
          24.9915079
        ],
        [
          46.5314139,
          24.9892553
        ],
        [
          46.5326944,
          24.9869326
        ],
        [
          46.5338003,
          24.9847808
        ],
        [
          46.5346307,
          24.9830572
        ],
        [
          46.5356748,
          24.9809973
        ],
        [
          46.5372277,
          24.9780018
        ],
        [
          46.5389151,
          24.9746398
        ],
        [
          46.5400466,
          24.9724328
        ],
        [
          46.5401646,
          24.9722027
        ],
        [
          46.5407276,
          24.9711044
        ],
        [
          46.5419853,
          24.9686384
        ],
        [
          46.5425582,
          24.9675151
        ],
        [
          46.5449271,
          24.9628491
        ],
        [
          46.5477267,
          24.9573575
        ],
        [
          46.5493957,
          24.9540733
        ],
        [
          46.5511297,
          24.9506053
        ],
        [
          46.5518151,
          24.9492796
        ],
        [
          46.5535772,
          24.9458359
        ],
        [
          46.5551529,
          24.9428317
        ],
        [
          46.5568184,
          24.9394434
        ],
        [
          46.5591586,
          24.9347774
        ],
        [
          46.5615131,
          24.9301257
        ],
        [
          46.5633338,
          24.9266064
        ],
        [
          46.564844,
          24.9235932
        ],
        [
          46.567055,
          24.9192143
        ],
        [
          46.5691798,
          24.9150076
        ],
        [
          46.5718646,
          24.9097386
        ],
        [
          46.5740325,
          24.9056038
        ],
        [
          46.5757984,
          24.9020432
        ],
        [
          46.5781961,
          24.8972623
        ],
        [
          46.5806368,
          24.8924527
        ],
        [
          46.5823488,
          24.8890909
        ],
        [
          46.5829818,
          24.8878443
        ],
        [
          46.5843788,
          24.8850932
        ],
        [
          46.5845278,
          24.8847977
        ],
        [
          46.5861108,
          24.8816582
        ],
        [
          46.5881784,
          24.8775886
        ],
        [
          46.5883808,
          24.8771848
        ],
        [
          46.5887174,
          24.8765131
        ],
        [
          46.5902535,
          24.8734478
        ],
        [
          46.5913095,
          24.8713891
        ],
        [
          46.5934025,
          24.8672986
        ],
        [
          46.59576,
          24.8626281
        ],
        [
          46.5962869,
          24.8615842
        ],
        [
          46.596561,
          24.8610414
        ],
        [
          46.5983793,
          24.857461
        ],
        [
          46.5990816,
          24.8560474
        ],
        [
          46.6022188,
          24.8498306
        ],
        [
          46.602636,
          24.8490039
        ],
        [
          46.6030195,
          24.8482438
        ],
        [
          46.6042401,
          24.8459148
        ],
        [
          46.6057672,
          24.842888
        ],
        [
          46.6072355,
          24.8400173
        ],
        [
          46.6090357,
          24.8364773
        ],
        [
          46.609666,
          24.8352249
        ],
        [
          46.6108463,
          24.8328794
        ],
        [
          46.6111435,
          24.8322935
        ],
        [
          46.6115608,
          24.8314706
        ],
        [
          46.6121775,
          24.8303074
        ],
        [
          46.6137784,
          24.8270771
        ],
        [
          46.614491,
          24.8256028
        ],
        [
          46.6156023,
          24.8234674
        ],
        [
          46.6160794,
          24.8224029
        ],
        [
          46.6171781,
          24.8202683
        ],
        [
          46.6183842,
          24.8179447
        ],
        [
          46.6191624,
          24.8164498
        ],
        [
          46.6201837,
          24.8143962
        ],
        [
          46.6219326,
          24.8108404
        ],
        [
          46.622089,
          24.8105211
        ],
        [
          46.6221821,
          24.8103404
        ],
        [
          46.6223994,
          24.809919
        ],
        [
          46.622703,
          24.8093369
        ],
        [
          46.6239382,
          24.8069967
        ],
        [
          46.625266,
          24.8043633
        ],
        [
          46.6256368,
          24.8035903
        ],
        [
          46.626372,
          24.8021597
        ],
        [
          46.6276698,
          24.7994873
        ],
        [
          46.6281591,
          24.7985288
        ],
        [
          46.6292227,
          24.7964437
        ],
        [
          46.6302485,
          24.7944428
        ],
        [
          46.631763,
          24.7914922
        ],
        [
          46.6334724,
          24.7880993
        ],
        [
          46.6336536,
          24.7877428
        ],
        [
          46.6342071,
          24.7866038
        ],
        [
          46.6353451,
          24.7844473
        ],
        [
          46.636127,
          24.782818
        ],
        [
          46.6365893,
          24.7818267
        ],
        [
          46.6372368,
          24.7806189
        ],
        [
          46.6418118,
          24.7715713
        ],
        [
          46.6426923,
          24.769851
        ],
        [
          46.643369,
          24.7684402
        ],
        [
          46.6438533,
          24.7674305
        ],
        [
          46.644219,
          24.7667335
        ],
        [
          46.6463168,
          24.7625999
        ],
        [
          46.6464437,
          24.7623454
        ],
        [
          46.6469477,
          24.7612958
        ],
        [
          46.6472267,
          24.7607525
        ],
        [
          46.6474174,
          24.7603875
        ],
        [
          46.6497221,
          24.755754
        ],
        [
          46.6505349,
          24.7541991
        ],
        [
          46.6513011,
          24.7527114
        ],
        [
          46.6539349,
          24.7475602
        ],
        [
          46.6546249,
          24.7461995
        ],
        [
          46.656353,
          24.7428375
        ],
        [
          46.6574532,
          24.740611
        ],
        [
          46.6583074,
          24.7388824
        ],
        [
          46.6609395,
          24.7337269
        ],
        [
          46.6610147,
          24.7335796
        ],
        [
          46.6616606,
          24.7322184
        ],
        [
          46.6616935,
          24.7321575
        ],
        [
          46.6625916,
          24.7304907
        ],
        [
          46.6653234,
          24.7250296
        ],
        [
          46.6655379,
          24.7245894
        ],
        [
          46.6656737,
          24.7243078
        ],
        [
          46.6664147,
          24.7227711
        ],
        [
          46.6668167,
          24.7220809
        ],
        [
          46.6690523,
          24.7176954
        ],
        [
          46.6692396,
          24.717328
        ],
        [
          46.6698186,
          24.716104
        ],
        [
          46.6701971,
          24.7153799
        ],
        [
          46.6706577,
          24.7144846
        ],
        [
          46.6714844,
          24.712849
        ],
        [
          46.672039,
          24.7117332
        ],
        [
          46.6728437,
          24.7101318
        ],
        [
          46.6735391,
          24.7088051
        ],
        [
          46.6738603,
          24.7080869
        ],
        [
          46.6743171,
          24.7071156
        ],
        [
          46.6744699,
          24.7068177
        ],
        [
          46.6785774,
          24.6987679
        ],
        [
          46.6786687,
          24.6986301
        ],
        [
          46.6801859,
          24.6956024
        ],
        [
          46.6806879,
          24.6946208
        ],
        [
          46.6816762,
          24.6926538
        ],
        [
          46.6818353,
          24.6923413
        ],
        [
          46.6821893,
          24.6915
        ],
        [
          46.6823578,
          24.691164
        ],
        [
          46.6827659,
          24.6904601
        ],
        [
          46.6829444,
          24.6900819
        ],
        [
          46.6830665,
          24.6898411
        ],
        [
          46.6831723,
          24.6896
        ],
        [
          46.6834177,
          24.6891396
        ],
        [
          46.6838883,
          24.6882191
        ],
        [
          46.6839935,
          24.6880108
        ],
        [
          46.6841356,
          24.6877738
        ],
        [
          46.6843513,
          24.6873609
        ],
        [
          46.6847745,
          24.6864897
        ],
        [
          46.6856577,
          24.6847636
        ],
        [
          46.6857522,
          24.6845714
        ],
        [
          46.6865396,
          24.6829019
        ],
        [
          46.6871694,
          24.6817985
        ],
        [
          46.6876152,
          24.6809548
        ],
        [
          46.6888376,
          24.6783688
        ],
        [
          46.6905505,
          24.6750993
        ],
        [
          46.6908479,
          24.6744917
        ],
        [
          46.6916102,
          24.6729129
        ],
        [
          46.6919095,
          24.6724265
        ],
        [
          46.6923195,
          24.67167
        ],
        [
          46.692783,
          24.6709914
        ],
        [
          46.6932894,
          24.670422
        ],
        [
          46.6941735,
          24.6695875
        ],
        [
          46.6952206,
          24.6686203
        ],
        [
          46.6952997,
          24.6685537
        ],
        [
          46.6961287,
          24.6678269
        ],
        [
          46.6980187,
          24.6662647
        ],
        [
          46.6988426,
          24.6655861
        ],
        [
          46.699481,
          24.6648905
        ],
        [
          46.6997249,
          24.6645417
        ],
        [
          46.6999804,
          24.6641111
        ],
        [
          46.7000915,
          24.6638254
        ],
        [
          46.7001975,
          24.663552
        ],
        [
          46.7002074,
          24.6635264
        ],
        [
          46.7003071,
          24.6631369
        ],
        [
          46.7005678,
          24.6615691
        ],
        [
          46.7011241,
          24.6576076
        ],
        [
          46.7013595,
          24.6559359
        ],
        [
          46.701416,
          24.6554728
        ],
        [
          46.7016844,
          24.6536321
        ],
        [
          46.7019465,
          24.6515298
        ],
        [
          46.7020351,
          24.6508778
        ],
        [
          46.7022009,
          24.6497283
        ],
        [
          46.7023327,
          24.6488422
        ],
        [
          46.702422,
          24.6481763
        ],
        [
          46.7028456,
          24.6454136
        ],
        [
          46.702919,
          24.6442778
        ],
        [
          46.7030419,
          24.6429714
        ],
        [
          46.7031922,
          24.6419901
        ],
        [
          46.7033359,
          24.64065
        ],
        [
          46.7034636,
          24.6396383
        ],
        [
          46.7036541,
          24.6382335
        ],
        [
          46.7037199,
          24.6375911
        ],
        [
          46.7037642,
          24.6371598
        ],
        [
          46.7041978,
          24.6331692
        ],
        [
          46.7044616,
          24.6312494
        ],
        [
          46.7045576,
          24.6307129
        ],
        [
          46.7048608,
          24.6287435
        ],
        [
          46.7050224,
          24.6272919
        ],
        [
          46.7052534,
          24.6259796
        ],
        [
          46.705434,
          24.6246058
        ],
        [
          46.705652,
          24.6233461
        ],
        [
          46.7057904,
          24.6221257
        ],
        [
          46.7060353,
          24.6203773
        ],
        [
          46.7062756,
          24.6186139
        ],
        [
          46.7066275,
          24.6153242
        ],
        [
          46.7067151,
          24.6131815
        ],
        [
          46.7067648,
          24.6124572
        ],
        [
          46.7067906,
          24.6107951
        ],
        [
          46.7068472,
          24.6092017
        ],
        [
          46.706934,
          24.6076347
        ],
        [
          46.706917,
          24.6069073
        ],
        [
          46.7068777,
          24.6062629
        ],
        [
          46.7067686,
          24.6057352
        ],
        [
          46.706631,
          24.6051313
        ],
        [
          46.7064626,
          24.6045851
        ],
        [
          46.706242,
          24.6040818
        ],
        [
          46.7059905,
          24.6035472
        ],
        [
          46.705733,
          24.6030945
        ],
        [
          46.705448,
          24.6026523
        ],
        [
          46.7050683,
          24.6021115
        ],
        [
          46.7046452,
          24.6016603
        ],
        [
          46.7044829,
          24.6014872
        ],
        [
          46.7042425,
          24.601175
        ],
        [
          46.7038395,
          24.6005942
        ],
        [
          46.7035217,
          24.5999718
        ],
        [
          46.7033283,
          24.599464
        ],
        [
          46.7031332,
          24.5988307
        ],
        [
          46.7030586,
          24.5984932
        ],
        [
          46.7029337,
          24.5977506
        ],
        [
          46.7029052,
          24.5970219
        ],
        [
          46.7029432,
          24.5964833
        ],
        [
          46.7029749,
          24.5962269
        ],
        [
          46.703081,
          24.5957028
        ],
        [
          46.7037811,
          24.5926711
        ],
        [
          46.7038221,
          24.5924463
        ],
        [
          46.7038995,
          24.5920225
        ],
        [
          46.7042064,
          24.5905935
        ],
        [
          46.7043531,
          24.5899709
        ],
        [
          46.7044915,
          24.5892578
        ],
        [
          46.7046288,
          24.588688
        ],
        [
          46.7047833,
          24.5880246
        ],
        [
          46.7048777,
          24.5873144
        ],
        [
          46.7049315,
          24.5869947
        ],
        [
          46.7049893,
          24.586651
        ],
        [
          46.7049893,
          24.5861124
        ],
        [
          46.7049893,
          24.5855427
        ],
        [
          46.7049206,
          24.5849729
        ],
        [
          46.7047833,
          24.5843251
        ],
        [
          46.704603,
          24.5837553
        ],
        [
          46.7043799,
          24.5830685
        ],
        [
          46.7041052,
          24.5823348
        ],
        [
          46.7040012,
          24.5820805
        ],
        [
          46.7037635,
          24.5816819
        ],
        [
          46.7034711,
          24.5811699
        ],
        [
          46.7032594,
          24.5808678
        ]
      ]
    ]
  }
},
{
  "type": "Feature",
  "id": "relation/8835053",
  "properties": {
    "admin_level": "9",
    "alt_name": "Al-Ma'athar",
    "boundary": "administrative",
    "name": "بلدية المعذر",
    "name:de": "Stadtbezirk Al Maader",
    "name:en": "Al Maathar Municipality",
    "place": "municipality",
    "type": "boundary",
    "wikipedia": "ar:بلدية المعذر",
    "id": "relation/8835053"
  },
  "geometry": {
    "type": "Polygon",
    "coordinates": [
      [
        [
          46.6782125,
          24.6754484
        ],
        [
          46.6784012,
          24.6754577
        ],
        [
          46.6795117,
          24.6756263
        ],
        [
          46.6808104,
          24.6758661
        ],
        [
          46.6820755,
          24.6762206
        ],
        [
          46.682817,
          24.6764431
        ],
        [
          46.6837921,
          24.6767482
        ],
        [
          46.6847624,
          24.6771411
        ],
        [
          46.6849855,
          24.6772343
        ],
        [
          46.6873827,
          24.6782361
        ],
        [
          46.6887598,
          24.6788199
        ],
        [
          46.6804498,
          24.6952129
        ],
        [
          46.6803536,
          24.6954035
        ],
        [
          46.6718054,
          24.7123292
        ],
        [
          46.6711248,
          24.7136542
        ],
        [
          46.6706188,
          24.7146846
        ],
        [
          46.6698904,
          24.7161563
        ],
        [
          46.6693352,
          24.71728
        ],
        [
          46.6688804,
          24.7181661
        ],
        [
          46.6640274,
          24.7277853
        ],
        [
          46.6626522,
          24.7305243
        ],
        [
          46.6591466,
          24.7374283
        ],
        [
          46.6574595,
          24.7407631
        ],
        [
          46.6555314,
          24.7445997
        ],
        [
          46.6545587,
          24.7465269
        ],
        [
          46.6533938,
          24.7488152
        ],
        [
          46.6492072,
          24.7570817
        ],
        [
          46.6472405,
          24.7610016
        ],
        [
          46.6452084,
          24.760147
        ],
        [
          46.6426793,
          24.7590833
        ],
        [
          46.6407487,
          24.7582714
        ],
        [
          46.6371581,
          24.7567613
        ],
        [
          46.6293025,
          24.7534574
        ],
        [
          46.6223309,
          24.7505273
        ],
        [
          46.617063,
          24.7483214
        ],
        [
          46.6168424,
          24.748228
        ],
        [
          46.6010214,
          24.7415268
        ],
        [
          46.5967608,
          24.7397306
        ],
        [
          46.5947417,
          24.7388633
        ],
        [
          46.5933014,
          24.7381763
        ],
        [
          46.5917483,
          24.7372982
        ],
        [
          46.5903885,
          24.7364
        ],
        [
          46.5912609,
          24.7347296
        ],
        [
          46.5919007,
          24.7336181
        ],
        [
          46.5923783,
          24.7328644
        ],
        [
          46.5927551,
          24.7323333
        ],
        [
          46.593651,
          24.7311266
        ],
        [
          46.5951473,
          24.729529
        ],
        [
          46.5969902,
          24.7279859
        ],
        [
          46.6004289,
          24.7251548
        ],
        [
          46.6021022,
          24.7238164
        ],
        [
          46.6024176,
          24.7235546
        ],
        [
          46.6034096,
          24.7227481
        ],
        [
          46.6051146,
          24.7213888
        ],
        [
          46.6063165,
          24.7204011
        ],
        [
          46.6079503,
          24.7190946
        ],
        [
          46.6100678,
          24.7173767
        ],
        [
          46.6122559,
          24.7155853
        ],
        [
          46.6161332,
          24.7124322
        ],
        [
          46.6185927,
          24.7102897
        ],
        [
          46.6197787,
          24.7088998
        ],
        [
          46.6209864,
          24.707186
        ],
        [
          46.6231716,
          24.7038984
        ],
        [
          46.6297772,
          24.6941704
        ],
        [
          46.6340567,
          24.6878593
        ],
        [
          46.6347296,
          24.6868934
        ],
        [
          46.6354014,
          24.6866634
        ],
        [
          46.6361988,
          24.6863389
        ],
        [
          46.6380723,
          24.685142
        ],
        [
          46.6388249,
          24.6846465
        ],
        [
          46.6412575,
          24.6830516
        ],
        [
          46.6434862,
          24.681558
        ],
        [
          46.6456261,
          24.6801324
        ],
        [
          46.6476189,
          24.6788179
        ],
        [
          46.650382,
          24.6769846
        ],
        [
          46.6525613,
          24.6755103
        ],
        [
          46.6535218,
          24.6748808
        ],
        [
          46.6576872,
          24.6721186
        ],
        [
          46.6586933,
          24.6714621
        ],
        [
          46.6606095,
          24.6701267
        ],
        [
          46.6618179,
          24.669289
        ],
        [
          46.6629836,
          24.6683911
        ],
        [
          46.6641896,
          24.6674067
        ],
        [
          46.6656981,
          24.6661835
        ],
        [
          46.6686421,
          24.6637718
        ],
        [
          46.6686183,
          24.6645897
        ],
        [
          46.6686532,
          24.6662797
        ],
        [
          46.6686576,
          24.6672912
        ],
        [
          46.6686737,
          24.6692604
        ],
        [
          46.6687203,
          24.6700442
        ],
        [
          46.6690571,
          24.6735692
        ],
        [
          46.6690745,
          24.673925
        ],
        [
          46.6690385,
          24.6744701
        ],
        [
          46.6689566,
          24.674924
        ],
        [
          46.6703407,
          24.6749159
        ],
        [
          46.6712465,
          24.6749607
        ],
        [
          46.6734696,
          24.6751006
        ],
        [
          46.6759737,
          24.6752633
        ],
        [
          46.6777067,
          24.6754075
        ],
        [
          46.6782125,
          24.6754484
        ]
      ]
    ]
  }
},
{
  "type": "Feature",
  "id": "relation/8835054",
  "properties": {
    "admin_level": "9",
    "alt_name": "Ulaya;Supreme;Higher",
    "boundary": "administrative",
    "name": "بلدية العليا",
    "name:de": "Stadtbezirlk Al Olaya",
    "name:en": "Municipality of Olaya",
    "place": "municipality",
    "type": "boundary",
    "wikipedia": "ar:بلدية العليا",
    "id": "relation/8835054"
  },
  "geometry": {
    "type": "MultiPolygon",
    "coordinates": [
      [
        [
          [
            46.7380013,
            24.6846921
          ],
          [
            46.7334621,
            24.686826
          ],
          [
            46.7316063,
            24.6952811
          ],
          [
            46.7324884,
            24.6957766
          ],
          [
            46.7332989,
            24.6963062
          ],
          [
            46.7342885,
            24.6969601
          ],
          [
            46.7362493,
            24.6982645
          ],
          [
            46.7392317,
            24.7002408
          ],
          [
            46.7420455,
            24.7021054
          ],
          [
            46.7451228,
            24.7041446
          ],
          [
            46.7465649,
            24.7050434
          ],
          [
            46.7475425,
            24.7056396
          ],
          [
            46.7493577,
            24.7067713
          ],
          [
            46.7506539,
            24.7075663
          ],
          [
            46.7526773,
            24.7088245
          ],
          [
            46.7539477,
            24.7096096
          ],
          [
            46.758332,
            24.7123555
          ],
          [
            46.7601385,
            24.7134795
          ],
          [
            46.7616943,
            24.7144915
          ],
          [
            46.7612628,
            24.7152211
          ],
          [
            46.7603111,
            24.7170843
          ],
          [
            46.7594446,
            24.7188043
          ],
          [
            46.7578645,
            24.7219405
          ],
          [
            46.7552868,
            24.7270567
          ],
          [
            46.7540611,
            24.7294892
          ],
          [
            46.750705,
            24.7361499
          ],
          [
            46.7487384,
            24.74005
          ],
          [
            46.7470437,
            24.7433979
          ],
          [
            46.7460495,
            24.7453604
          ],
          [
            46.7435089,
            24.7503752
          ],
          [
            46.7413,
            24.7546898
          ],
          [
            46.7388336,
            24.7597888
          ],
          [
            46.7376451,
            24.7619626
          ],
          [
            46.7355838,
            24.766027
          ],
          [
            46.7338351,
            24.769524
          ],
          [
            46.730588,
            24.7761756
          ],
          [
            46.7298796,
            24.777605
          ],
          [
            46.7280852,
            24.7811272
          ],
          [
            46.7262059,
            24.784841
          ],
          [
            46.7223019,
            24.7926154
          ],
          [
            46.7167374,
            24.7902593
          ],
          [
            46.708169,
            24.786688
          ],
          [
            46.7043498,
            24.7850576
          ],
          [
            46.7020435,
            24.7840879
          ],
          [
            46.6863833,
            24.7775103
          ],
          [
            46.6693811,
            24.7703544
          ],
          [
            46.6683763,
            24.7699107
          ],
          [
            46.6666371,
            24.76918
          ],
          [
            46.6537775,
            24.7637816
          ],
          [
            46.6528436,
            24.7633734
          ],
          [
            46.6502791,
            24.7622764
          ],
          [
            46.6472405,
            24.7610016
          ],
          [
            46.6492072,
            24.7570817
          ],
          [
            46.6533938,
            24.7488152
          ],
          [
            46.6545587,
            24.7465269
          ],
          [
            46.6555314,
            24.7445997
          ],
          [
            46.6574595,
            24.7407631
          ],
          [
            46.6591466,
            24.7374283
          ],
          [
            46.6626522,
            24.7305243
          ],
          [
            46.6640274,
            24.7277853
          ],
          [
            46.6688804,
            24.7181661
          ],
          [
            46.6693352,
            24.71728
          ],
          [
            46.6698904,
            24.7161563
          ],
          [
            46.6706188,
            24.7146846
          ],
          [
            46.6711248,
            24.7136542
          ],
          [
            46.6718054,
            24.7123292
          ],
          [
            46.6830752,
            24.6900561
          ],
          [
            46.6887598,
            24.6788199
          ],
          [
            46.6889525,
            24.6783992
          ],
          [
            46.6893571,
            24.677644
          ],
          [
            46.6904463,
            24.6755391
          ],
          [
            46.6911565,
            24.6740422
          ],
          [
            46.6916259,
            24.6731106
          ],
          [
            46.6922038,
            24.6720345
          ],
          [
            46.6925311,
            24.671486
          ],
          [
            46.69286,
            24.6710326
          ],
          [
            46.693138,
            24.670686
          ],
          [
            46.6934607,
            24.6703426
          ],
          [
            46.6941487,
            24.6697171
          ],
          [
            46.6957592,
            24.6682543
          ]
        ]
      ],
      [
        [
          [
            46.7300377,
            24.6948507
          ],
          [
            46.7295791,
            24.6947482
          ],
          [
            46.7272913,
            24.6943302
          ],
          [
            46.7255176,
            24.6939931
          ],
          [
            46.7019246,
            24.6739222
          ]
        ]
      ]
    ]
  }
},
{
  "type": "Feature",
  "id": "relation/8857089",
  "properties": {
    "colour": "#00AEE6",
    "from": "SABB",
    "name": "Blue Line: SABB → Ad Dar Al Baida",
    "network": "Riyadh Metro",
    "network:wikidata": "Q3855748",
    "public_transport:version": "2",
    "ref": "1",
    "route": "subway",
    "to": "Ad Dar Al Baida",
    "type": "route",
    "wikidata": "Q106740369",
    "id": "relation/8857089"
  },
  "geometry": {
    "type": "LineString",
    "coordinates": [
      [
        46.6166423,
        24.8295041
      ],
      [
        46.6171193,
        24.8285621
      ],
      [
        46.6175224,
        24.8277508
      ],
      [
        46.6184931,
        24.8257695
      ],
      [
        46.6193134,
        24.8240889
      ],
      [
        46.6210108,
        24.8207074
      ],
      [
        46.623093,
        24.8166007
      ],
      [
        46.6244094,
        24.8140752
      ],
      [
        46.6251801,
        24.8126254
      ],
      [
        46.6257191,
        24.811572
      ],
      [
        46.6265977,
        24.8097787
      ],
      [
        46.6268083,
        24.8093353
      ],
      [
        46.6276953,
        24.8074983
      ],
      [
        46.631807,
        24.7993282
      ],
      [
        46.6335511,
        24.7959757
      ],
      [
        46.6339815,
        24.7951373
      ],
      [
        46.6344075,
        24.7942661
      ],
      [
        46.6349704,
        24.7930835
      ],
      [
        46.6362702,
        24.7905005
      ],
      [
        46.6371279,
        24.7888351
      ],
      [
        46.6374822,
        24.7881872
      ],
      [
        46.6379509,
        24.787269
      ],
      [
        46.6390674,
        24.7849702
      ],
      [
        46.6404503,
        24.7822537
      ],
      [
        46.6409859,
        24.7811467
      ],
      [
        46.6417295,
        24.779611
      ],
      [
        46.6419874,
        24.7790934
      ],
      [
        46.6421058,
        24.7788244
      ],
      [
        46.6422157,
        24.7785278
      ],
      [
        46.6422765,
        24.7781424
      ],
      [
        46.6422768,
        24.777876
      ],
      [
        46.6422557,
        24.7776372
      ],
      [
        46.6422395,
        24.7775305
      ],
      [
        46.6421731,
        24.7772794
      ],
      [
        46.6421285,
        24.7771449
      ],
      [
        46.6419687,
        24.776771
      ],
      [
        46.641063,
        24.774679
      ],
      [
        46.6410275,
        24.7744207
      ],
      [
        46.6410149,
        24.7742556
      ],
      [
        46.6410307,
        24.7740054
      ],
      [
        46.6410733,
        24.7738062
      ],
      [
        46.6411591,
        24.7735636
      ],
      [
        46.6412394,
        24.7733856
      ],
      [
        46.6420097,
        24.7718707
      ],
      [
        46.6423864,
        24.7711092
      ],
      [
        46.6425981,
        24.7706845
      ],
      [
        46.6426431,
        24.7705796
      ],
      [
        46.6426637,
        24.7705105
      ],
      [
        46.6426894,
        24.7704123
      ],
      [
        46.6426971,
        24.7703327
      ],
      [
        46.6426871,
        24.77006
      ],
      [
        46.6426546,
        24.7698449
      ],
      [
        46.6425812,
        24.7694432
      ],
      [
        46.6425059,
        24.7691088
      ],
      [
        46.6425035,
        24.7690951
      ],
      [
        46.6424855,
        24.7689925
      ],
      [
        46.6424771,
        24.7688258
      ],
      [
        46.6424999,
        24.7686764
      ],
      [
        46.642541,
        24.7685429
      ],
      [
        46.6426074,
        24.7684111
      ],
      [
        46.6430248,
        24.7675491
      ],
      [
        46.6432748,
        24.7670557
      ],
      [
        46.6434379,
        24.7667504
      ],
      [
        46.6435097,
        24.7666466
      ],
      [
        46.6435845,
        24.7665717
      ],
      [
        46.6437055,
        24.766468
      ],
      [
        46.6438472,
        24.7663861
      ],
      [
        46.6441998,
        24.7662149
      ],
      [
        46.6444073,
        24.7660956
      ],
      [
        46.6445681,
        24.7659415
      ],
      [
        46.6446987,
        24.7657476
      ],
      [
        46.64479,
        24.7655521
      ],
      [
        46.6448288,
        24.7654675
      ],
      [
        46.6451095,
        24.7648562
      ],
      [
        46.6453467,
        24.7643316
      ],
      [
        46.6454433,
        24.764126
      ],
      [
        46.645492,
        24.7640445
      ],
      [
        46.6455794,
        24.7639251
      ],
      [
        46.6456544,
        24.7638429
      ],
      [
        46.645753,
        24.7637507
      ],
      [
        46.6458755,
        24.7636505
      ],
      [
        46.6459849,
        24.7635791
      ],
      [
        46.6461499,
        24.7634963
      ],
      [
        46.646303,
        24.763436
      ],
      [
        46.6479061,
        24.7630018
      ],
      [
        46.6485382,
        24.7628128
      ],
      [
        46.6492185,
        24.762621
      ],
      [
        46.6495821,
        24.7625044
      ],
      [
        46.6497933,
        24.7624206
      ],
      [
        46.6499898,
        24.762323
      ],
      [
        46.6501866,
        24.7622052
      ],
      [
        46.6503317,
        24.7621095
      ],
      [
        46.6504876,
        24.7619916
      ],
      [
        46.6506119,
        24.7618832
      ],
      [
        46.6507348,
        24.7617645
      ],
      [
        46.6508849,
        24.7615892
      ],
      [
        46.6509796,
        24.7614515
      ],
      [
        46.6510562,
        24.7613159
      ],
      [
        46.6511471,
        24.7611459
      ],
      [
        46.6519135,
        24.7595908
      ],
      [
        46.6522401,
        24.7589118
      ],
      [
        46.652983,
        24.7574088
      ],
      [
        46.654267,
        24.7548432
      ],
      [
        46.6545802,
        24.7542521
      ],
      [
        46.6574733,
        24.7484473
      ],
      [
        46.6579101,
        24.7476587
      ],
      [
        46.6592353,
        24.7449382
      ],
      [
        46.6632772,
        24.7370261
      ],
      [
        46.6634254,
        24.736736
      ],
      [
        46.6636368,
        24.7363221
      ],
      [
        46.6661986,
        24.731238
      ],
      [
        46.666303,
        24.7309673
      ],
      [
        46.6662733,
        24.730353
      ],
      [
        46.6661159,
        24.7295462
      ],
      [
        46.6659951,
        24.7288921
      ],
      [
        46.6661104,
        24.7279456
      ],
      [
        46.6667348,
        24.726784
      ],
      [
        46.6672948,
        24.7257422
      ],
      [
        46.667701,
        24.7252474
      ],
      [
        46.6683608,
        24.7247407
      ],
      [
        46.6691987,
        24.724418
      ],
      [
        46.6697655,
        24.7240712
      ],
      [
        46.669873,
        24.723939
      ],
      [
        46.6702483,
        24.7232933
      ],
      [
        46.6709288,
        24.7218598
      ],
      [
        46.6712682,
        24.7212783
      ],
      [
        46.6747263,
        24.7143127
      ],
      [
        46.6751435,
        24.7134715
      ],
      [
        46.6755802,
        24.7126288
      ],
      [
        46.6765521,
        24.7107371
      ],
      [
        46.6778323,
        24.7081468
      ],
      [
        46.6790463,
        24.7057428
      ],
      [
        46.6802126,
        24.703454
      ],
      [
        46.6823799,
        24.6991341
      ],
      [
        46.6835992,
        24.6967617
      ],
      [
        46.683726,
        24.6965131
      ],
      [
        46.6846619,
        24.6946718
      ],
      [
        46.6856115,
        24.6927383
      ],
      [
        46.6859406,
        24.6921042
      ],
      [
        46.6865046,
        24.6910345
      ],
      [
        46.6866272,
        24.6908009
      ],
      [
        46.6867325,
        24.6906133
      ],
      [
        46.686917,
        24.6902353
      ],
      [
        46.6869331,
        24.690206
      ],
      [
        46.6916381,
        24.6809507
      ],
      [
        46.6938959,
        24.6764241
      ],
      [
        46.6940485,
        24.6761086
      ],
      [
        46.6942734,
        24.6756792
      ],
      [
        46.6949027,
        24.6744229
      ],
      [
        46.6955576,
        24.6731131
      ],
      [
        46.6957094,
        24.6728002
      ],
      [
        46.6959634,
        24.6723617
      ],
      [
        46.6961044,
        24.6721479
      ],
      [
        46.6964055,
        24.6717701
      ],
      [
        46.6966562,
        24.6715011
      ],
      [
        46.6968703,
        24.6712907
      ],
      [
        46.697334,
        24.6708705
      ],
      [
        46.697652,
        24.6706026
      ],
      [
        46.6980466,
        24.6703485
      ],
      [
        46.7005948,
        24.6682043
      ],
      [
        46.7010615,
        24.6676583
      ],
      [
        46.7013941,
        24.6671952
      ],
      [
        46.7016945,
        24.6665712
      ],
      [
        46.7023599,
        24.6647328
      ],
      [
        46.7030624,
        24.6630465
      ],
      [
        46.7042508,
        24.6597848
      ],
      [
        46.7043821,
        24.6594243
      ],
      [
        46.7044894,
        24.6591854
      ],
      [
        46.7047254,
        24.6587954
      ],
      [
        46.7050151,
        24.6584152
      ],
      [
        46.7053584,
        24.6581129
      ],
      [
        46.7057554,
        24.6577716
      ],
      [
        46.7101167,
        24.6549293
      ],
      [
        46.7106155,
        24.6543881
      ],
      [
        46.710696,
        24.6542565
      ],
      [
        46.710814,
        24.653925
      ],
      [
        46.710873,
        24.653218
      ],
      [
        46.7110678,
        24.6522781
      ],
      [
        46.7116496,
        24.6500987
      ],
      [
        46.7119804,
        24.6487353
      ],
      [
        46.7126444,
        24.6471374
      ],
      [
        46.7128106,
        24.6465267
      ],
      [
        46.7131455,
        24.6453633
      ],
      [
        46.713152,
        24.6453408
      ],
      [
        46.7133493,
        24.6445289
      ],
      [
        46.713543,
        24.6437704
      ],
      [
        46.7141352,
        24.6422806
      ],
      [
        46.714367,
        24.6416975
      ],
      [
        46.714541,
        24.6412227
      ],
      [
        46.7148964,
        24.6401028
      ],
      [
        46.7149853,
        24.6394437
      ],
      [
        46.7149079,
        24.6386262
      ],
      [
        46.7148749,
        24.6383093
      ],
      [
        46.71487,
        24.6382627
      ],
      [
        46.7147027,
        24.6368558
      ],
      [
        46.7148,
        24.6354599
      ],
      [
        46.7148054,
        24.6351695
      ],
      [
        46.7154695,
        24.6316101
      ],
      [
        46.7158198,
        24.6302437
      ],
      [
        46.716453,
        24.6286855
      ],
      [
        46.7169365,
        24.627627
      ],
      [
        46.7172416,
        24.6272039
      ],
      [
        46.7178577,
        24.6268685
      ],
      [
        46.719399,
        24.6267475
      ],
      [
        46.7202393,
        24.6264136
      ],
      [
        46.7214326,
        24.625642
      ],
      [
        46.7215804,
        24.6255152
      ],
      [
        46.7217996,
        24.6252338
      ],
      [
        46.722093,
        24.6247971
      ],
      [
        46.7223918,
        24.6242921
      ],
      [
        46.7230556,
        24.6230459
      ],
      [
        46.7231827,
        24.6227903
      ],
      [
        46.723277,
        24.6225684
      ],
      [
        46.7233833,
        24.6222931
      ],
      [
        46.7235677,
        24.6218301
      ],
      [
        46.7240876,
        24.620762
      ],
      [
        46.7244929,
        24.6199318
      ],
      [
        46.72464,
        24.6196226
      ],
      [
        46.7247285,
        24.6193976
      ],
      [
        46.724983,
        24.6186197
      ],
      [
        46.7253075,
        24.6179116
      ],
      [
        46.725503,
        24.6175246
      ],
      [
        46.7257471,
        24.6169205
      ],
      [
        46.7258733,
        24.6166075
      ],
      [
        46.7260435,
        24.6160347
      ],
      [
        46.726079,
        24.6158512
      ],
      [
        46.7265966,
        24.6130611
      ],
      [
        46.726814,
        24.6119012
      ],
      [
        46.7269116,
        24.6116061
      ],
      [
        46.7270631,
        24.6112822
      ],
      [
        46.7273214,
        24.6108508
      ],
      [
        46.7275898,
        24.6104261
      ],
      [
        46.7276136,
        24.6103899
      ],
      [
        46.727985,
        24.6098469
      ],
      [
        46.7294437,
        24.607573
      ],
      [
        46.7296592,
        24.6072358
      ],
      [
        46.7299761,
        24.6067193
      ],
      [
        46.7300623,
        24.6066003
      ],
      [
        46.730133,
        24.606517
      ],
      [
        46.7302208,
        24.6064243
      ],
      [
        46.7303149,
        24.6063487
      ],
      [
        46.7304179,
        24.6062858
      ],
      [
        46.7305229,
        24.6062348
      ],
      [
        46.7306588,
        24.6061878
      ],
      [
        46.7307899,
        24.6061629
      ],
      [
        46.7309061,
        24.6061531
      ],
      [
        46.7310272,
        24.6061536
      ],
      [
        46.7311495,
        24.6061715
      ],
      [
        46.7312769,
        24.606201
      ],
      [
        46.7314165,
        24.6062473
      ],
      [
        46.731811,
        24.6063756
      ],
      [
        46.7319378,
        24.606406
      ],
      [
        46.7321269,
        24.6064244
      ],
      [
        46.732313,
        24.6064159
      ],
      [
        46.7324844,
        24.6063914
      ],
      [
        46.7326385,
        24.606337
      ],
      [
        46.7327734,
        24.6062696
      ],
      [
        46.7328878,
        24.606186
      ],
      [
        46.7329878,
        24.6060871
      ],
      [
        46.7330515,
        24.6060134
      ],
      [
        46.7331244,
        24.6059061
      ],
      [
        46.7355351,
        24.6011301
      ],
      [
        46.735785,
        24.6006322
      ],
      [
        46.7360462,
        24.6001228
      ],
      [
        46.7364703,
        24.5992625
      ],
      [
        46.7382743,
        24.5957627
      ],
      [
        46.7383408,
        24.5956576
      ],
      [
        46.7383977,
        24.5955743
      ],
      [
        46.7384495,
        24.5955187
      ],
      [
        46.7386097,
        24.5953886
      ],
      [
        46.7387004,
        24.5953433
      ],
      [
        46.7388145,
        24.5952872
      ],
      [
        46.7389495,
        24.595247
      ],
      [
        46.7390825,
        24.5952238
      ],
      [
        46.7392052,
        24.5952211
      ],
      [
        46.7393458,
        24.5952304
      ],
      [
        46.7394813,
        24.595258
      ],
      [
        46.7396109,
        24.595305
      ],
      [
        46.7397357,
        24.5953637
      ],
      [
        46.7424794,
        24.5968861
      ],
      [
        46.745325,
        24.598461
      ],
      [
        46.7458996,
        24.5987765
      ],
      [
        46.7484329,
        24.6001978
      ],
      [
        46.7502143,
        24.6011919
      ],
      [
        46.7515725,
        24.601953
      ],
      [
        46.7519878,
        24.6021859
      ],
      [
        46.7521308,
        24.6022581
      ],
      [
        46.7522394,
        24.6022999
      ],
      [
        46.7523368,
        24.602327
      ],
      [
        46.7524291,
        24.6023454
      ],
      [
        46.7525595,
        24.6023563
      ],
      [
        46.7526986,
        24.602352
      ],
      [
        46.7528118,
        24.6023368
      ],
      [
        46.7529279,
        24.6023101
      ],
      [
        46.7530014,
        24.6022774
      ],
      [
        46.7531179,
        24.6022206
      ],
      [
        46.753204,
        24.6021671
      ],
      [
        46.7532775,
        24.6021133
      ],
      [
        46.7533294,
        24.6020642
      ],
      [
        46.7533927,
        24.601999
      ],
      [
        46.7534568,
        24.601915
      ],
      [
        46.7548467,
        24.5991803
      ],
      [
        46.7560414,
        24.596821
      ],
      [
        46.7564065,
        24.5960952
      ],
      [
        46.7582535,
        24.5923908
      ],
      [
        46.7591012,
        24.5907501
      ],
      [
        46.7598299,
        24.5893105
      ],
      [
        46.7605296,
        24.5879706
      ],
      [
        46.7608754,
        24.5873003
      ],
      [
        46.7611309,
        24.5867952
      ],
      [
        46.7615076,
        24.5860178
      ],
      [
        46.7621488,
        24.5847352
      ],
      [
        46.7624199,
        24.5842084
      ],
      [
        46.7625783,
        24.5839206
      ],
      [
        46.7626648,
        24.583799
      ],
      [
        46.7627605,
        24.5837022
      ],
      [
        46.7628875,
        24.5835976
      ],
      [
        46.7630301,
        24.5835035
      ],
      [
        46.763263,
        24.5833684
      ],
      [
        46.7633226,
        24.5833302
      ],
      [
        46.7633821,
        24.5832866
      ],
      [
        46.7634839,
        24.5831907
      ],
      [
        46.7635585,
        24.583116
      ],
      [
        46.7636429,
        24.5830255
      ],
      [
        46.7637618,
        24.5828602
      ],
      [
        46.7638808,
        24.5826678
      ],
      [
        46.7671171,
        24.5767746
      ],
      [
        46.7682916,
        24.5746643
      ],
      [
        46.7695091,
        24.5724388
      ],
      [
        46.770714,
        24.5702414
      ],
      [
        46.7714051,
        24.5689999
      ],
      [
        46.7718401,
        24.5682125
      ],
      [
        46.7724516,
        24.567096
      ],
      [
        46.7731915,
        24.5657548
      ],
      [
        46.7744137,
        24.5635388
      ],
      [
        46.774849,
        24.5627301
      ],
      [
        46.7755928,
        24.561379
      ],
      [
        46.7763197,
        24.5600976
      ]
    ]
  }
},
{
  "type": "Feature",
  "id": "relation/13254402",
  "properties": {
    "admin_level": "10",
    "boundary": "administrative",
    "name": "الورود",
    "name:ar": "الورود",
    "name:en": "Al Wuroud District",
    "place": "neighbourhood",
    "type": "boundary",
    "id": "relation/13254402"
  },
  "geometry": {
    "type": "Polygon",
    "coordinates": [
      [
        [
          46.6648083,
          24.7281116
        ],
        [
          46.6640274,
          24.7277853
        ],
        [
          46.66562,
          24.7246384
        ],
        [
          46.6688804,
          24.7181661
        ],
        [
          46.6693352,
          24.71728
        ],
        [
          46.6698904,
          24.7161563
        ],
        [
          46.6706188,
          24.7146846
        ],
        [
          46.6711248,
          24.7136542
        ],
        [
          46.6718054,
          24.7123292
        ],
        [
          46.6719602,
          24.7120463
        ],
        [
          46.692636,
          24.7211971
        ],
        [
          46.6929688,
          24.7213444
        ],
        [
          46.6929171,
          24.7214406
        ],
        [
          46.692917,
          24.7214408
        ],
        [
          46.6916568,
          24.7237869
        ],
        [
          46.6905369,
          24.7259617
        ],
        [
          46.6899289,
          24.7272218
        ],
        [
          46.6881133,
          24.7308992
        ],
        [
          46.6851418,
          24.7367013
        ],
        [
          46.6839335,
          24.7362035
        ],
        [
          46.6829148,
          24.7357389
        ],
        [
          46.680509,
          24.7347272
        ],
        [
          46.6789062,
          24.7340557
        ],
        [
          46.6731005,
          24.7316213
        ],
        [
          46.6669292,
          24.729011
        ],
        [
          46.666488,
          24.728825
        ],
        [
          46.6660976,
          24.7286599
        ],
        [
          46.6652032,
          24.7282796
        ],
        [
          46.6648083,
          24.7281116
        ]
      ]
    ]
  }
},
{
  "type": "Feature",
  "id": "relation/13254403",
  "properties": {
    "admin_level": "10",
    "boundary": "administrative",
    "name": "الرحمانية",
    "name:ar": "الرحمانية",
    "name:en": "Ar Rahmaniyah District",
    "place": "neighbourhood",
    "type": "boundary",
    "id": "relation/13254403"
  },
  "geometry": {
    "type": "Polygon",
    "coordinates": [
      [
        [
          46.6468294,
          24.7205286
        ],
        [
          46.6482108,
          24.7177354
        ],
        [
          46.6499992,
          24.7142521
        ],
        [
          46.6510656,
          24.7120872
        ],
        [
          46.6514842,
          24.7109192
        ],
        [
          46.6524865,
          24.7078374
        ],
        [
          46.6527234,
          24.7071762
        ],
        [
          46.6531249,
          24.706314
        ],
        [
          46.654092,
          24.7044191
        ],
        [
          46.6548356,
          24.7046958
        ],
        [
          46.6564555,
          24.7054276
        ],
        [
          46.6635235,
          24.7083822
        ],
        [
          46.6654195,
          24.7091847
        ],
        [
          46.6677976,
          24.7102219
        ],
        [
          46.6704777,
          24.7113392
        ],
        [
          46.6719602,
          24.7120463
        ],
        [
          46.6718054,
          24.7123292
        ],
        [
          46.6711248,
          24.7136542
        ],
        [
          46.6706188,
          24.7146846
        ],
        [
          46.6698904,
          24.7161563
        ],
        [
          46.6693352,
          24.71728
        ],
        [
          46.6688804,
          24.7181661
        ],
        [
          46.66562,
          24.7246384
        ],
        [
          46.6640274,
          24.7277853
        ],
        [
          46.6639851,
          24.7277675
        ],
        [
          46.657872,
          24.7251964
        ],
        [
          46.654401,
          24.7236839
        ],
        [
          46.6532506,
          24.7232127
        ],
        [
          46.6526757,
          24.7229994
        ],
        [
          46.6517791,
          24.7226599
        ],
        [
          46.6468294,
          24.7205286
        ]
      ]
    ]
  }
},
{
  "type": "Feature",
  "id": "relation/13254417",
  "properties": {
    "admin_level": "10",
    "alt_name": "Ulaya;Al Alia",
    "boundary": "administrative",
    "name": "العليا",
    "name:ar": "العليا",
    "name:en": "Al Olaya District",
    "place": "neighbourhood",
    "type": "boundary",
    "id": "relation/13254417"
  },
  "geometry": {
    "type": "Polygon",
    "coordinates": [
      [
        [
          46.7031612,
          24.6758566
        ],
        [
          46.7028033,
          24.6766357
        ],
        [
          46.7024478,
          24.67744
        ],
        [
          46.7019144,
          24.6787828
        ],
        [
          46.6996686,
          24.6834171
        ],
        [
          46.6992352,
          24.6843245
        ],
        [
          46.698929,
          24.6853161
        ],
        [
          46.6991005,
          24.6861026
        ],
        [
          46.7033416,
          24.6968874
        ],
        [
          46.6961385,
          24.6933079
        ],
        [
          46.6919137,
          24.7018478
        ],
        [
          46.6912524,
          24.705955
        ],
        [
          46.6904494,
          24.7076001
        ],
        [
          46.6902047,
          24.7074958
        ],
        [
          46.6879573,
          24.7065772
        ],
        [
          46.6873284,
          24.7063191
        ],
        [
          46.6864841,
          24.7079203
        ],
        [
          46.6831734,
          24.7141988
        ],
        [
          46.6830896,
          24.7143577
        ],
        [
          46.6820055,
          24.7164073
        ],
        [
          46.6819391,
          24.7165395
        ],
        [
          46.6730918,
          24.7125657
        ],
        [
          46.6719602,
          24.7120463
        ],
        [
          46.6704777,
          24.7113392
        ],
        [
          46.6677976,
          24.7102219
        ],
        [
          46.6635235,
          24.7083822
        ],
        [
          46.6639164,
          24.7075909
        ],
        [
          46.6649888,
          24.70543
        ],
        [
          46.6651831,
          24.7050485
        ],
        [
          46.666665,
          24.7021402
        ],
        [
          46.6678798,
          24.6997371
        ],
        [
          46.6685112,
          24.6984848
        ],
        [
          46.6685853,
          24.6983301
        ],
        [
          46.6703349,
          24.6949211
        ],
        [
          46.6713826,
          24.6928118
        ],
        [
          46.6719811,
          24.6915501
        ],
        [
          46.6738735,
          24.6878833
        ],
        [
          46.6748417,
          24.6859396
        ],
        [
          46.6754563,
          24.6846979
        ],
        [
          46.6767144,
          24.6821844
        ],
        [
          46.677225,
          24.681156
        ],
        [
          46.6779834,
          24.6796721
        ],
        [
          46.6781462,
          24.6792753
        ],
        [
          46.6782373,
          24.6789619
        ],
        [
          46.6783324,
          24.6785143
        ],
        [
          46.6783665,
          24.6781214
        ],
        [
          46.6783702,
          24.6777026
        ],
        [
          46.6783412,
          24.6773332
        ],
        [
          46.67822,
          24.6760465
        ],
        [
          46.678201,
          24.6757753
        ],
        [
          46.6782125,
          24.6754484
        ],
        [
          46.6784012,
          24.6754577
        ],
        [
          46.6795117,
          24.6756263
        ],
        [
          46.6808104,
          24.6758661
        ],
        [
          46.6820755,
          24.6762206
        ],
        [
          46.682817,
          24.6764431
        ],
        [
          46.6837921,
          24.6767482
        ],
        [
          46.6847624,
          24.6771411
        ],
        [
          46.6849855,
          24.6772343
        ],
        [
          46.6873827,
          24.6782361
        ],
        [
          46.6887598,
          24.6788199
        ],
        [
          46.6889525,
          24.6783992
        ],
        [
          46.6893571,
          24.677644
        ],
        [
          46.6904463,
          24.6755391
        ],
        [
          46.6911565,
          24.6740422
        ],
        [
          46.6916085,
          24.6731448
        ],
        [
          46.6916259,
          24.6731106
        ],
        [
          46.6922038,
          24.6720345
        ],
        [
          46.6925311,
          24.671486
        ],
        [
          46.69286,
          24.6710326
        ],
        [
          46.693138,
          24.670686
        ],
        [
          46.6934607,
          24.6703426
        ],
        [
          46.6941487,
          24.6697171
        ],
        [
          46.6957592,
          24.6682543
        ],
        [
          46.6973599,
          24.6693353
        ],
        [
          46.6980273,
          24.6699126
        ],
        [
          46.6980921,
          24.6699691
        ],
        [
          46.6981012,
          24.669977
        ],
        [
          46.6981988,
          24.6700621
        ],
        [
          46.6983252,
          24.6701734
        ],
        [
          46.699831,
          24.6714917
        ],
        [
          46.700906,
          24.6725442
        ],
        [
          46.7021602,
          24.6739588
        ],
        [
          46.7027285,
          24.6746947
        ]
      ]
    ]
  }
},
{
  "type": "Feature",
  "id": "relation/17168709",
  "properties": {
    "colour": "#00AEE6",
    "from": "Ad Dar Al Baida",
    "name": "Blue Line: Ad Dar Al Baida → SABB",
    "network": "Riyadh Metro",
    "network:wikidata": "Q3855748",
    "public_transport:version": "2",
    "ref": "1",
    "route": "subway",
    "to": "SABB",
    "type": "route",
    "wikidata": "Q106740369",
    "id": "relation/17168709"
  },
  "geometry": {
    "type": "MultiLineString",
    "coordinates": [
      [
        [
          46.641895,
          24.7667761
        ],
        [
          46.6417736,
          24.766729
        ],
        [
          46.6414024,
          24.7665211
        ]
      ],
      [
        [
          46.6423161,
          24.7668844
        ],
        [
          46.6419481,
          24.7667944
        ]
      ],
      [
        [
          46.6429288,
          24.7672341
        ],
        [
          46.6426999,
          24.7670169
        ],
        [
          46.6426592,
          24.7670007
        ],
        [
          46.6423702,
          24.7668959
        ]
      ],
      [
        [
          46.7763197,
          24.5600976
        ],
        [
          46.7755928,
          24.561379
        ],
        [
          46.774849,
          24.5627301
        ],
        [
          46.7744137,
          24.5635388
        ],
        [
          46.7731915,
          24.5657548
        ],
        [
          46.7724516,
          24.567096
        ],
        [
          46.7718401,
          24.5682125
        ],
        [
          46.7714051,
          24.5689999
        ],
        [
          46.770714,
          24.5702414
        ],
        [
          46.7695091,
          24.5724388
        ],
        [
          46.7682916,
          24.5746643
        ],
        [
          46.7671171,
          24.5767746
        ],
        [
          46.7638808,
          24.5826678
        ],
        [
          46.7637618,
          24.5828602
        ],
        [
          46.7636429,
          24.5830255
        ],
        [
          46.7635585,
          24.583116
        ],
        [
          46.7634839,
          24.5831907
        ],
        [
          46.7633821,
          24.5832866
        ],
        [
          46.7633226,
          24.5833302
        ],
        [
          46.763263,
          24.5833684
        ],
        [
          46.7630301,
          24.5835035
        ],
        [
          46.7628875,
          24.5835976
        ],
        [
          46.7627605,
          24.5837022
        ],
        [
          46.7626648,
          24.583799
        ],
        [
          46.7625783,
          24.5839206
        ],
        [
          46.7624199,
          24.5842084
        ],
        [
          46.7621488,
          24.5847352
        ],
        [
          46.7615076,
          24.5860178
        ],
        [
          46.7611309,
          24.5867952
        ],
        [
          46.7608754,
          24.5873003
        ],
        [
          46.7605296,
          24.5879706
        ],
        [
          46.7598299,
          24.5893105
        ],
        [
          46.7591012,
          24.5907501
        ],
        [
          46.7582535,
          24.5923908
        ],
        [
          46.7564065,
          24.5960952
        ],
        [
          46.7560414,
          24.596821
        ],
        [
          46.7548467,
          24.5991803
        ],
        [
          46.7534568,
          24.601915
        ],
        [
          46.7533927,
          24.601999
        ],
        [
          46.7533294,
          24.6020642
        ],
        [
          46.7532775,
          24.6021133
        ],
        [
          46.753204,
          24.6021671
        ],
        [
          46.7531179,
          24.6022206
        ],
        [
          46.7530014,
          24.6022774
        ],
        [
          46.7529279,
          24.6023101
        ],
        [
          46.7528118,
          24.6023368
        ],
        [
          46.7526986,
          24.602352
        ],
        [
          46.7525595,
          24.6023563
        ],
        [
          46.7524291,
          24.6023454
        ],
        [
          46.7523368,
          24.602327
        ],
        [
          46.7522394,
          24.6022999
        ],
        [
          46.7521308,
          24.6022581
        ],
        [
          46.7519878,
          24.6021859
        ],
        [
          46.7515725,
          24.601953
        ],
        [
          46.7502143,
          24.6011919
        ],
        [
          46.7484329,
          24.6001978
        ],
        [
          46.7458996,
          24.5987765
        ],
        [
          46.745325,
          24.598461
        ],
        [
          46.7424794,
          24.5968861
        ],
        [
          46.7397357,
          24.5953637
        ],
        [
          46.7396109,
          24.595305
        ],
        [
          46.7394813,
          24.595258
        ],
        [
          46.7393458,
          24.5952304
        ],
        [
          46.7392052,
          24.5952211
        ],
        [
          46.7390825,
          24.5952238
        ],
        [
          46.7389495,
          24.595247
        ],
        [
          46.7388145,
          24.5952872
        ],
        [
          46.7387004,
          24.5953433
        ],
        [
          46.7386097,
          24.5953886
        ],
        [
          46.7384495,
          24.5955187
        ],
        [
          46.7383977,
          24.5955743
        ],
        [
          46.7383408,
          24.5956576
        ],
        [
          46.7382743,
          24.5957627
        ],
        [
          46.7364703,
          24.5992625
        ],
        [
          46.7360462,
          24.6001228
        ],
        [
          46.735785,
          24.6006322
        ],
        [
          46.7355351,
          24.6011301
        ],
        [
          46.7331244,
          24.6059061
        ],
        [
          46.7330515,
          24.6060134
        ],
        [
          46.7329878,
          24.6060871
        ],
        [
          46.7328878,
          24.606186
        ],
        [
          46.7327734,
          24.6062696
        ],
        [
          46.7326385,
          24.606337
        ],
        [
          46.7324844,
          24.6063914
        ],
        [
          46.732313,
          24.6064159
        ],
        [
          46.7321269,
          24.6064244
        ],
        [
          46.7319378,
          24.606406
        ],
        [
          46.731811,
          24.6063756
        ],
        [
          46.7314165,
          24.6062473
        ],
        [
          46.7312769,
          24.606201
        ],
        [
          46.7311495,
          24.6061715
        ],
        [
          46.7310272,
          24.6061536
        ],
        [
          46.7309061,
          24.6061531
        ],
        [
          46.7307899,
          24.6061629
        ],
        [
          46.7306588,
          24.6061878
        ],
        [
          46.7305229,
          24.6062348
        ],
        [
          46.7304179,
          24.6062858
        ],
        [
          46.7303149,
          24.6063487
        ],
        [
          46.7302208,
          24.6064243
        ],
        [
          46.730133,
          24.606517
        ],
        [
          46.7300623,
          24.6066003
        ],
        [
          46.7299761,
          24.6067193
        ],
        [
          46.7296592,
          24.6072358
        ],
        [
          46.7294437,
          24.607573
        ],
        [
          46.727985,
          24.6098469
        ],
        [
          46.7276136,
          24.6103899
        ],
        [
          46.7275898,
          24.6104261
        ],
        [
          46.7273214,
          24.6108508
        ],
        [
          46.7270631,
          24.6112822
        ],
        [
          46.7269116,
          24.6116061
        ],
        [
          46.726814,
          24.6119012
        ],
        [
          46.7265966,
          24.6130611
        ],
        [
          46.726079,
          24.6158512
        ],
        [
          46.7260435,
          24.6160347
        ],
        [
          46.7258733,
          24.6166075
        ],
        [
          46.7257471,
          24.6169205
        ],
        [
          46.725503,
          24.6175246
        ],
        [
          46.7253075,
          24.6179116
        ],
        [
          46.724983,
          24.6186197
        ],
        [
          46.7247285,
          24.6193976
        ],
        [
          46.72464,
          24.6196226
        ],
        [
          46.7244929,
          24.6199318
        ],
        [
          46.7240876,
          24.620762
        ],
        [
          46.7235677,
          24.6218301
        ],
        [
          46.7233833,
          24.6222931
        ],
        [
          46.723277,
          24.6225684
        ],
        [
          46.7231827,
          24.6227903
        ],
        [
          46.7230556,
          24.6230459
        ],
        [
          46.7223918,
          24.6242921
        ],
        [
          46.722093,
          24.6247971
        ],
        [
          46.7217996,
          24.6252338
        ],
        [
          46.7215804,
          24.6255152
        ],
        [
          46.7214326,
          24.625642
        ],
        [
          46.7202393,
          24.6264136
        ],
        [
          46.719399,
          24.6267475
        ],
        [
          46.7178577,
          24.6268685
        ],
        [
          46.7172416,
          24.6272039
        ],
        [
          46.7169365,
          24.627627
        ],
        [
          46.716453,
          24.6286855
        ],
        [
          46.7158198,
          24.6302437
        ],
        [
          46.7154695,
          24.6316101
        ],
        [
          46.7148054,
          24.6351695
        ],
        [
          46.7148,
          24.6354599
        ],
        [
          46.7147027,
          24.6368558
        ],
        [
          46.71487,
          24.6382627
        ],
        [
          46.7148749,
          24.6383093
        ],
        [
          46.7149079,
          24.6386262
        ],
        [
          46.7149853,
          24.6394437
        ],
        [
          46.7148964,
          24.6401028
        ],
        [
          46.714541,
          24.6412227
        ],
        [
          46.714367,
          24.6416975
        ],
        [
          46.7141352,
          24.6422806
        ],
        [
          46.713543,
          24.6437704
        ],
        [
          46.7133493,
          24.6445289
        ],
        [
          46.713152,
          24.6453408
        ],
        [
          46.7131455,
          24.6453633
        ],
        [
          46.7128106,
          24.6465267
        ],
        [
          46.7126444,
          24.6471374
        ],
        [
          46.7119804,
          24.6487353
        ],
        [
          46.7116496,
          24.6500987
        ],
        [
          46.7110678,
          24.6522781
        ],
        [
          46.710873,
          24.653218
        ],
        [
          46.710814,
          24.653925
        ],
        [
          46.710696,
          24.6542565
        ],
        [
          46.7106155,
          24.6543881
        ],
        [
          46.7101167,
          24.6549293
        ],
        [
          46.7057554,
          24.6577716
        ],
        [
          46.7053584,
          24.6581129
        ],
        [
          46.7050151,
          24.6584152
        ],
        [
          46.7047254,
          24.6587954
        ],
        [
          46.7044894,
          24.6591854
        ],
        [
          46.7043821,
          24.6594243
        ],
        [
          46.7042508,
          24.6597848
        ],
        [
          46.7030624,
          24.6630465
        ],
        [
          46.7023599,
          24.6647328
        ],
        [
          46.7016945,
          24.6665712
        ],
        [
          46.7013941,
          24.6671952
        ],
        [
          46.7010615,
          24.6676583
        ],
        [
          46.7005948,
          24.6682043
        ],
        [
          46.6980466,
          24.6703485
        ],
        [
          46.697652,
          24.6706026
        ],
        [
          46.697334,
          24.6708705
        ],
        [
          46.6968703,
          24.6712907
        ],
        [
          46.6966562,
          24.6715011
        ],
        [
          46.6964055,
          24.6717701
        ],
        [
          46.6961044,
          24.6721479
        ],
        [
          46.6959634,
          24.6723617
        ],
        [
          46.6957094,
          24.6728002
        ],
        [
          46.6955576,
          24.6731131
        ],
        [
          46.6949027,
          24.6744229
        ],
        [
          46.6942734,
          24.6756792
        ],
        [
          46.6940485,
          24.6761086
        ],
        [
          46.6938959,
          24.6764241
        ],
        [
          46.6916381,
          24.6809507
        ],
        [
          46.6869331,
          24.690206
        ],
        [
          46.686917,
          24.6902353
        ],
        [
          46.6867325,
          24.6906133
        ],
        [
          46.6866272,
          24.6908009
        ],
        [
          46.6865046,
          24.6910345
        ],
        [
          46.6859406,
          24.6921042
        ],
        [
          46.6856115,
          24.6927383
        ],
        [
          46.6846619,
          24.6946718
        ],
        [
          46.683726,
          24.6965131
        ],
        [
          46.6835992,
          24.6967617
        ],
        [
          46.6823799,
          24.6991341
        ],
        [
          46.6802126,
          24.703454
        ],
        [
          46.6790463,
          24.7057428
        ],
        [
          46.6778323,
          24.7081468
        ],
        [
          46.6765521,
          24.7107371
        ],
        [
          46.6755802,
          24.7126288
        ],
        [
          46.6751435,
          24.7134715
        ],
        [
          46.6747263,
          24.7143127
        ],
        [
          46.6712682,
          24.7212783
        ],
        [
          46.6709288,
          24.7218598
        ],
        [
          46.6702483,
          24.7232933
        ],
        [
          46.669873,
          24.723939
        ],
        [
          46.6697655,
          24.7240712
        ],
        [
          46.6691987,
          24.724418
        ],
        [
          46.6683608,
          24.7247407
        ],
        [
          46.667701,
          24.7252474
        ],
        [
          46.6672948,
          24.7257422
        ],
        [
          46.6667348,
          24.726784
        ],
        [
          46.6661104,
          24.7279456
        ],
        [
          46.6659951,
          24.7288921
        ],
        [
          46.6661159,
          24.7295462
        ],
        [
          46.6662733,
          24.730353
        ],
        [
          46.666303,
          24.7309673
        ],
        [
          46.6661986,
          24.731238
        ],
        [
          46.6636368,
          24.7363221
        ],
        [
          46.6634254,
          24.736736
        ],
        [
          46.6632772,
          24.7370261
        ],
        [
          46.6592353,
          24.7449382
        ],
        [
          46.6579101,
          24.7476587
        ],
        [
          46.6574733,
          24.7484473
        ],
        [
          46.6545802,
          24.7542521
        ],
        [
          46.654267,
          24.7548432
        ],
        [
          46.652983,
          24.7574088
        ],
        [
          46.6522401,
          24.7589118
        ],
        [
          46.6519135,
          24.7595908
        ],
        [
          46.6511471,
          24.7611459
        ],
        [
          46.6510562,
          24.7613159
        ],
        [
          46.6509796,
          24.7614515
        ],
        [
          46.6508849,
          24.7615892
        ],
        [
          46.6507348,
          24.7617645
        ],
        [
          46.6506119,
          24.7618832
        ],
        [
          46.6504876,
          24.7619916
        ],
        [
          46.6503317,
          24.7621095
        ],
        [
          46.6501866,
          24.7622052
        ],
        [
          46.6499898,
          24.762323
        ],
        [
          46.6497933,
          24.7624206
        ],
        [
          46.6495821,
          24.7625044
        ],
        [
          46.6492185,
          24.762621
        ],
        [
          46.6485382,
          24.7628128
        ],
        [
          46.6479061,
          24.7630018
        ],
        [
          46.646303,
          24.763436
        ],
        [
          46.6461499,
          24.7634963
        ],
        [
          46.6459849,
          24.7635791
        ],
        [
          46.6458755,
          24.7636505
        ],
        [
          46.645753,
          24.7637507
        ],
        [
          46.6456544,
          24.7638429
        ],
        [
          46.6455794,
          24.7639251
        ],
        [
          46.645492,
          24.7640445
        ],
        [
          46.6454433,
          24.764126
        ],
        [
          46.6453467,
          24.7643316
        ],
        [
          46.6451095,
          24.7648562
        ],
        [
          46.6448288,
          24.7654675
        ],
        [
          46.64479,
          24.7655521
        ],
        [
          46.6446987,
          24.7657476
        ],
        [
          46.6445681,
          24.7659415
        ],
        [
          46.6444073,
          24.7660956
        ],
        [
          46.6441998,
          24.7662149
        ],
        [
          46.6438472,
          24.7663861
        ],
        [
          46.6437055,
          24.766468
        ],
        [
          46.6435845,
          24.7665717
        ],
        [
          46.6435097,
          24.7666466
        ],
        [
          46.6434379,
          24.7667504
        ],
        [
          46.6432748,
          24.7670557
        ],
        [
          46.6430248,
          24.7675491
        ],
        [
          46.6426074,
          24.7684111
        ],
        [
          46.642541,
          24.7685429
        ],
        [
          46.6424999,
          24.7686764
        ],
        [
          46.6424771,
          24.7688258
        ],
        [
          46.6424855,
          24.7689925
        ],
        [
          46.6425035,
          24.7690951
        ],
        [
          46.6425059,
          24.7691088
        ],
        [
          46.6425812,
          24.7694432
        ],
        [
          46.6426546,
          24.7698449
        ],
        [
          46.6426871,
          24.77006
        ],
        [
          46.6426971,
          24.7703327
        ],
        [
          46.6426894,
          24.7704123
        ],
        [
          46.6426637,
          24.7705105
        ],
        [
          46.6426431,
          24.7705796
        ],
        [
          46.6425981,
          24.7706845
        ],
        [
          46.6423864,
          24.7711092
        ],
        [
          46.6420097,
          24.7718707
        ],
        [
          46.6412394,
          24.7733856
        ],
        [
          46.6411591,
          24.7735636
        ],
        [
          46.6410733,
          24.7738062
        ],
        [
          46.6410307,
          24.7740054
        ],
        [
          46.6410149,
          24.7742556
        ],
        [
          46.6410275,
          24.7744207
        ],
        [
          46.641063,
          24.774679
        ],
        [
          46.6419687,
          24.776771
        ],
        [
          46.6421285,
          24.7771449
        ],
        [
          46.6421731,
          24.7772794
        ],
        [
          46.6422395,
          24.7775305
        ],
        [
          46.6422557,
          24.7776372
        ],
        [
          46.6422768,
          24.777876
        ],
        [
          46.6422765,
          24.7781424
        ],
        [
          46.6422157,
          24.7785278
        ],
        [
          46.6421058,
          24.7788244
        ],
        [
          46.6419874,
          24.7790934
        ],
        [
          46.6417295,
          24.779611
        ],
        [
          46.6409859,
          24.7811467
        ],
        [
          46.6404503,
          24.7822537
        ],
        [
          46.6390674,
          24.7849702
        ],
        [
          46.6379509,
          24.787269
        ],
        [
          46.6374822,
          24.7881872
        ],
        [
          46.6371279,
          24.7888351
        ],
        [
          46.6362702,
          24.7905005
        ],
        [
          46.6349704,
          24.7930835
        ],
        [
          46.6344075,
          24.7942661
        ],
        [
          46.6339815,
          24.7951373
        ],
        [
          46.6335511,
          24.7959757
        ],
        [
          46.631807,
          24.7993282
        ],
        [
          46.6276953,
          24.8074983
        ],
        [
          46.6268083,
          24.8093353
        ],
        [
          46.6265977,
          24.8097787
        ],
        [
          46.6257191,
          24.811572
        ],
        [
          46.6251801,
          24.8126254
        ],
        [
          46.6244094,
          24.8140752
        ],
        [
          46.623093,
          24.8166007
        ],
        [
          46.6210108,
          24.8207074
        ],
        [
          46.6193134,
          24.8240889
        ],
        [
          46.6184931,
          24.8257695
        ],
        [
          46.6175224,
          24.8277508
        ],
        [
          46.6171193,
          24.8285621
        ],
        [
          46.6166423,
          24.8295041
        ]
      ]
    ]
  }
},
{
  "type": "Feature",
  "id": "relation/17825753",
  "properties": {
    "addr:city": "الرياض",
    "addr:postcode": "12333",
    "amenity": "restaurant",
    "building": "yes",
    "building:levels": "5",
    "cuisine": "chicken",
    "diet:halal": "yes",
    "name": "مطعم اكليل لبنان",
    "opening_hours": "12pm-1am",
    "type": "multipolygon",
    "id": "relation/17825753"
  },
  "geometry": {
    "type": "Polygon",
    "coordinates": [
      [
        [
          46.6717629,
          24.7103165
        ],
        [
          46.6723112,
          24.7105285
        ],
        [
          46.6721859,
          24.7107959
        ],
        [
          46.6721618,
          24.7108474
        ],
        [
          46.6716135,
          24.7106354
        ],
        [
          46.6716789,
          24.7104957
        ],
        [
          46.6717629,
          24.7103165
        ]
      ]
    ]
  }
},
{
  "type": "Feature",
  "id": "way/53152585",
  "properties": {
    "addr:city": "Riyadh",
    "addr:street": "العليا",
    "building": "commercial",
    "building:levels": "4",
    "height": "16",
    "name": "العليا مول",
    "name:ar": "العليا مول",
    "name:en": "Olaya Mall",
    "shop": "mall",
    "id": "way/53152585"
  },
  "geometry": {
    "type": "Polygon",
    "coordinates": [
      [
        [
          46.6744431,
          24.7135591
        ],
        [
          46.6744333,
          24.7136048
        ],
        [
          46.6744654,
          24.7137053
        ],
        [
          46.6745249,
          24.7137332
        ],
        [
          46.6742983,
          24.7141561
        ],
        [
          46.6741159,
          24.714526
        ],
        [
          46.6740872,
          24.7145116
        ],
        [
          46.6740436,
          24.714594
        ],
        [
          46.6740741,
          24.7146091
        ],
        [
          46.6738849,
          24.7149909
        ],
        [
          46.6735975,
          24.7155886
        ],
        [
          46.6732442,
          24.7154375
        ],
        [
          46.6732423,
          24.7154194
        ],
        [
          46.6732573,
          24.7153897
        ],
        [
          46.6731655,
          24.7153506
        ],
        [
          46.6731368,
          24.7153994
        ],
        [
          46.6727919,
          24.7152562
        ],
        [
          46.6727918,
          24.7152391
        ],
        [
          46.6730287,
          24.7147605
        ],
        [
          46.6731654,
          24.7144866
        ],
        [
          46.6732168,
          24.7145052
        ],
        [
          46.6732615,
          24.7144233
        ],
        [
          46.6732136,
          24.7144069
        ],
        [
          46.6734066,
          24.7140172
        ],
        [
          46.6731351,
          24.7139014
        ],
        [
          46.6731933,
          24.7137884
        ],
        [
          46.6732452,
          24.7138106
        ],
        [
          46.6732912,
          24.7137231
        ],
        [
          46.6732378,
          24.7136981
        ],
        [
          46.673518,
          24.7131548
        ],
        [
          46.6744431,
          24.7135591
        ]
      ]
    ]
  }
},
{
  "type": "Feature",
  "id": "way/53156607",
  "properties": {
    "addr:city": "Riyadh",
    "addr:street": "طريق الملك فهد",
    "building": "commercial",
    "building:levels": "3",
    "height": "12",
    "name": "العليا مول",
    "name:ar": "العليا مول",
    "name:en": "Olaya Mall",
    "shop": "mall",
    "id": "way/53156607"
  },
  "geometry": {
    "type": "Polygon",
    "coordinates": [
      [
        [
          46.6726228,
          24.7126858
        ],
        [
          46.673198,
          24.7129318
        ],
        [
          46.6732246,
          24.7129943
        ],
        [
          46.673279,
          24.7129762
        ],
        [
          46.6733216,
          24.7130889
        ],
        [
          46.673263,
          24.7131059
        ],
        [
          46.6732755,
          24.7131451
        ],
        [
          46.672975,
          24.713733
        ],
        [
          46.6729333,
          24.7137446
        ],
        [
          46.6729485,
          24.7137867
        ],
        [
          46.6728008,
          24.7138379
        ],
        [
          46.672646,
          24.714138
        ],
        [
          46.6726987,
          24.7142838
        ],
        [
          46.6726415,
          24.7143031
        ],
        [
          46.6726612,
          24.7143615
        ],
        [
          46.6723678,
          24.7149334
        ],
        [
          46.6723452,
          24.7149449
        ],
        [
          46.6723555,
          24.7149729
        ],
        [
          46.6722308,
          24.7150184
        ],
        [
          46.6722186,
          24.7149889
        ],
        [
          46.6721478,
          24.7150102
        ],
        [
          46.6715552,
          24.7147622
        ],
        [
          46.6714698,
          24.7145468
        ],
        [
          46.6717556,
          24.7139641
        ],
        [
          46.6718373,
          24.71394
        ],
        [
          46.6718282,
          24.713906
        ],
        [
          46.6719837,
          24.7138455
        ],
        [
          46.6720205,
          24.7137953
        ],
        [
          46.6719744,
          24.7137957
        ],
        [
          46.6720629,
          24.713624
        ],
        [
          46.6720953,
          24.7136402
        ],
        [
          46.6721137,
          24.7135919
        ],
        [
          46.6721455,
          24.7135829
        ],
        [
          46.6720797,
          24.7134112
        ],
        [
          46.6720995,
          24.7134084
        ],
        [
          46.6720766,
          24.7133518
        ],
        [
          46.6723703,
          24.7127674
        ],
        [
          46.6724479,
          24.7127377
        ],
        [
          46.6724408,
          24.7127066
        ],
        [
          46.6725643,
          24.712668
        ],
        [
          46.6725725,
          24.7127011
        ],
        [
          46.6726228,
          24.7126858
        ]
      ]
    ]
  }
},
{
  "type": "Feature",
  "id": "way/264745917",
  "properties": {
    "addr:city": "Riyadh",
    "addr:street": "الملك فهد",
    "building": "commercial",
    "building:levels": "4",
    "height": "16",
    "name": "مركز المملكة",
    "name:ar": "مركز المملكة",
    "name:en": "Kingdom Centre",
    "name:fa": "مركز پادشاهی",
    "name:ml": "കിംഗ്ഡം സെന്റർ",
    "shop": "mall",
    "start_date": "2002",
    "wikidata": "Q656743",
    "wikipedia": "ar:مركز_المملكة",
    "id": "way/264745917"
  },
  "geometry": {
    "type": "Polygon",
    "coordinates": [
      [
        [
          46.6746603,
          24.7128384
        ],
        [
          46.6746489,
          24.7126589
        ],
        [
          46.6745133,
          24.7125983
        ],
        [
          46.6744493,
          24.7115692
        ],
        [
          46.6743898,
          24.7115572
        ],
        [
          46.6743738,
          24.7115514
        ],
        [
          46.6743089,
          24.7115279
        ],
        [
          46.6742491,
          24.7114976
        ],
        [
          46.674202,
          24.7114674
        ],
        [
          46.6733264,
          24.7120632
        ],
        [
          46.6731753,
          24.7120056
        ],
        [
          46.6730258,
          24.7121163
        ],
        [
          46.6730276,
          24.7120577
        ],
        [
          46.672961,
          24.7119742
        ],
        [
          46.6729196,
          24.7118824
        ],
        [
          46.6729012,
          24.7117843
        ],
        [
          46.6729104,
          24.7116841
        ],
        [
          46.6729472,
          24.7115839
        ],
        [
          46.6730046,
          24.7114983
        ],
        [
          46.6730896,
          24.7114211
        ],
        [
          46.6730873,
          24.7113397
        ],
        [
          46.673023,
          24.7113397
        ],
        [
          46.6730368,
          24.7111936
        ],
        [
          46.6730598,
          24.7110788
        ],
        [
          46.6731057,
          24.7109431
        ],
        [
          46.6731747,
          24.710797
        ],
        [
          46.6732505,
          24.710678
        ],
        [
          46.6733654,
          24.7105381
        ],
        [
          46.6734872,
          24.7104192
        ],
        [
          46.6735308,
          24.7104693
        ],
        [
          46.6735768,
          24.7104233
        ],
        [
          46.6735883,
          24.7103545
        ],
        [
          46.6735997,
          24.7102793
        ],
        [
          46.6736733,
          24.7101624
        ],
        [
          46.6737836,
          24.7100706
        ],
        [
          46.6738984,
          24.7100059
        ],
        [
          46.6740639,
          24.7099746
        ],
        [
          46.6741489,
          24.7098911
        ],
        [
          46.6741581,
          24.7100831
        ],
        [
          46.6743011,
          24.7101348
        ],
        [
          46.6743713,
          24.7111246
        ],
        [
          46.674397,
          24.7111293
        ],
        [
          46.674447,
          24.711145
        ],
        [
          46.6744929,
          24.7111594
        ],
        [
          46.6745117,
          24.7111683
        ],
        [
          46.6745697,
          24.7111968
        ],
        [
          46.6745726,
          24.7111987
        ],
        [
          46.6746253,
          24.711233
        ],
        [
          46.6746416,
          24.7112462
        ],
        [
          46.6755151,
          24.7106467
        ],
        [
          46.6756736,
          24.7107114
        ],
        [
          46.6758115,
          24.7106008
        ],
        [
          46.675761,
          24.7111205
        ],
        [
          46.675476,
          24.711634
        ],
        [
          46.675499,
          24.7116945
        ],
        [
          46.6756943,
          24.7116737
        ],
        [
          46.6756966,
          24.711753
        ],
        [
          46.6756874,
          24.7118281
        ],
        [
          46.6756576,
          24.7119116
        ],
        [
          46.6756116,
          24.7119826
        ],
        [
          46.6755496,
          24.7120535
        ],
        [
          46.6754623,
          24.7121078
        ],
        [
          46.6753703,
          24.7119283
        ],
        [
          46.6753221,
          24.7119408
        ],
        [
          46.6750349,
          24.7124835
        ],
        [
          46.6746603,
          24.7128384
        ]
      ]
    ]
  }
},
{
  "type": "Feature",
  "id": "way/264745922",
  "properties": {
    "addr:city": "Riyadh",
    "addr:street": "الملك فهد",
    "building": "commercial",
    "building:levels:underground": "4",
    "building:material": "glass",
    "building:part": "yes",
    "height": "205",
    "name": "مركز المملكة",
    "name:en": "Kingdom Centre",
    "name:fa": "مركز پادشاهی",
    "roof:material": "metal",
    "source": "https://kingdomcentre.com.sa/ar/home/",
    "website": "https://kingdomcentre.com.sa/ar/home/",
    "wikidata": "Q656743",
    "wikipedia": "ar:مركز المملكة",
    "id": "way/264745922"
  },
  "geometry": {
    "type": "Polygon",
    "coordinates": [
      [
        [
          46.6741812,
          24.7111166
        ],
        [
          46.6741967,
          24.7111161
        ],
        [
          46.674276,
          24.7111133
        ],
        [
          46.6743404,
          24.7111189
        ],
        [
          46.6743713,
          24.7111246
        ],
        [
          46.674397,
          24.7111293
        ],
        [
          46.674447,
          24.711145
        ],
        [
          46.6744929,
          24.7111594
        ],
        [
          46.6745117,
          24.7111683
        ],
        [
          46.6745697,
          24.7111968
        ],
        [
          46.6745726,
          24.7111987
        ],
        [
          46.6746253,
          24.711233
        ],
        [
          46.6746416,
          24.7112462
        ],
        [
          46.6746684,
          24.7112679
        ],
        [
          46.6747146,
          24.7113143
        ],
        [
          46.6747654,
          24.7113813
        ],
        [
          46.6747799,
          24.7114134
        ],
        [
          46.674795,
          24.7114471
        ],
        [
          46.6747298,
          24.7115657
        ],
        [
          46.6746883,
          24.7115746
        ],
        [
          46.6746256,
          24.7115799
        ],
        [
          46.6746111,
          24.7115807
        ],
        [
          46.6745464,
          24.7115817
        ],
        [
          46.6744889,
          24.7115772
        ],
        [
          46.6744493,
          24.7115692
        ],
        [
          46.6743898,
          24.7115572
        ],
        [
          46.6743738,
          24.7115514
        ],
        [
          46.6743089,
          24.7115279
        ],
        [
          46.6742491,
          24.7114976
        ],
        [
          46.674202,
          24.7114674
        ],
        [
          46.6741503,
          24.711426
        ],
        [
          46.6740915,
          24.7113647
        ],
        [
          46.674072,
          24.7113372
        ],
        [
          46.6740487,
          24.7113045
        ],
        [
          46.6740411,
          24.7112837
        ],
        [
          46.6740278,
          24.7112473
        ],
        [
          46.674093,
          24.7111287
        ],
        [
          46.6741314,
          24.7111235
        ],
        [
          46.6741812,
          24.7111166
        ]
      ]
    ]
  }
},
{
  "type": "Feature",
  "id": "way/264745924",
  "properties": {
    "building:material": "glass",
    "building:part": "yes",
    "height": "302",
    "roof:material": "metal",
    "id": "way/264745924"
  },
  "geometry": {
    "type": "Polygon",
    "coordinates": [
      [
        [
          46.674795,
          24.7114471
        ],
        [
          46.6747298,
          24.7115657
        ],
        [
          46.6746883,
          24.7115746
        ],
        [
          46.6747799,
          24.7114134
        ],
        [
          46.674795,
          24.7114471
        ]
      ]
    ]
  }
},
{
  "type": "Feature",
  "id": "way/264745925",
  "properties": {
    "building:material": "glass",
    "building:part": "yes",
    "height": "302",
    "roof:material": "metal",
    "id": "way/264745925"
  },
  "geometry": {
    "type": "Polygon",
    "coordinates": [
      [
        [
          46.6740278,
          24.7112473
        ],
        [
          46.674093,
          24.7111287
        ],
        [
          46.6741314,
          24.7111235
        ],
        [
          46.6740411,
          24.7112837
        ],
        [
          46.6740278,
          24.7112473
        ]
      ]
    ]
  }
},
{
  "type": "Feature",
  "id": "way/412836411",
  "properties": {
    "building": "yes",
    "id": "way/412836411"
  },
  "geometry": {
    "type": "Polygon",
    "coordinates": [
      [
        [
          46.6764906,
          24.7138141
        ],
        [
          46.6767082,
          24.7134308
        ],
        [
          46.6771202,
          24.7136172
        ],
        [
          46.6769156,
          24.714016
        ],
        [
          46.6764906,
          24.7138141
        ]
      ]
    ]
  }
},
{
  "type": "Feature",
  "id": "way/412836415",
  "properties": {
    "building": "yes",
    "id": "way/412836415"
  },
  "geometry": {
    "type": "Polygon",
    "coordinates": [
      [
        [
          46.6776018,
          24.7082073
        ],
        [
          46.6771772,
          24.7080252
        ],
        [
          46.6776825,
          24.7070534
        ],
        [
          46.678107,
          24.7072355
        ],
        [
          46.6776018,
          24.7082073
        ]
      ]
    ]
  }
},
{
  "type": "Feature",
  "id": "way/412836432",
  "properties": {
    "building": "yes",
    "id": "way/412836432"
  },
  "geometry": {
    "type": "Polygon",
    "coordinates": [
      [
        [
          46.6759,
          24.7103431
        ],
        [
          46.6763914,
          24.7093979
        ],
        [
          46.6768116,
          24.7095782
        ],
        [
          46.6763202,
          24.7105234
        ],
        [
          46.6759,
          24.7103431
        ]
      ]
    ]
  }
},
{
  "type": "Feature",
  "id": "way/412836436",
  "properties": {
    "building": "yes",
    "id": "way/412836436"
  },
  "geometry": {
    "type": "Polygon",
    "coordinates": [
      [
        [
          46.6764864,
          24.7091784
        ],
        [
          46.6769929,
          24.708197
        ],
        [
          46.6773958,
          24.7083686
        ],
        [
          46.6768893,
          24.70935
        ],
        [
          46.6764864,
          24.7091784
        ]
      ]
    ]
  }
},
{
  "type": "Feature",
  "id": "way/412836455",
  "properties": {
    "building": "yes",
    "id": "way/412836455"
  },
  "geometry": {
    "type": "Polygon",
    "coordinates": [
      [
        [
          46.6756297,
          24.7134376
        ],
        [
          46.6758216,
          24.7130504
        ],
        [
          46.6762724,
          24.7132348
        ],
        [
          46.6760548,
          24.7136161
        ],
        [
          46.6756297,
          24.7134376
        ]
      ]
    ]
  }
},
{
  "type": "Feature",
  "id": "way/412836460",
  "properties": {
    "building": "yes",
    "id": "way/412836460"
  },
  "geometry": {
    "type": "Polygon",
    "coordinates": [
      [
        [
          46.6760548,
          24.7136161
        ],
        [
          46.6762724,
          24.7132348
        ],
        [
          46.6767082,
          24.7134308
        ],
        [
          46.6764906,
          24.7138141
        ],
        [
          46.6760548,
          24.7136161
        ]
      ]
    ]
  }
},
{
  "type": "Feature",
  "id": "way/412836463",
  "properties": {
    "building": "yes",
    "name": "Riyad Bank Tower",
    "id": "way/412836463"
  },
  "geometry": {
    "type": "Polygon",
    "coordinates": [
      [
        [
          46.6765106,
          24.7130756
        ],
        [
          46.6759511,
          24.7128672
        ],
        [
          46.6758948,
          24.7128209
        ],
        [
          46.6758733,
          24.7127892
        ],
        [
          46.6758813,
          24.712721
        ],
        [
          46.6762692,
          24.7119703
        ],
        [
          46.6769313,
          24.7122632
        ],
        [
          46.6765106,
          24.7130756
        ]
      ]
    ]
  }
},
{
  "type": "Feature",
  "id": "way/589456157",
  "properties": {
    "building": "yes",
    "id": "way/589456157"
  },
  "geometry": {
    "type": "Polygon",
    "coordinates": [
      [
        [
          46.6757539,
          24.7094195
        ],
        [
          46.6758711,
          24.709198
        ],
        [
          46.6761526,
          24.7093208
        ],
        [
          46.6760354,
          24.7095424
        ],
        [
          46.6757539,
          24.7094195
        ]
      ]
    ]
  }
},
{
  "type": "Feature",
  "id": "way/663126746",
  "properties": {
    "landuse": "commercial",
    "name": "Mobily",
    "id": "way/663126746"
  },
  "geometry": {
    "type": "Polygon",
    "coordinates": [
      [
        [
          46.6751957,
          24.7097827
        ],
        [
          46.6746456,
          24.7098039
        ],
        [
          46.6751438,
          24.708868
        ],
        [
          46.6755486,
          24.7090519
        ],
        [
          46.6753583,
          24.7094461
        ],
        [
          46.6751957,
          24.7097827
        ]
      ]
    ]
  }
},
{
  "type": "Feature",
  "id": "way/663138130",
  "properties": {
    "landuse": "commercial",
    "name": "Mobily",
    "id": "way/663138130"
  },
  "geometry": {
    "type": "Polygon",
    "coordinates": [
      [
        [
          46.6757512,
          24.7085277
        ],
        [
          46.6753317,
          24.7083731
        ],
        [
          46.6754592,
          24.7081328
        ],
        [
          46.6758654,
          24.708299
        ],
        [
          46.6757512,
          24.7085277
        ]
      ]
    ]
  }
},
{
  "type": "Feature",
  "id": "way/939573189",
  "properties": {
    "building": "yes",
    "layer": "-2",
    "name": "العروبة",
    "name:ar": "العروبة",
    "name:en": "Al Urubah",
    "name:fa": "عروبه",
    "name:ml": "അൽ ഉറൂബ",
    "operator": "Riyadh Transit Network",
    "public_transport": "station",
    "railway": "station",
    "station": "subway",
    "subway": "yes",
    "id": "way/939573189"
  },
  "geometry": {
    "type": "Polygon",
    "coordinates": [
      [
        [
          46.6757401,
          24.7126956
        ],
        [
          46.6748335,
          24.7143671
        ],
        [
          46.6747263,
          24.7143127
        ],
        [
          46.6745546,
          24.7142257
        ],
        [
          46.6754719,
          24.7125835
        ],
        [
          46.6755802,
          24.7126288
        ],
        [
          46.6757401,
          24.7126956
        ]
      ]
    ]
  }
},
{
  "type": "Feature",
  "id": "way/984443070",
  "properties": {
    "building:material": "glass",
    "building:part": "yes",
    "height": "4",
    "layer": "1",
    "min_height": "302",
    "id": "way/984443070"
  },
  "geometry": {
    "type": "Polygon",
    "coordinates": [
      [
        [
          46.6747799,
          24.7114134
        ],
        [
          46.6746883,
          24.7115746
        ],
        [
          46.674618,
          24.7115224
        ],
        [
          46.6745462,
          24.7114761
        ],
        [
          46.6744367,
          24.7114178
        ],
        [
          46.6743401,
          24.7113763
        ],
        [
          46.674226,
          24.7113345
        ],
        [
          46.6741377,
          24.7113067
        ],
        [
          46.6740411,
          24.7112837
        ],
        [
          46.6741314,
          24.7111235
        ],
        [
          46.6741963,
          24.7111644
        ],
        [
          46.6742744,
          24.7112032
        ],
        [
          46.6743724,
          24.7112506
        ],
        [
          46.6744688,
          24.7112919
        ],
        [
          46.6745974,
          24.7113462
        ],
        [
          46.6746952,
          24.7113824
        ],
        [
          46.6747799,
          24.7114134
        ]
      ]
    ]
  }
},
{
  "type": "Feature",
  "id": "way/984456217",
  "properties": {
    "building": "yes",
    "building:levels": "2",
    "height": "9",
    "id": "way/984456217"
  },
  "geometry": {
    "type": "Polygon",
    "coordinates": [
      [
        [
          46.6725008,
          24.7151365
        ],
        [
          46.6728777,
          24.7143874
        ],
        [
          46.6730696,
          24.7144767
        ],
        [
          46.6730741,
          24.7145265
        ],
        [
          46.6727178,
          24.7152298
        ],
        [
          46.6725008,
          24.7151365
        ]
      ]
    ]
  }
},
{
  "type": "Feature",
  "id": "way/984456218",
  "properties": {
    "building": "mosque",
    "building:levels": "2",
    "height": "8",
    "id": "way/984456218"
  },
  "geometry": {
    "type": "Polygon",
    "coordinates": [
      [
        [
          46.6729211,
          24.7139356
        ],
        [
          46.6732346,
          24.7140727
        ],
        [
          46.6730864,
          24.7143539
        ],
        [
          46.6727728,
          24.7142252
        ],
        [
          46.6728323,
          24.7141128
        ],
        [
          46.6728148,
          24.7141041
        ],
        [
          46.672808,
          24.7140944
        ],
        [
          46.6728099,
          24.7140837
        ],
        [
          46.6728163,
          24.7140759
        ],
        [
          46.6728259,
          24.7140731
        ],
        [
          46.6728476,
          24.7140815
        ],
        [
          46.6729211,
          24.7139356
        ]
      ]
    ]
  }
},
{
  "type": "Feature",
  "id": "way/1012414578",
  "properties": {
    "building": "yes",
    "name": "داماك تاورز",
    "id": "way/1012414578"
  },
  "geometry": {
    "type": "Polygon",
    "coordinates": [
      [
        [
          46.6724893,
          24.7091084
        ],
        [
          46.672716,
          24.708671
        ],
        [
          46.6730249,
          24.7088031
        ],
        [
          46.6729234,
          24.708999
        ],
        [
          46.6727982,
          24.7092405
        ],
        [
          46.6724893,
          24.7091084
        ]
      ]
    ]
  }
},
{
  "type": "Feature",
  "id": "way/1012414579",
  "properties": {
    "building": "yes",
    "name": "داماك تاورز",
    "id": "way/1012414579"
  },
  "geometry": {
    "type": "Polygon",
    "coordinates": [
      [
        [
          46.6721884,
          24.7097216
        ],
        [
          46.6723733,
          24.7093506
        ],
        [
          46.6726724,
          24.7094675
        ],
        [
          46.6724961,
          24.7098428
        ],
        [
          46.6721884,
          24.7097216
        ]
      ]
    ]
  }
},
{
  "type": "Feature",
  "id": "way/1012414580",
  "properties": {
    "addr:city": "Riyadh",
    "addr:housenumber": "8508",
    "addr:postcode": "12333",
    "addr:street": "King Fahd Branch Rd",
    "brand": "Hilton",
    "brand:wikidata": "Q598884",
    "brand:wikipedia": "en: Hilton Hotels & Resorts",
    "building": "yes",
    "contact:facebook": "https://www.facebook.com/Hltonolayaruh",
    "contact:instagram": "https://www.instagram.com/hiltonolayaruh/",
    "contact:linkedin": "https://www.linkedin.com/company/hiltonolayaruh/",
    "contact:twitter": "https://twitter.com/HiltonOlayaRUH",
    "email": "ruhkf_res@hilton.com",
    "internet_access": "yes",
    "internet_access:fee": "no",
    "name": "Hilton Riyadh Olaya",
    "operator": "Hilton",
    "phone": "+966 11 272 8800",
    "rooms": "209",
    "stars": "5",
    "tourism": "hotel",
    "website": "https://www.hilton.com/en/hotels/ruhkfhi-hilton-riyadh-olaya/",
    "wheelchair": "yes",
    "id": "way/1012414580"
  },
  "geometry": {
    "type": "Polygon",
    "coordinates": [
      [
        [
          46.6718512,
          24.710305
        ],
        [
          46.6720172,
          24.7099543
        ],
        [
          46.6725213,
          24.7101627
        ],
        [
          46.672347,
          24.7105001
        ],
        [
          46.6718512,
          24.710305
        ]
      ]
    ]
  }
},
{
  "type": "Feature",
  "id": "way/1298512999",
  "properties": {
    "building": "yes",
    "source": "microsoft/BuildingFootprints",
    "id": "way/1298512999"
  },
  "geometry": {
    "type": "Polygon",
    "coordinates": [
      [
        [
          46.6726864,
          24.7086215
        ],
        [
          46.6728482,
          24.7082973
        ],
        [
          46.6732762,
          24.7084735
        ],
        [
          46.6731144,
          24.7087978
        ],
        [
          46.672783,
          24.7086613
        ],
        [
          46.6726864,
          24.7086215
        ]
      ]
    ]
  }
},
{
  "type": "Feature",
  "id": "way/1298768894",
  "properties": {
    "addr:city": "الرياض",
    "addr:postcode": "12333",
    "addr:street": "الملك فهد",
    "building": "commercial",
    "building:levels": "9",
    "name": "برج توليب تور",
    "id": "way/1298768894"
  },
  "geometry": {
    "type": "Polygon",
    "coordinates": [
      [
        [
          46.6712682,
          24.7113525
        ],
        [
          46.6715917,
          24.7106854
        ],
        [
          46.6721367,
          24.7108933
        ],
        [
          46.6718015,
          24.7115601
        ],
        [
          46.6712682,
          24.7113525
        ]
      ]
    ]
  }
},
{
  "type": "Feature",
  "id": "way/1298768897",
  "properties": {
    "addr:city": "الرياض",
    "addr:postcode": "12333",
    "amenity": "bank",
    "building": "yes",
    "name": "بنك باكستان الوطني",
    "source": "microsoft/BuildingFootprints",
    "id": "way/1298768897"
  },
  "geometry": {
    "type": "Polygon",
    "coordinates": [
      [
        [
          46.6734205,
          24.7082968
        ],
        [
          46.6733372,
          24.7084593
        ],
        [
          46.6731544,
          24.7083799
        ],
        [
          46.6732401,
          24.7082152
        ],
        [
          46.6734205,
          24.7082968
        ]
      ]
    ]
  }
},
{
  "type": "Feature",
  "id": "way/1298768898",
  "properties": {
    "amenity": "compressed_air",
    "name": "بنشر",
    "source": "microsoft/BuildingFootprints",
    "id": "way/1298768898"
  },
  "geometry": {
    "type": "Polygon",
    "coordinates": [
      [
        [
          46.6731461,
          24.7083667
        ],
        [
          46.6729642,
          24.7082924
        ],
        [
          46.6730262,
          24.7081723
        ],
        [
          46.6732037,
          24.7082459
        ],
        [
          46.6731461,
          24.7083667
        ]
      ]
    ]
  }
},
{
  "type": "Feature",
  "id": "way/1298781845",
  "properties": {
    "building": "mosque",
    "name": "مصلى",
    "id": "way/1298781845"
  },
  "geometry": {
    "type": "Polygon",
    "coordinates": [
      [
        [
          46.6729089,
          24.7080615
        ],
        [
          46.6729793,
          24.7080908
        ],
        [
          46.6729353,
          24.7081718
        ],
        [
          46.6728635,
          24.7081444
        ],
        [
          46.6729089,
          24.7080615
        ]
      ]
    ]
  }
},
{
  "type": "Feature",
  "id": "way/1298792299",
  "properties": {
    "addr:city": "الرياض",
    "addr:street": "شارع ابن إياس الكناني",
    "building": "house",
    "id": "way/1298792299"
  },
  "geometry": {
    "type": "Polygon",
    "coordinates": [
      [
        [
          46.6715129,
          24.7095881
        ],
        [
          46.6713405,
          24.7095178
        ],
        [
          46.6714206,
          24.7093537
        ],
        [
          46.671594,
          24.7094189
        ],
        [
          46.6715129,
          24.7095881
        ]
      ]
    ]
  }
},
{
  "type": "Feature",
  "id": "way/1298792300",
  "properties": {
    "addr:city": "Riyadh",
    "addr:street": "شارع مظفر السوادي",
    "building": "house",
    "id": "way/1298792300"
  },
  "geometry": {
    "type": "Polygon",
    "coordinates": [
      [
        [
          46.6715974,
          24.709416
        ],
        [
          46.6714175,
          24.7093447
        ],
        [
          46.6714875,
          24.7091882
        ],
        [
          46.67167,
          24.7092639
        ],
        [
          46.6715974,
          24.709416
        ]
      ]
    ]
  }
},
{
  "type": "Feature",
  "id": "way/1298792301",
  "properties": {
    "addr:city": "الرياض",
    "addr:street": "شارع ابن إياس الكناني",
    "building": "house",
    "id": "way/1298792301"
  },
  "geometry": {
    "type": "Polygon",
    "coordinates": [
      [
        [
          46.6713332,
          24.7095151
        ],
        [
          46.6711557,
          24.709442
        ],
        [
          46.6712425,
          24.7092768
        ],
        [
          46.6714151,
          24.7093508
        ],
        [
          46.6713332,
          24.7095151
        ]
      ]
    ]
  }
},
{
  "type": "Feature",
  "id": "way/1298792302",
  "properties": {
    "building": "house",
    "id": "way/1298792302"
  },
  "geometry": {
    "type": "Polygon",
    "coordinates": [
      [
        [
          46.6714128,
          24.7093443
        ],
        [
          46.6712459,
          24.7092732
        ],
        [
          46.6713215,
          24.7091204
        ],
        [
          46.6714815,
          24.7091885
        ],
        [
          46.6714638,
          24.7092306
        ],
        [
          46.6714429,
          24.7092752
        ],
        [
          46.6714128,
          24.7093443
        ]
      ]
    ]
  }
},
{
  "type": "Feature",
  "id": "way/1298960478",
  "properties": {
    "addr:city": "الرياض",
    "addr:street": "شارع الصفوي",
    "building": "yes",
    "source": "microsoft/BuildingFootprints",
    "id": "way/1298960478"
  },
  "geometry": {
    "type": "Polygon",
    "coordinates": [
      [
        [
          46.6718402,
          24.7098198
        ],
        [
          46.6717947,
          24.7099064
        ],
        [
          46.6717748,
          24.7099505
        ],
        [
          46.6717431,
          24.7100112
        ],
        [
          46.6717002,
          24.7101069
        ],
        [
          46.6716594,
          24.7101252
        ],
        [
          46.6713636,
          24.7100065
        ],
        [
          46.6715175,
          24.7096947
        ],
        [
          46.6718402,
          24.7098198
        ]
      ]
    ]
  }
},
{
  "type": "Feature",
  "id": "way/1298960479",
  "properties": {
    "addr:city": "الرياض",
    "addr:street": "شارع ابن إياس الكناني",
    "building": "house",
    "id": "way/1298960479"
  },
  "geometry": {
    "type": "Polygon",
    "coordinates": [
      [
        [
          46.6713589,
          24.7099995
        ],
        [
          46.671124,
          24.7098973
        ],
        [
          46.671207,
          24.7097499
        ],
        [
          46.6714308,
          24.709848
        ],
        [
          46.6713589,
          24.7099995
        ]
      ]
    ]
  }
},
{
  "type": "Feature",
  "id": "way/1298960480",
  "properties": {
    "addr:city": "الرياض",
    "addr:street": "شارع الصفوي",
    "building": "house",
    "id": "way/1298960480"
  },
  "geometry": {
    "type": "Polygon",
    "coordinates": [
      [
        [
          46.6711137,
          24.7098935
        ],
        [
          46.67091,
          24.7098111
        ],
        [
          46.6709871,
          24.7096552
        ],
        [
          46.6711961,
          24.7097428
        ],
        [
          46.6711137,
          24.7098935
        ]
      ]
    ]
  }
},
{
  "type": "Feature",
  "id": "way/1298981685",
  "properties": {
    "addr:city": "الرياض",
    "addr:street": "شارع حوطة بني تميم",
    "building": "house",
    "source": "microsoft/BuildingFootprints",
    "id": "way/1298981685"
  },
  "geometry": {
    "type": "Polygon",
    "coordinates": [
      [
        [
          46.6721724,
          24.7086953
        ],
        [
          46.6722939,
          24.7084757
        ],
        [
          46.672478,
          24.7085547
        ],
        [
          46.6724327,
          24.7086387
        ],
        [
          46.6723998,
          24.7086956
        ],
        [
          46.6723523,
          24.708777
        ],
        [
          46.6721724,
          24.7086953
        ]
      ]
    ]
  }
},
{
  "type": "Feature",
  "id": "way/1298981686",
  "properties": {
    "building": "house",
    "source": "microsoft/BuildingFootprints",
    "id": "way/1298981686"
  },
  "geometry": {
    "type": "Polygon",
    "coordinates": [
      [
        [
          46.6719849,
          24.7086154
        ],
        [
          46.6721025,
          24.7084038
        ],
        [
          46.6722837,
          24.7084752
        ],
        [
          46.672205,
          24.7086259
        ],
        [
          46.6721691,
          24.7086957
        ],
        [
          46.6719849,
          24.7086154
        ]
      ]
    ]
  }
},
{
  "type": "Feature",
  "id": "way/1298981694",
  "properties": {
    "addr:city": "الرياض",
    "addr:street": "شارع حوطة بني تميم",
    "building": "house",
    "source": "microsoft/BuildingFootprints",
    "id": "way/1298981694"
  },
  "geometry": {
    "type": "Polygon",
    "coordinates": [
      [
        [
          46.6725985,
          24.7083176
        ],
        [
          46.6724875,
          24.7085494
        ],
        [
          46.6722775,
          24.7084572
        ],
        [
          46.672387,
          24.7082302
        ],
        [
          46.6725985,
          24.7083176
        ]
      ]
    ]
  }
},
{
  "type": "Feature",
  "id": "way/1299793431",
  "properties": {
    "building": "yes",
    "id": "way/1299793431"
  },
  "geometry": {
    "type": "Polygon",
    "coordinates": [
      [
        [
          46.677141,
          24.7141091
        ],
        [
          46.6771643,
          24.714079
        ],
        [
          46.6771489,
          24.71407
        ],
        [
          46.6773525,
          24.7136767
        ],
        [
          46.6775444,
          24.7137542
        ],
        [
          46.6773357,
          24.7141965
        ],
        [
          46.677141,
          24.7141091
        ]
      ]
    ]
  }
},
{
  "type": "Feature",
  "id": "way/1300168883",
  "properties": {
    "addr:city": "الرياض",
    "addr:street": "شارع حوطة بني تميم",
    "building": "house",
    "id": "way/1300168883"
  },
  "geometry": {
    "type": "Polygon",
    "coordinates": [
      [
        [
          46.671445,
          24.710632
        ],
        [
          46.6712258,
          24.7105373
        ],
        [
          46.6713318,
          24.710337
        ],
        [
          46.6715562,
          24.710429
        ],
        [
          46.671445,
          24.710632
        ]
      ]
    ]
  }
},
{
  "type": "Feature",
  "id": "way/1300168884",
  "properties": {
    "addr:city": "الرياض",
    "addr:street": "شارع حوطة بني تميم",
    "building": "house",
    "id": "way/1300168884"
  },
  "geometry": {
    "type": "Polygon",
    "coordinates": [
      [
        [
          46.6715581,
          24.7104225
        ],
        [
          46.6713325,
          24.7103267
        ],
        [
          46.6714281,
          24.7101353
        ],
        [
          46.6716575,
          24.7102221
        ],
        [
          46.6715581,
          24.7104225
        ]
      ]
    ]
  }
},
{
  "type": "Feature",
  "id": "way/1300168885",
  "properties": {
    "addr:city": "الرياض",
    "addr:street": "شارع هلال بن أمية",
    "building": "house",
    "id": "way/1300168885"
  },
  "geometry": {
    "type": "Polygon",
    "coordinates": [
      [
        [
          46.6712172,
          24.710533
        ],
        [
          46.6710346,
          24.7104556
        ],
        [
          46.6711452,
          24.710253
        ],
        [
          46.6713244,
          24.7103299
        ],
        [
          46.6712172,
          24.710533
        ]
      ]
    ]
  }
},
{
  "type": "Feature",
  "id": "way/1300168886",
  "properties": {
    "addr:city": "الرياض",
    "addr:street": "شارع الصفوي",
    "building": "house",
    "id": "way/1300168886"
  },
  "geometry": {
    "type": "Polygon",
    "coordinates": [
      [
        [
          46.6711487,
          24.7102466
        ],
        [
          46.6712481,
          24.7100468
        ],
        [
          46.6714209,
          24.7101296
        ],
        [
          46.6713257,
          24.7103193
        ],
        [
          46.6711487,
          24.7102466
        ]
      ]
    ]
  }
},
{
  "type": "Feature",
  "id": "way/1300168887",
  "properties": {
    "addr:city": "الرياض",
    "addr:street": "شارع هلال بن أمية",
    "building": "house",
    "id": "way/1300168887"
  },
  "geometry": {
    "type": "Polygon",
    "coordinates": [
      [
        [
          46.6710286,
          24.7104491
        ],
        [
          46.6708608,
          24.710384
        ],
        [
          46.6709676,
          24.7101761
        ],
        [
          46.6711418,
          24.7102488
        ],
        [
          46.6710286,
          24.7104491
        ]
      ]
    ]
  }
},
{
  "type": "Feature",
  "id": "way/1300168888",
  "properties": {
    "addr:city": "الرياض",
    "addr:street": "شارع الصفوي",
    "building": "house",
    "id": "way/1300168888"
  },
  "geometry": {
    "type": "Polygon",
    "coordinates": [
      [
        [
          46.6711428,
          24.7102471
        ],
        [
          46.6709598,
          24.7101686
        ],
        [
          46.6710501,
          24.7099701
        ],
        [
          46.6712423,
          24.7100445
        ],
        [
          46.6712116,
          24.7101026
        ],
        [
          46.6711428,
          24.7102471
        ]
      ]
    ]
  }
},
{
  "type": "Feature",
  "id": "way/1300168903",
  "properties": {
    "addr:city": "الرياض",
    "addr:street": "شارع ابن إياس الكناني",
    "building": "house",
    "id": "way/1300168903"
  },
  "geometry": {
    "type": "Polygon",
    "coordinates": [
      [
        [
          46.6714406,
          24.7098437
        ],
        [
          46.6712055,
          24.7097447
        ],
        [
          46.6712821,
          24.7095956
        ],
        [
          46.6715143,
          24.7096909
        ],
        [
          46.6714994,
          24.7097207
        ],
        [
          46.6714406,
          24.7098437
        ]
      ]
    ]
  }
},
{
  "type": "Feature",
  "id": "way/1300168904",
  "properties": {
    "addr:city": "الرياض",
    "addr:street": "شارع ابن إياس الكناني",
    "building": "house",
    "id": "way/1300168904"
  },
  "geometry": {
    "type": "Polygon",
    "coordinates": [
      [
        [
          46.6712013,
          24.7097398
        ],
        [
          46.6709917,
          24.7096511
        ],
        [
          46.6710722,
          24.7095004
        ],
        [
          46.671283,
          24.7095899
        ],
        [
          46.6712605,
          24.7096267
        ],
        [
          46.6712013,
          24.7097398
        ]
      ]
    ]
  }
},
{
  "type": "Feature",
  "id": "way/1300173658",
  "properties": {
    "addr:city": "الرياض",
    "addr:street": "شارع ابن إياس الكناني",
    "building": "apartments",
    "id": "way/1300173658"
  },
  "geometry": {
    "type": "Polygon",
    "coordinates": [
      [
        [
          46.6717103,
          24.7096571
        ],
        [
          46.6715237,
          24.7095825
        ],
        [
          46.6715989,
          24.7094244
        ],
        [
          46.6717966,
          24.7095088
        ],
        [
          46.671723,
          24.7096614
        ],
        [
          46.6717103,
          24.7096571
        ]
      ]
    ]
  }
},
{
  "type": "Feature",
  "id": "way/1300173659",
  "properties": {
    "addr:city": "الرياض",
    "addr:street": "شارع مظفر السوادي",
    "building": "house",
    "id": "way/1300173659"
  },
  "geometry": {
    "type": "Polygon",
    "coordinates": [
      [
        [
          46.6717971,
          24.7095011
        ],
        [
          46.671603,
          24.7094168
        ],
        [
          46.6716805,
          24.7092655
        ],
        [
          46.6718785,
          24.7093446
        ],
        [
          46.6717971,
          24.7095011
        ]
      ]
    ]
  }
},
{
  "type": "Feature",
  "id": "way/1300173660",
  "properties": {
    "addr:city": "الرياض",
    "addr:street": "شارع ابن إياس الكناني",
    "building": "house",
    "id": "way/1300173660"
  },
  "geometry": {
    "type": "Polygon",
    "coordinates": [
      [
        [
          46.6711493,
          24.7094401
        ],
        [
          46.6709801,
          24.7093669
        ],
        [
          46.6710605,
          24.7091997
        ],
        [
          46.6712396,
          24.709275
        ],
        [
          46.6712057,
          24.7093369
        ],
        [
          46.6711493,
          24.7094401
        ]
      ]
    ]
  }
},
{
  "type": "Feature",
  "id": "way/1300173661",
  "properties": {
    "addr:city": "الرياض",
    "addr:street": "شارع مظفر السوادي",
    "building": "house",
    "id": "way/1300173661"
  },
  "geometry": {
    "type": "Polygon",
    "coordinates": [
      [
        [
          46.6712397,
          24.7092707
        ],
        [
          46.6710604,
          24.7091972
        ],
        [
          46.671146,
          24.709039
        ],
        [
          46.6713202,
          24.7091146
        ],
        [
          46.6712397,
          24.7092707
        ]
      ]
    ]
  }
},
{
  "type": "Feature",
  "id": "way/1300188037",
  "properties": {
    "addr:city": "الرياض",
    "addr:street": "شارع مظفر السوادي",
    "building": "house",
    "id": "way/1300188037"
  },
  "geometry": {
    "type": "Polygon",
    "coordinates": [
      [
        [
          46.6708907,
          24.7091231
        ],
        [
          46.6709734,
          24.7089687
        ],
        [
          46.6711404,
          24.7090386
        ],
        [
          46.671056,
          24.7091919
        ],
        [
          46.6708907,
          24.7091231
        ]
      ]
    ]
  }
},
{
  "type": "Feature",
  "id": "way/1300188046",
  "properties": {
    "addr:city": "الرياض",
    "addr:street": "شارع حوطة بني تميم",
    "building": "yes",
    "source": "microsoft/BuildingFootprints",
    "id": "way/1300188046"
  },
  "geometry": {
    "type": "Polygon",
    "coordinates": [
      [
        [
          46.6719711,
          24.7095834
        ],
        [
          46.6718954,
          24.7097295
        ],
        [
          46.6717315,
          24.7096648
        ],
        [
          46.6718053,
          24.7095118
        ],
        [
          46.6719711,
          24.7095834
        ]
      ]
    ]
  }
},
{
  "type": "Feature",
  "id": "way/1300188047",
  "properties": {
    "addr:city": "الرياض",
    "addr:street": "شارع مظفر السوادي",
    "building": "yes",
    "id": "way/1300188047"
  },
  "geometry": {
    "type": "Polygon",
    "coordinates": [
      [
        [
          46.6719891,
          24.7095731
        ],
        [
          46.6718066,
          24.7094959
        ],
        [
          46.671883,
          24.7093488
        ],
        [
          46.6720602,
          24.7094278
        ],
        [
          46.6719891,
          24.7095731
        ]
      ]
    ]
  }
},
{
  "type": "Feature",
  "id": "way/1300188048",
  "properties": {
    "addr:city": "الرياض",
    "addr:street": "شارع مظفر السوادي",
    "landuse": "residential",
    "residential": "apartments",
    "id": "way/1300188048"
  },
  "geometry": {
    "type": "Polygon",
    "coordinates": [
      [
        [
          46.6718783,
          24.7092534
        ],
        [
          46.6716978,
          24.7091775
        ],
        [
          46.6718253,
          24.7089291
        ],
        [
          46.6720045,
          24.7090029
        ],
        [
          46.6718783,
          24.7092534
        ]
      ]
    ]
  }
},
{
  "type": "Feature",
  "id": "way/1300188049",
  "properties": {
    "addr:city": "الرياض",
    "addr:street": "شارع مظفر السوادي",
    "landuse": "residential",
    "residential": "apartments",
    "id": "way/1300188049"
  },
  "geometry": {
    "type": "Polygon",
    "coordinates": [
      [
        [
          46.6720757,
          24.709331
        ],
        [
          46.6718919,
          24.7092563
        ],
        [
          46.6719696,
          24.7090958
        ],
        [
          46.6721543,
          24.7091774
        ],
        [
          46.6720757,
          24.709331
        ]
      ]
    ]
  }
},
{
  "type": "Feature",
  "id": "way/1300188050",
  "properties": {
    "addr:city": "الرياض",
    "addr:street": "شارع حوطة بني تميم",
    "landuse": "residential",
    "residential": "apartments",
    "id": "way/1300188050"
  },
  "geometry": {
    "type": "Polygon",
    "coordinates": [
      [
        [
          46.6721694,
          24.709155
        ],
        [
          46.6720129,
          24.7090864
        ],
        [
          46.6720699,
          24.7089635
        ],
        [
          46.6722343,
          24.709034
        ],
        [
          46.6721694,
          24.709155
        ]
      ]
    ]
  }
},
{
  "type": "Feature",
  "id": "way/1300203589",
  "properties": {
    "addr:city": "الرياض",
    "addr:street": "شارع مظفر السوادي",
    "building": "house",
    "height": "0",
    "id": "way/1300203589"
  },
  "geometry": {
    "type": "Polygon",
    "coordinates": [
      [
        [
          46.6716904,
          24.7091695
        ],
        [
          46.6715285,
          24.7090995
        ],
        [
          46.6716497,
          24.7088632
        ],
        [
          46.6718171,
          24.708937
        ],
        [
          46.6716904,
          24.7091695
        ]
      ]
    ]
  }
},
{
  "type": "Feature",
  "id": "way/1300203590",
  "properties": {
    "addr:city": "الرياض",
    "addr:street": "شارع مظفر السوادي",
    "building": "house",
    "id": "way/1300203590"
  },
  "geometry": {
    "type": "Polygon",
    "coordinates": [
      [
        [
          46.6715182,
          24.7090924
        ],
        [
          46.6713696,
          24.7090258
        ],
        [
          46.6714963,
          24.7087988
        ],
        [
          46.6716437,
          24.7088599
        ],
        [
          46.6715182,
          24.7090924
        ]
      ]
    ]
  }
},
{
  "type": "Feature",
  "id": "way/1300203591",
  "properties": {
    "addr:city": "الرياض",
    "addr:street": "شارع مظفر السوادي",
    "building": "house",
    "id": "way/1300203591"
  },
  "geometry": {
    "type": "Polygon",
    "coordinates": [
      [
        [
          46.6713593,
          24.7090236
        ],
        [
          46.671183,
          24.7089474
        ],
        [
          46.6713037,
          24.7087165
        ],
        [
          46.6714901,
          24.7087996
        ],
        [
          46.6713593,
          24.7090236
        ]
      ]
    ]
  }
},
{
  "type": "Feature",
  "id": "way/1300203592",
  "properties": {
    "landuse": "residential",
    "residential": "apartments",
    "id": "way/1300203592"
  },
  "geometry": {
    "type": "Polygon",
    "coordinates": [
      [
        [
          46.6711676,
          24.7089483
        ],
        [
          46.6708441,
          24.7088126
        ],
        [
          46.6709648,
          24.7085766
        ],
        [
          46.6712985,
          24.7087091
        ],
        [
          46.6711676,
          24.7089483
        ]
      ]
    ]
  }
},
{
  "type": "Feature",
  "id": "way/1300203595",
  "properties": {
    "addr:city": "الرياض",
    "addr:street": "شارع أبي المفاخر الحموي",
    "building": "yes",
    "id": "way/1300203595"
  },
  "geometry": {
    "type": "Polygon",
    "coordinates": [
      [
        [
          46.6722388,
          24.70902
        ],
        [
          46.6720314,
          24.7089324
        ],
        [
          46.672112,
          24.7087738
        ],
        [
          46.6723255,
          24.7088663
        ],
        [
          46.6722388,
          24.70902
        ]
      ]
    ]
  }
},
{
  "type": "Feature",
  "id": "way/1300203596",
  "properties": {
    "addr:city": "الرياض",
    "addr:street": "شارع أبي المفاخر الحموي",
    "building": "house",
    "id": "way/1300203596"
  },
  "geometry": {
    "type": "Polygon",
    "coordinates": [
      [
        [
          46.6719951,
          24.7089858
        ],
        [
          46.6718338,
          24.7089186
        ],
        [
          46.6719508,
          24.7087005
        ],
        [
          46.6721024,
          24.7087693
        ],
        [
          46.6719951,
          24.7089858
        ]
      ]
    ]
  }
},
{
  "type": "Feature",
  "id": "way/1300203597",
  "properties": {
    "addr:city": "الرياض",
    "addr:street": "شارع أبي المفاخر الحموي",
    "building": "house",
    "id": "way/1300203597"
  },
  "geometry": {
    "type": "Polygon",
    "coordinates": [
      [
        [
          46.6718259,
          24.7089186
        ],
        [
          46.6716907,
          24.7088608
        ],
        [
          46.6718077,
          24.7086394
        ],
        [
          46.6719466,
          24.7086977
        ],
        [
          46.6718259,
          24.7089186
        ]
      ]
    ]
  }
},
{
  "type": "Feature",
  "id": "way/1300203598",
  "properties": {
    "addr:city": "الرياض",
    "addr:street": "شارع أبي المفاخر الحموي",
    "building": "house",
    "id": "way/1300203598"
  },
  "geometry": {
    "type": "Polygon",
    "coordinates": [
      [
        [
          46.6716792,
          24.7088668
        ],
        [
          46.6715336,
          24.7088051
        ],
        [
          46.6716531,
          24.7085727
        ],
        [
          46.6718016,
          24.7086388
        ],
        [
          46.6716792,
          24.7088668
        ]
      ]
    ]
  }
},
{
  "type": "Feature",
  "id": "way/1300203599",
  "properties": {
    "addr:city": "الرياض",
    "addr:street": "شارع أبي المفاخر الحموي",
    "building": "house",
    "id": "way/1300203599"
  },
  "geometry": {
    "type": "Polygon",
    "coordinates": [
      [
        [
          46.6715288,
          24.7088023
        ],
        [
          46.6714014,
          24.7087468
        ],
        [
          46.6715231,
          24.7085196
        ],
        [
          46.6716463,
          24.7085737
        ],
        [
          46.6715288,
          24.7088023
        ]
      ]
    ]
  }
},
{
  "type": "Feature",
  "id": "way/1300203600",
  "properties": {
    "addr:city": "الرياض",
    "addr:street": "شارع أبي المفاخر الحموي",
    "building": "house",
    "id": "way/1300203600"
  },
  "geometry": {
    "type": "Polygon",
    "coordinates": [
      [
        [
          46.6713988,
          24.7087445
        ],
        [
          46.6712741,
          24.7086903
        ],
        [
          46.6713938,
          24.7084651
        ],
        [
          46.6715175,
          24.708522
        ],
        [
          46.6713988,
          24.7087445
        ]
      ]
    ]
  }
},
{
  "type": "Feature",
  "id": "way/1300203601",
  "properties": {
    "addr:city": "الرياض",
    "addr:street": "شارع أبي المفاخر الحموي",
    "building": "house",
    "id": "way/1300203601"
  },
  "geometry": {
    "type": "Polygon",
    "coordinates": [
      [
        [
          46.6712674,
          24.7086927
        ],
        [
          46.6711144,
          24.7086297
        ],
        [
          46.6712284,
          24.7083919
        ],
        [
          46.6713886,
          24.7084609
        ],
        [
          46.6712674,
          24.7086927
        ]
      ]
    ]
  }
},
{
  "type": "Feature",
  "id": "way/1300203602",
  "properties": {
    "addr:city": "الرياض",
    "addr:street": "شارع أبي المفاخر الحموي",
    "building": "house",
    "id": "way/1300203602"
  },
  "geometry": {
    "type": "Polygon",
    "coordinates": [
      [
        [
          46.6711093,
          24.7086283
        ],
        [
          46.670964,
          24.7085681
        ],
        [
          46.6710836,
          24.7083303
        ],
        [
          46.6712217,
          24.7083909
        ],
        [
          46.6711093,
          24.7086283
        ]
      ]
    ]
  }
},
{
  "type": "Feature",
  "id": "way/1300213939",
  "properties": {
    "addr:city": "الرياض",
    "addr:street": "شارع أبي المفاخر الحموي",
    "building": "house",
    "id": "way/1300213939"
  },
  "geometry": {
    "type": "Polygon",
    "coordinates": [
      [
        [
          46.6719793,
          24.7086137
        ],
        [
          46.6718155,
          24.7085459
        ],
        [
          46.6719305,
          24.7083243
        ],
        [
          46.6720959,
          24.708397
        ],
        [
          46.6719793,
          24.7086137
        ]
      ]
    ]
  }
},
{
  "type": "Feature",
  "id": "way/1300213940",
  "properties": {
    "addr:city": "الرياض",
    "addr:street": "شارع أبي المفاخر الحموي",
    "building": "house",
    "id": "way/1300213940"
  },
  "geometry": {
    "type": "Polygon",
    "coordinates": [
      [
        [
          46.6718155,
          24.7085459
        ],
        [
          46.6716299,
          24.7084659
        ],
        [
          46.6717418,
          24.7082405
        ],
        [
          46.6719284,
          24.7083209
        ],
        [
          46.6718155,
          24.7085459
        ]
      ]
    ]
  }
},
{
  "type": "Feature",
  "id": "way/1300213941",
  "properties": {
    "addr:city": "الرياض",
    "addr:street": "شارع أبي المفاخر الحموي",
    "building": "house",
    "id": "way/1300213941"
  },
  "geometry": {
    "type": "Polygon",
    "coordinates": [
      [
        [
          46.6716252,
          24.708464
        ],
        [
          46.6714566,
          24.7083961
        ],
        [
          46.6715748,
          24.7081658
        ],
        [
          46.6717391,
          24.708241
        ],
        [
          46.6716252,
          24.708464
        ]
      ]
    ]
  }
},
{
  "type": "Feature",
  "id": "way/1300213942",
  "properties": {
    "addr:city": "الرياض",
    "addr:street": "شارع أبي المفاخر الحموي",
    "building": "house",
    "id": "way/1300213942"
  },
  "geometry": {
    "type": "Polygon",
    "coordinates": [
      [
        [
          46.6714491,
          24.7083946
        ],
        [
          46.6712895,
          24.7083263
        ],
        [
          46.6714098,
          24.7081013
        ],
        [
          46.6715719,
          24.708166
        ],
        [
          46.6714491,
          24.7083946
        ]
      ]
    ]
  }
},
{
  "type": "Feature",
  "id": "way/1300213943",
  "properties": {
    "addr:city": "الرياض",
    "addr:street": "شارع أبي المفاخر الحموي",
    "building": "house",
    "id": "way/1300213943"
  },
  "geometry": {
    "type": "Polygon",
    "coordinates": [
      [
        [
          46.6712864,
          24.7083266
        ],
        [
          46.6711136,
          24.7082534
        ],
        [
          46.6712351,
          24.7080283
        ],
        [
          46.6714048,
          24.7081022
        ],
        [
          46.6712864,
          24.7083266
        ]
      ]
    ]
  }
},
{
  "type": "Feature",
  "id": "way/1300213944",
  "properties": {
    "addr:city": "الرياض",
    "addr:street": "شارع أبي المفاخر الحموي",
    "building": "house",
    "id": "way/1300213944"
  },
  "geometry": {
    "type": "Polygon",
    "coordinates": [
      [
        [
          46.6711117,
          24.7082529
        ],
        [
          46.6709643,
          24.708186
        ],
        [
          46.6710819,
          24.7079612
        ],
        [
          46.6712322,
          24.7080253
        ],
        [
          46.6711117,
          24.7082529
        ]
      ]
    ]
  }
},
{
  "type": "Feature",
  "id": "way/1300213947",
  "properties": {
    "addr:city": "الرياض",
    "addr:street": "شارع الحسامي",
    "building": "house",
    "id": "way/1300213947"
  },
  "geometry": {
    "type": "Polygon",
    "coordinates": [
      [
        [
          46.6714069,
          24.7080987
        ],
        [
          46.6712432,
          24.708026
        ],
        [
          46.6713628,
          24.707798
        ],
        [
          46.6715309,
          24.7078666
        ],
        [
          46.6714069,
          24.7080987
        ]
      ]
    ]
  }
},
{
  "type": "Feature",
  "id": "way/1300213948",
  "properties": {
    "addr:city": "الرياض",
    "addr:street": "شارع الحسامي",
    "building": "house",
    "id": "way/1300213948"
  },
  "geometry": {
    "type": "Polygon",
    "coordinates": [
      [
        [
          46.6715813,
          24.7081669
        ],
        [
          46.6714131,
          24.708097
        ],
        [
          46.6715348,
          24.7078673
        ],
        [
          46.6717034,
          24.7079418
        ],
        [
          46.6715813,
          24.7081669
        ]
      ]
    ]
  }
},
{
  "type": "Feature",
  "id": "way/1300213949",
  "properties": {
    "addr:city": "الرياض",
    "addr:street": "شارع الحسامي",
    "building": "house",
    "id": "way/1300213949"
  },
  "geometry": {
    "type": "Polygon",
    "coordinates": [
      [
        [
          46.671752,
          24.7082395
        ],
        [
          46.6715889,
          24.7081678
        ],
        [
          46.6717089,
          24.7079447
        ],
        [
          46.6718724,
          24.7080106
        ],
        [
          46.671752,
          24.7082395
        ]
      ]
    ]
  }
},
{
  "type": "Feature",
  "id": "way/1300213950",
  "properties": {
    "addr:city": "الرياض",
    "addr:street": "شارع الحسامي",
    "building": "house",
    "id": "way/1300213950"
  },
  "geometry": {
    "type": "Polygon",
    "coordinates": [
      [
        [
          46.6719295,
          24.7083144
        ],
        [
          46.6717564,
          24.70824
        ],
        [
          46.6718769,
          24.7080122
        ],
        [
          46.6720458,
          24.7080857
        ],
        [
          46.6719295,
          24.7083144
        ]
      ]
    ]
  }
},
{
  "type": "Feature",
  "id": "way/1300213951",
  "properties": {
    "addr:city": "الرياض",
    "addr:street": "شارع الحسامي",
    "building": "house",
    "id": "way/1300213951"
  },
  "geometry": {
    "type": "Polygon",
    "coordinates": [
      [
        [
          46.672102,
          24.708389
        ],
        [
          46.671935,
          24.7083163
        ],
        [
          46.6720521,
          24.7080813
        ],
        [
          46.6722196,
          24.7081576
        ],
        [
          46.672102,
          24.708389
        ]
      ]
    ]
  }
},
{
  "type": "Feature",
  "id": "way/1300213952",
  "properties": {
    "addr:city": "الرياض",
    "addr:street": "شارع الحسامي",
    "building": "house",
    "id": "way/1300213952"
  },
  "geometry": {
    "type": "Polygon",
    "coordinates": [
      [
        [
          46.6722666,
          24.7084553
        ],
        [
          46.6721074,
          24.7083907
        ],
        [
          46.6722241,
          24.7081555
        ],
        [
          46.672381,
          24.7082244
        ],
        [
          46.6722666,
          24.7084553
        ]
      ]
    ]
  }
},
{
  "type": "Feature",
  "id": "way/1300222820",
  "properties": {
    "addr:city": "الرياض",
    "addr:street": "شارع حوطة بني تميم",
    "building": "yes",
    "id": "way/1300222820"
  },
  "geometry": {
    "type": "Polygon",
    "coordinates": [
      [
        [
          46.6726408,
          24.7082388
        ],
        [
          46.6724686,
          24.7081634
        ],
        [
          46.6725921,
          24.7079188
        ],
        [
          46.6727634,
          24.7079926
        ],
        [
          46.6726489,
          24.7082229
        ],
        [
          46.6726408,
          24.7082388
        ]
      ]
    ]
  }
},
{
  "type": "Feature",
  "id": "way/1300222821",
  "properties": {
    "addr:city": "الرياض",
    "addr:street": "شارع الرابية",
    "building": "house",
    "id": "way/1300222821"
  },
  "geometry": {
    "type": "Polygon",
    "coordinates": [
      [
        [
          46.6724598,
          24.708164
        ],
        [
          46.6722867,
          24.7080901
        ],
        [
          46.6724133,
          24.7078459
        ],
        [
          46.6725911,
          24.7079161
        ],
        [
          46.6724598,
          24.708164
        ]
      ]
    ]
  }
},
{
  "type": "Feature",
  "id": "way/1300222822",
  "properties": {
    "addr:city": "الرياض",
    "addr:street": "شارع الرابية",
    "building": "house",
    "id": "way/1300222822"
  },
  "geometry": {
    "type": "Polygon",
    "coordinates": [
      [
        [
          46.672279,
          24.708086
        ],
        [
          46.6721461,
          24.7080309
        ],
        [
          46.6720933,
          24.7080091
        ],
        [
          46.6722133,
          24.7077566
        ],
        [
          46.6724095,
          24.707838
        ],
        [
          46.672279,
          24.708086
        ]
      ]
    ]
  }
},
{
  "type": "Feature",
  "id": "way/1300526095",
  "properties": {
    "addr:city": "الرياض",
    "addr:street": "شارع هلال بن أمية",
    "building": "commercial",
    "id": "way/1300526095"
  },
  "geometry": {
    "type": "Polygon",
    "coordinates": [
      [
        [
          46.6708886,
          24.7111797
        ],
        [
          46.6707346,
          24.7111141
        ],
        [
          46.6710097,
          24.7105816
        ],
        [
          46.6711636,
          24.7106472
        ],
        [
          46.6708886,
          24.7111797
        ]
      ]
    ]
  }
},
{
  "type": "Feature",
  "id": "way/1300526096",
  "properties": {
    "addr:city": "الرياض",
    "addr:street": "شارع حوطة بني تميم",
    "building": "commercial",
    "id": "way/1300526096"
  },
  "geometry": {
    "type": "Polygon",
    "coordinates": [
      [
        [
          46.6710968,
          24.7112765
        ],
        [
          46.6709013,
          24.7111942
        ],
        [
          46.6711744,
          24.7106588
        ],
        [
          46.6713699,
          24.7107411
        ],
        [
          46.6710968,
          24.7112765
        ]
      ]
    ]
  }
},
{
  "type": "Feature",
  "id": "way/1300679423",
  "properties": {
    "addr:city": "Riyadh",
    "addr:street": "وادي الثمامة",
    "building": "yes",
    "id": "way/1300679423"
  },
  "geometry": {
    "type": "Polygon",
    "coordinates": [
      [
        [
          46.6762121,
          24.7090317
        ],
        [
          46.6759392,
          24.7089184
        ],
        [
          46.6760341,
          24.7087297
        ],
        [
          46.676307,
          24.7088429
        ],
        [
          46.6762121,
          24.7090317
        ]
      ]
    ]
  }
},
{
  "type": "Feature",
  "id": "way/1300679424",
  "properties": {
    "addr:city": "الرياض",
    "addr:street": "وادي الثمامة",
    "building": "yes",
    "id": "way/1300679424"
  },
  "geometry": {
    "type": "Polygon",
    "coordinates": [
      [
        [
          46.6763423,
          24.7087561
        ],
        [
          46.6760894,
          24.7086486
        ],
        [
          46.6762912,
          24.7082568
        ],
        [
          46.6765441,
          24.7083643
        ],
        [
          46.6763423,
          24.7087561
        ]
      ]
    ]
  }
},
{
  "type": "Feature",
  "id": "way/1300679425",
  "properties": {
    "amenity": "parking_space",
    "id": "way/1300679425"
  },
  "geometry": {
    "type": "Polygon",
    "coordinates": [
      [
        [
          46.6758207,
          24.7082574
        ],
        [
          46.6754291,
          24.7080847
        ],
        [
          46.6756918,
          24.707593
        ],
        [
          46.6760835,
          24.7077658
        ],
        [
          46.6758207,
          24.7082574
        ]
      ]
    ]
  }
},
{
  "type": "Feature",
  "id": "way/1300679426",
  "properties": {
    "addr:city": "الرياض",
    "addr:street": "الملك فهد",
    "building": "commercial",
    "id": "way/1300679426"
  },
  "geometry": {
    "type": "Polygon",
    "coordinates": [
      [
        [
          46.6744244,
          24.7082939
        ],
        [
          46.6745398,
          24.708074
        ],
        [
          46.6747864,
          24.7081807
        ],
        [
          46.674759,
          24.7082329
        ],
        [
          46.6748982,
          24.7082932
        ],
        [
          46.6749373,
          24.708279
        ],
        [
          46.6750862,
          24.7079552
        ],
        [
          46.6752958,
          24.7076616
        ],
        [
          46.6752664,
          24.7076046
        ],
        [
          46.6750803,
          24.7075139
        ],
        [
          46.6750313,
          24.707537
        ],
        [
          46.6748504,
          24.7074601
        ],
        [
          46.6749222,
          24.7073207
        ],
        [
          46.6754564,
          24.7075477
        ],
        [
          46.6754799,
          24.7076135
        ],
        [
          46.6750313,
          24.7084872
        ],
        [
          46.6749824,
          24.708505
        ],
        [
          46.6749365,
          24.7084851
        ],
        [
          46.6749235,
          24.70851
        ],
        [
          46.6744244,
          24.7082939
        ]
      ]
    ]
  }
},
{
  "type": "Feature",
  "id": "way/1300679428",
  "properties": {
    "amenity": "cafe",
    "building": "yes",
    "cuisine": "coffee_shop",
    "id": "way/1300679428"
  },
  "geometry": {
    "type": "Polygon",
    "coordinates": [
      [
        [
          46.6747286,
          24.7080976
        ],
        [
          46.6746155,
          24.7080241
        ],
        [
          46.6747563,
          24.7078454
        ],
        [
          46.6748695,
          24.707919
        ],
        [
          46.6747286,
          24.7080976
        ]
      ]
    ]
  }
},
{
  "type": "Feature",
  "id": "way/1300692241",
  "properties": {
    "building": "yes",
    "id": "way/1300692241"
  },
  "geometry": {
    "type": "Polygon",
    "coordinates": [
      [
        [
          46.6728747,
          24.7083022
        ],
        [
          46.6728275,
          24.7082828
        ],
        [
          46.6728923,
          24.7081602
        ],
        [
          46.6729381,
          24.7081793
        ],
        [
          46.6728747,
          24.7083022
        ]
      ]
    ]
  }
},
{
  "type": "Feature",
  "id": "way/1301246320",
  "properties": {
    "addr:city": "الرياض",
    "addr:street": "شارع خالد بن يزيد بن معاوية",
    "building": "yes",
    "tourism": "hotel",
    "id": "way/1301246320"
  },
  "geometry": {
    "type": "Polygon",
    "coordinates": [
      [
        [
          46.6780662,
          24.708974
        ],
        [
          46.677781,
          24.7088597
        ],
        [
          46.6779983,
          24.7084126
        ],
        [
          46.6782834,
          24.7085269
        ],
        [
          46.6780662,
          24.708974
        ]
      ]
    ]
  }
},
{
  "type": "Feature",
  "id": "way/1301246321",
  "properties": {
    "addr:city": "الرياض",
    "addr:street": "طريق العليا العام",
    "building": "yes",
    "id": "way/1301246321"
  },
  "geometry": {
    "type": "Polygon",
    "coordinates": [
      [
        [
          46.6776956,
          24.709025
        ],
        [
          46.6777513,
          24.7089101
        ],
        [
          46.6780293,
          24.7090212
        ],
        [
          46.6779737,
          24.7091361
        ],
        [
          46.6776956,
          24.709025
        ]
      ]
    ]
  }
},
{
  "type": "Feature",
  "id": "way/1301246324",
  "properties": {
    "addr:city": "الرياض",
    "addr:street": "عبدالله بن زمعة",
    "building": "yes",
    "id": "way/1301246324"
  },
  "geometry": {
    "type": "Polygon",
    "coordinates": [
      [
        [
          46.6782235,
          24.7096322
        ],
        [
          46.677939,
          24.7095161
        ],
        [
          46.6780987,
          24.7091929
        ],
        [
          46.6783832,
          24.709309
        ],
        [
          46.6782235,
          24.7096322
        ]
      ]
    ]
  }
},
{
  "type": "Feature",
  "id": "way/1301246325",
  "properties": {
    "addr:city": "الرياض",
    "addr:street": "طريق العليا العام",
    "building": "yes",
    "id": "way/1301246325"
  },
  "geometry": {
    "type": "Polygon",
    "coordinates": [
      [
        [
          46.6779403,
          24.7093569
        ],
        [
          46.6776156,
          24.709228
        ],
        [
          46.6776939,
          24.7090652
        ],
        [
          46.6780186,
          24.7091942
        ],
        [
          46.6779403,
          24.7093569
        ]
      ]
    ]
  }
},
{
  "type": "Feature",
  "id": "way/1301246326",
  "properties": {
    "addr:city": "الرياض",
    "addr:street": "طريق العليا العام",
    "building": "yes",
    "id": "way/1301246326"
  },
  "geometry": {
    "type": "Polygon",
    "coordinates": [
      [
        [
          46.6777479,
          24.7096773
        ],
        [
          46.6774591,
          24.7095526
        ],
        [
          46.677537,
          24.7094036
        ],
        [
          46.6778258,
          24.7095284
        ],
        [
          46.6777479,
          24.7096773
        ]
      ]
    ]
  }
},
{
  "type": "Feature",
  "id": "way/1301246327",
  "properties": {
    "addr:city": "الرياض",
    "addr:street": "طريق العليا العام",
    "building": "yes",
    "id": "way/1301246327"
  },
  "geometry": {
    "type": "Polygon",
    "coordinates": [
      [
        [
          46.6778093,
          24.7094767
        ],
        [
          46.6775323,
          24.7093577
        ],
        [
          46.6775943,
          24.7092385
        ],
        [
          46.6778714,
          24.7093576
        ],
        [
          46.6778093,
          24.7094767
        ]
      ]
    ]
  }
},
{
  "type": "Feature",
  "id": "way/1301246328",
  "properties": {
    "building": "office",
    "id": "way/1301246328"
  },
  "geometry": {
    "type": "Polygon",
    "coordinates": [
      [
        [
          46.6777531,
          24.7100736
        ],
        [
          46.6773165,
          24.7098881
        ],
        [
          46.6773339,
          24.7098542
        ],
        [
          46.677303,
          24.7098411
        ],
        [
          46.6773212,
          24.7098059
        ],
        [
          46.6773082,
          24.7098003
        ],
        [
          46.6773954,
          24.7096308
        ],
        [
          46.6774284,
          24.7096448
        ],
        [
          46.6774471,
          24.7096085
        ],
        [
          46.6778947,
          24.7097987
        ],
        [
          46.6778822,
          24.7098229
        ],
        [
          46.677914,
          24.7098364
        ],
        [
          46.6778937,
          24.7098759
        ],
        [
          46.6779174,
          24.709886
        ],
        [
          46.6778447,
          24.7100271
        ],
        [
          46.6778261,
          24.7100192
        ],
        [
          46.6778118,
          24.7100469
        ],
        [
          46.6777749,
          24.7100312
        ],
        [
          46.6777531,
          24.7100736
        ]
      ]
    ]
  }
},
{
  "type": "Feature",
  "id": "way/1301246332",
  "properties": {
    "addr:city": "riyadh",
    "addr:street": "زهير رستم",
    "building": "house",
    "id": "way/1301246332"
  },
  "geometry": {
    "type": "Polygon",
    "coordinates": [
      [
        [
          46.6769815,
          24.713303
        ],
        [
          46.6768069,
          24.7132273
        ],
        [
          46.6768872,
          24.7130745
        ],
        [
          46.6770617,
          24.7131501
        ],
        [
          46.6769815,
          24.713303
        ]
      ]
    ]
  }
},
{
  "type": "Feature",
  "id": "way/1301246333",
  "properties": {
    "addr:city": "riyadh",
    "addr:street": "عبدالله بن زمعة",
    "building": "house",
    "id": "way/1301246333"
  },
  "geometry": {
    "type": "Polygon",
    "coordinates": [
      [
        [
          46.6767684,
          24.7132289
        ],
        [
          46.6765726,
          24.7131449
        ],
        [
          46.6766558,
          24.7129848
        ],
        [
          46.6768516,
          24.7130688
        ],
        [
          46.6767684,
          24.7132289
        ]
      ]
    ]
  }
},
{
  "type": "Feature",
  "id": "way/1301246334",
  "properties": {
    "addr:city": "riyadh",
    "addr:street": "زهير رستم",
    "building": "house",
    "id": "way/1301246334"
  },
  "geometry": {
    "type": "Polygon",
    "coordinates": [
      [
        [
          46.6770616,
          24.7131046
        ],
        [
          46.6768977,
          24.7130396
        ],
        [
          46.6769623,
          24.7129053
        ],
        [
          46.6771261,
          24.7129703
        ],
        [
          46.6770616,
          24.7131046
        ]
      ]
    ]
  }
},
{
  "type": "Feature",
  "id": "way/1301246335",
  "properties": {
    "addr:city": "riyadh",
    "addr:street": "عبدالله بن زمعة",
    "building": "house",
    "id": "way/1301246335"
  },
  "geometry": {
    "type": "Polygon",
    "coordinates": [
      [
        [
          46.6768619,
          24.7130286
        ],
        [
          46.6766528,
          24.7129411
        ],
        [
          46.6767167,
          24.712815
        ],
        [
          46.6769258,
          24.7129025
        ],
        [
          46.6768619,
          24.7130286
        ]
      ]
    ]
  }
},
{
  "type": "Feature",
  "id": "way/1301246336",
  "properties": {
    "addr:city": "riyadh",
    "addr:street": "زهير رستم",
    "building": "house",
    "id": "way/1301246336"
  },
  "geometry": {
    "type": "Polygon",
    "coordinates": [
      [
        [
          46.677167,
          24.7129434
        ],
        [
          46.6769925,
          24.7128691
        ],
        [
          46.6770537,
          24.7127506
        ],
        [
          46.6772282,
          24.7128249
        ],
        [
          46.677167,
          24.7129434
        ]
      ]
    ]
  }
},
{
  "type": "Feature",
  "id": "way/1301246337",
  "properties": {
    "addr:city": "riyadh",
    "addr:street": "عبدالله بن زمعة",
    "building": "house",
    "id": "way/1301246337"
  },
  "geometry": {
    "type": "Polygon",
    "coordinates": [
      [
        [
          46.6769694,
          24.7128693
        ],
        [
          46.676747,
          24.7127719
        ],
        [
          46.6768065,
          24.71266
        ],
        [
          46.6770288,
          24.7127575
        ],
        [
          46.6769694,
          24.7128693
        ]
      ]
    ]
  }
},
{
  "type": "Feature",
  "id": "way/1301246338",
  "properties": {
    "addr:city": "riyadh",
    "addr:street": "عبدالله بن زمعة",
    "building": "house",
    "id": "way/1301246338"
  },
  "geometry": {
    "type": "Polygon",
    "coordinates": [
      [
        [
          46.6770606,
          24.7126996
        ],
        [
          46.6768483,
          24.7126105
        ],
        [
          46.6769068,
          24.7124955
        ],
        [
          46.6771191,
          24.7125846
        ],
        [
          46.6770606,
          24.7126996
        ]
      ]
    ]
  }
},
{
  "type": "Feature",
  "id": "way/1301246339",
  "properties": {
    "addr:city": "riyadh",
    "addr:street": "زهير رستم",
    "building": "house",
    "id": "way/1301246339"
  },
  "geometry": {
    "type": "Polygon",
    "coordinates": [
      [
        [
          46.6772365,
          24.712774
        ],
        [
          46.6770793,
          24.7127048
        ],
        [
          46.6771458,
          24.7125803
        ],
        [
          46.677303,
          24.7126496
        ],
        [
          46.6772365,
          24.712774
        ]
      ]
    ]
  }
},
{
  "type": "Feature",
  "id": "way/1301246340",
  "properties": {
    "addr:city": "riyadh",
    "addr:street": "عبدالله بن زمعة",
    "building": "house",
    "id": "way/1301246340"
  },
  "geometry": {
    "type": "Polygon",
    "coordinates": [
      [
        [
          46.6771434,
          24.7125438
        ],
        [
          46.6769283,
          24.7124492
        ],
        [
          46.6769953,
          24.7123234
        ],
        [
          46.6772104,
          24.7124181
        ],
        [
          46.6771434,
          24.7125438
        ]
      ]
    ]
  }
},
{
  "type": "Feature",
  "id": "way/1301246341",
  "properties": {
    "addr:city": "riyadh",
    "addr:street": "زهير رستم",
    "building": "house",
    "id": "way/1301246341"
  },
  "geometry": {
    "type": "Polygon",
    "coordinates": [
      [
        [
          46.6773176,
          24.7126184
        ],
        [
          46.6771492,
          24.7125465
        ],
        [
          46.6772043,
          24.71244
        ],
        [
          46.6773727,
          24.7125119
        ],
        [
          46.6773176,
          24.7126184
        ]
      ]
    ]
  }
},
{
  "type": "Feature",
  "id": "way/1301246342",
  "properties": {
    "amenity": "parking_space",
    "id": "way/1301246342"
  },
  "geometry": {
    "type": "Polygon",
    "coordinates": [
      [
        [
          46.6771937,
          24.7123826
        ],
        [
          46.6769745,
          24.7122932
        ],
        [
          46.6771315,
          24.7119756
        ],
        [
          46.6773508,
          24.7120651
        ],
        [
          46.6771937,
          24.7123826
        ]
      ]
    ]
  }
},
{
  "type": "Feature",
  "id": "way/1301246343",
  "properties": {
    "addr:city": "riyadh",
    "addr:street": "زهير رستم",
    "building": "house",
    "id": "way/1301246343"
  },
  "geometry": {
    "type": "Polygon",
    "coordinates": [
      [
        [
          46.6773956,
          24.7124482
        ],
        [
          46.6772519,
          24.7123862
        ],
        [
          46.6773034,
          24.7122877
        ],
        [
          46.6774471,
          24.7123496
        ],
        [
          46.6773956,
          24.7124482
        ]
      ]
    ]
  }
},
{
  "type": "Feature",
  "id": "way/1301246344",
  "properties": {
    "addr:city": "riyadh",
    "addr:street": "زهير رستم",
    "building": "house",
    "id": "way/1301246344"
  },
  "geometry": {
    "type": "Polygon",
    "coordinates": [
      [
        [
          46.6774888,
          24.7123148
        ],
        [
          46.6772987,
          24.7122333
        ],
        [
          46.677375,
          24.7120863
        ],
        [
          46.6775652,
          24.7121679
        ],
        [
          46.6774888,
          24.7123148
        ]
      ]
    ]
  }
},
{
  "type": "Feature",
  "id": "way/1301246345",
  "properties": {
    "addr:city": "الرياض",
    "addr:street": "زهير رستم",
    "building": "apartments",
    "id": "way/1301246345"
  },
  "geometry": {
    "type": "Polygon",
    "coordinates": [
      [
        [
          46.6775739,
          24.71214
        ],
        [
          46.6774101,
          24.7120698
        ],
        [
          46.6774846,
          24.7119263
        ],
        [
          46.6776485,
          24.7119966
        ],
        [
          46.6775739,
          24.71214
        ]
      ]
    ]
  }
},
{
  "type": "Feature",
  "id": "way/1301246346",
  "properties": {
    "addr:city": "الرياض",
    "addr:street": "عبدالله بن زمعة",
    "building": "apartments",
    "id": "way/1301246346"
  },
  "geometry": {
    "type": "Polygon",
    "coordinates": [
      [
        [
          46.6773881,
          24.7120441
        ],
        [
          46.677216,
          24.7119719
        ],
        [
          46.6772767,
          24.7118525
        ],
        [
          46.6774488,
          24.7119247
        ],
        [
          46.6773881,
          24.7120441
        ]
      ]
    ]
  }
},
{
  "type": "Feature",
  "id": "way/1301252674",
  "properties": {
    "addr:city": "الرياض",
    "addr:street": "زهير رستم",
    "building": "apartments",
    "id": "way/1301252674"
  },
  "geometry": {
    "type": "Polygon",
    "coordinates": [
      [
        [
          46.6776669,
          24.7119733
        ],
        [
          46.6774995,
          24.711904
        ],
        [
          46.6775055,
          24.711894
        ],
        [
          46.6775487,
          24.7119155
        ],
        [
          46.6775683,
          24.711883
        ],
        [
          46.6775438,
          24.7118708
        ],
        [
          46.6775824,
          24.7118067
        ],
        [
          46.6775621,
          24.7117967
        ],
        [
          46.6775803,
          24.7117665
        ],
        [
          46.6777316,
          24.7118417
        ],
        [
          46.6777108,
          24.7118763
        ],
        [
          46.6777483,
          24.711895
        ],
        [
          46.6777221,
          24.7119384
        ],
        [
          46.6776659,
          24.7119105
        ],
        [
          46.6776513,
          24.7119347
        ],
        [
          46.6776795,
          24.7119487
        ],
        [
          46.6776669,
          24.7119733
        ]
      ]
    ]
  }
},
{
  "type": "Feature",
  "id": "way/1301252675",
  "properties": {
    "addr:city": "الرياض",
    "addr:street": "سيدة الرؤساء",
    "building": "house",
    "id": "way/1301252675"
  },
  "geometry": {
    "type": "Polygon",
    "coordinates": [
      [
        [
          46.6774304,
          24.7133064
        ],
        [
          46.6773263,
          24.7135029
        ],
        [
          46.6770788,
          24.7133948
        ],
        [
          46.677183,
          24.7131982
        ],
        [
          46.6774304,
          24.7133064
        ]
      ]
    ]
  }
},
{
  "type": "Feature",
  "id": "way/1301252676",
  "properties": {
    "addr:city": "الرياض",
    "addr:street": "مالك بن خلف",
    "building": "house",
    "id": "way/1301252676"
  },
  "geometry": {
    "type": "Polygon",
    "coordinates": [
      [
        [
          46.6774532,
          24.7132886
        ],
        [
          46.6771938,
          24.7131828
        ],
        [
          46.6772712,
          24.7130262
        ],
        [
          46.6775306,
          24.713132
        ],
        [
          46.6774532,
          24.7132886
        ]
      ]
    ]
  }
},
{
  "type": "Feature",
  "id": "way/1301252677",
  "properties": {
    "addr:city": "الرياض",
    "addr:street": "مالك بن خلف",
    "building": "house",
    "id": "way/1301252677"
  },
  "geometry": {
    "type": "Polygon",
    "coordinates": [
      [
        [
          46.6775381,
          24.7131155
        ],
        [
          46.6772923,
          24.7130078
        ],
        [
          46.6773668,
          24.7128676
        ],
        [
          46.6776126,
          24.7129754
        ],
        [
          46.6775381,
          24.7131155
        ]
      ]
    ]
  }
},
{
  "type": "Feature",
  "id": "way/1301252678",
  "properties": {
    "amenity": "parking_space",
    "id": "way/1301252678"
  },
  "geometry": {
    "type": "Polygon",
    "coordinates": [
      [
        [
          46.6784245,
          24.7139527
        ],
        [
          46.6778328,
          24.713707
        ],
        [
          46.6781069,
          24.7131622
        ],
        [
          46.6786987,
          24.7134078
        ],
        [
          46.6784245,
          24.7139527
        ]
      ]
    ]
  }
},
{
  "type": "Feature",
  "id": "way/1301252679",
  "properties": {
    "addr:city": "الرياض",
    "addr:street": "الأمير فيصل بن سعد بن عبدالرحمن",
    "building": "yes",
    "name": "مؤسسة ايكو للعوازل",
    "id": "way/1301252679"
  },
  "geometry": {
    "type": "Polygon",
    "coordinates": [
      [
        [
          46.6787154,
          24.7133865
        ],
        [
          46.6781223,
          24.7131368
        ],
        [
          46.67881,
          24.7117885
        ],
        [
          46.6794034,
          24.7120383
        ],
        [
          46.6787154,
          24.7133865
        ]
      ]
    ]
  }
},
{
  "type": "Feature",
  "id": "way/1301270645",
  "properties": {
    "addr:city": "الرياض",
    "addr:street": "عبدالله بن زمعة",
    "building": "house",
    "id": "way/1301270645"
  },
  "geometry": {
    "type": "Polygon",
    "coordinates": [
      [
        [
          46.6783955,
          24.7101311
        ],
        [
          46.6781131,
          24.7100074
        ],
        [
          46.6782037,
          24.7098366
        ],
        [
          46.6784861,
          24.7099602
        ],
        [
          46.6783955,
          24.7101311
        ]
      ]
    ]
  }
},
{
  "type": "Feature",
  "id": "way/1301270650",
  "properties": {
    "addr:city": "الرياض",
    "addr:street": "أبي القاسم الشاطبي",
    "building": "house",
    "id": "way/1301270650"
  },
  "geometry": {
    "type": "Polygon",
    "coordinates": [
      [
        [
          46.6781728,
          24.7102615
        ],
        [
          46.6780062,
          24.7101899
        ],
        [
          46.6780913,
          24.7100267
        ],
        [
          46.6782578,
          24.7100983
        ],
        [
          46.6781728,
          24.7102615
        ]
      ]
    ]
  }
},
{
  "type": "Feature",
  "id": "way/1301270652",
  "properties": {
    "addr:city": "الرياض",
    "addr:street": "ابن عقيل",
    "building": "house",
    "id": "way/1301270652"
  },
  "geometry": {
    "type": "Polygon",
    "coordinates": [
      [
        [
          46.6782856,
          24.7107308
        ],
        [
          46.6778304,
          24.7105457
        ],
        [
          46.6779553,
          24.710292
        ],
        [
          46.6784106,
          24.710477
        ],
        [
          46.6782856,
          24.7107308
        ]
      ]
    ]
  }
},
{
  "type": "Feature",
  "id": "way/1301270653",
  "properties": {
    "addr:city": "الرياض",
    "addr:street": "زهير رستم",
    "building": "house",
    "id": "way/1301270653"
  },
  "geometry": {
    "type": "Polygon",
    "coordinates": [
      [
        [
          46.6781251,
          24.7110661
        ],
        [
          46.6779383,
          24.7109875
        ],
        [
          46.6780612,
          24.7107465
        ],
        [
          46.6782481,
          24.7108252
        ],
        [
          46.6781251,
          24.7110661
        ]
      ]
    ]
  }
},
{
  "type": "Feature",
  "id": "way/1301270654",
  "properties": {
    "addr:city": "الرياض",
    "addr:street": "الكر",
    "building": "house",
    "id": "way/1301270654"
  },
  "geometry": {
    "type": "Polygon",
    "coordinates": [
      [
        [
          46.6779185,
          24.7109755
        ],
        [
          46.6776774,
          24.7108788
        ],
        [
          46.6777952,
          24.7106362
        ],
        [
          46.6780364,
          24.7107329
        ],
        [
          46.6779185,
          24.7109755
        ]
      ]
    ]
  }
},
{
  "type": "Feature",
  "id": "way/1301270655",
  "properties": {
    "addr:city": "الرياض",
    "addr:street": "مالك بن خلف",
    "building": "house",
    "id": "way/1301270655"
  },
  "geometry": {
    "type": "Polygon",
    "coordinates": [
      [
        [
          46.6776068,
          24.7129413
        ],
        [
          46.6773661,
          24.7128407
        ],
        [
          46.677433,
          24.7127088
        ],
        [
          46.6776736,
          24.7128095
        ],
        [
          46.6776068,
          24.7129413
        ]
      ]
    ]
  }
},
{
  "type": "Feature",
  "id": "way/1301270656",
  "properties": {
    "addr:city": "الرياض",
    "addr:street": "زهير رستم",
    "building": "house",
    "id": "way/1301270656"
  },
  "geometry": {
    "type": "Polygon",
    "coordinates": [
      [
        [
          46.6780142,
          24.711332
        ],
        [
          46.6777962,
          24.7112474
        ],
        [
          46.6778788,
          24.7110718
        ],
        [
          46.6780968,
          24.7111564
        ],
        [
          46.6780142,
          24.711332
        ]
      ]
    ]
  }
},
{
  "type": "Feature",
  "id": "way/1301270657",
  "properties": {
    "addr:city": "الرياض",
    "addr:street": "الكر",
    "building": "house",
    "id": "way/1301270657"
  },
  "geometry": {
    "type": "Polygon",
    "coordinates": [
      [
        [
          46.6777844,
          24.7112439
        ],
        [
          46.6775447,
          24.7111481
        ],
        [
          46.6776275,
          24.7109772
        ],
        [
          46.6778672,
          24.711073
        ],
        [
          46.6777844,
          24.7112439
        ]
      ]
    ]
  }
},
{
  "type": "Feature",
  "id": "way/1301271145",
  "properties": {
    "addr:city": "الرياض",
    "addr:street": "زهير رستم",
    "building": "house",
    "id": "way/1301271145"
  },
  "geometry": {
    "type": "Polygon",
    "coordinates": [
      [
        [
          46.6779301,
          24.7114821
        ],
        [
          46.6777565,
          24.7114086
        ],
        [
          46.6778248,
          24.7112756
        ],
        [
          46.6779983,
          24.7113491
        ],
        [
          46.6779301,
          24.7114821
        ]
      ]
    ]
  }
},
{
  "type": "Feature",
  "id": "way/1301271146",
  "properties": {
    "addr:city": "الرياض",
    "addr:street": "عبدالله بن زمعة",
    "building": "house",
    "id": "way/1301271146"
  },
  "geometry": {
    "type": "Polygon",
    "coordinates": [
      [
        [
          46.6777216,
          24.7113932
        ],
        [
          46.6774695,
          24.7112901
        ],
        [
          46.6775346,
          24.7111589
        ],
        [
          46.6777867,
          24.7112621
        ],
        [
          46.6777216,
          24.7113932
        ]
      ]
    ]
  }
},
{
  "type": "Feature",
  "id": "way/1301271147",
  "properties": {
    "addr:city": "الرياض",
    "addr:street": "زهير رستم",
    "building": "house",
    "id": "way/1301271147"
  },
  "geometry": {
    "type": "Polygon",
    "coordinates": [
      [
        [
          46.6778316,
          24.7116384
        ],
        [
          46.6776545,
          24.7115638
        ],
        [
          46.6777282,
          24.7114192
        ],
        [
          46.6779054,
          24.7114938
        ],
        [
          46.6778316,
          24.7116384
        ]
      ]
    ]
  }
},
{
  "type": "Feature",
  "id": "way/1301271148",
  "properties": {
    "addr:city": "الرياض",
    "addr:street": "زهير رستم",
    "building": "house",
    "id": "way/1301271148"
  },
  "geometry": {
    "type": "Polygon",
    "coordinates": [
      [
        [
          46.6777383,
          24.7118225
        ],
        [
          46.6775553,
          24.7117429
        ],
        [
          46.6776356,
          24.7115907
        ],
        [
          46.6778185,
          24.7116704
        ],
        [
          46.6777383,
          24.7118225
        ]
      ]
    ]
  }
},
{
  "type": "Feature",
  "id": "way/1301271149",
  "properties": {
    "addr:city": "الرياض",
    "addr:street": "عبدالله بن زمعة",
    "building": "house",
    "id": "way/1301271149"
  },
  "geometry": {
    "type": "Polygon",
    "coordinates": [
      [
        [
          46.6774756,
          24.7118853
        ],
        [
          46.677289,
          24.7118132
        ],
        [
          46.6773491,
          24.7116849
        ],
        [
          46.6775357,
          24.7117569
        ],
        [
          46.6774756,
          24.7118853
        ]
      ]
    ]
  }
},
{
  "type": "Feature",
  "id": "way/1301271150",
  "properties": {
    "addr:city": "الرياض",
    "addr:street": "عبدالله بن زمعة",
    "building": "house",
    "id": "way/1301271150"
  },
  "geometry": {
    "type": "Polygon",
    "coordinates": [
      [
        [
          46.6775386,
          24.7117114
        ],
        [
          46.6774813,
          24.7116921
        ],
        [
          46.677462,
          24.7117008
        ],
        [
          46.6774357,
          24.7116896
        ],
        [
          46.677444,
          24.7116639
        ],
        [
          46.6773802,
          24.7116395
        ],
        [
          46.6774269,
          24.7115511
        ],
        [
          46.6775069,
          24.7115851
        ],
        [
          46.6774911,
          24.7116157
        ],
        [
          46.6775231,
          24.7116294
        ],
        [
          46.6775467,
          24.7115836
        ],
        [
          46.6776061,
          24.7116032
        ],
        [
          46.6775386,
          24.7117114
        ]
      ]
    ]
  }
},
{
  "type": "Feature",
  "id": "way/1301271151",
  "properties": {
    "addr:city": "الرياض",
    "addr:street": "عبدالله بن زمعة",
    "building": "house",
    "id": "way/1301271151"
  },
  "geometry": {
    "type": "Polygon",
    "coordinates": [
      [
        [
          46.6776313,
          24.7115524
        ],
        [
          46.6775525,
          24.7115162
        ],
        [
          46.6775816,
          24.7114639
        ],
        [
          46.6775075,
          24.7114299
        ],
        [
          46.6775385,
          24.7113742
        ],
        [
          46.6776914,
          24.7114444
        ],
        [
          46.6776313,
          24.7115524
        ]
      ]
    ]
  }
},
{
  "type": "Feature",
  "id": "way/1301276061",
  "properties": {
    "addr:city": "الرياض",
    "addr:street": "مالك بن خلف",
    "building": "house",
    "id": "way/1301276061"
  },
  "geometry": {
    "type": "Polygon",
    "coordinates": [
      [
        [
          46.6776977,
          24.7127698
        ],
        [
          46.6774714,
          24.7126833
        ],
        [
          46.6775281,
          24.712561
        ],
        [
          46.6777544,
          24.7126475
        ],
        [
          46.6776977,
          24.7127698
        ]
      ]
    ]
  }
},
{
  "type": "Feature",
  "id": "way/1301276062",
  "properties": {
    "addr:city": "الرياض",
    "addr:street": "مالك بن خلف",
    "building": "house",
    "id": "way/1301276062"
  },
  "geometry": {
    "type": "Polygon",
    "coordinates": [
      [
        [
          46.6775145,
          24.7125258
        ],
        [
          46.677598,
          24.7123606
        ],
        [
          46.6778572,
          24.7124687
        ],
        [
          46.6777737,
          24.712634
        ],
        [
          46.6775145,
          24.7125258
        ]
      ]
    ]
  }
},
{
  "type": "Feature",
  "id": "way/1301276063",
  "properties": {
    "addr:city": "الرياض",
    "addr:street": "مالك بن خلف",
    "building": "house",
    "id": "way/1301276063"
  },
  "geometry": {
    "type": "Polygon",
    "coordinates": [
      [
        [
          46.6778861,
          24.7124551
        ],
        [
          46.6776159,
          24.712343
        ],
        [
          46.6776819,
          24.7122118
        ],
        [
          46.677952,
          24.7123239
        ],
        [
          46.6778861,
          24.7124551
        ]
      ]
    ]
  }
},
{
  "type": "Feature",
  "id": "way/1301276064",
  "properties": {
    "addr:city": "الرياض",
    "addr:street": "مالك بن خلف",
    "building": "house",
    "id": "way/1301276064"
  },
  "geometry": {
    "type": "Polygon",
    "coordinates": [
      [
        [
          46.6779147,
          24.712297
        ],
        [
          46.6776875,
          24.7121975
        ],
        [
          46.6777665,
          24.7120488
        ],
        [
          46.6779937,
          24.7121483
        ],
        [
          46.6779147,
          24.712297
        ]
      ]
    ]
  }
},
{
  "type": "Feature",
  "id": "way/1301276065",
  "properties": {
    "addr:city": "الرياض",
    "addr:street": "مالك بن خلف",
    "building": "house",
    "id": "way/1301276065"
  },
  "geometry": {
    "type": "Polygon",
    "coordinates": [
      [
        [
          46.6780426,
          24.7121379
        ],
        [
          46.6777755,
          24.7120287
        ],
        [
          46.6778383,
          24.7119019
        ],
        [
          46.6781054,
          24.7120111
        ],
        [
          46.6780426,
          24.7121379
        ]
      ]
    ]
  }
},
{
  "type": "Feature",
  "id": "way/1301276066",
  "properties": {
    "addr:city": "الرياض",
    "addr:street": "مالك بن خلف",
    "building": "house",
    "id": "way/1301276066"
  },
  "geometry": {
    "type": "Polygon",
    "coordinates": [
      [
        [
          46.6781276,
          24.7119648
        ],
        [
          46.6778605,
          24.7118658
        ],
        [
          46.6779147,
          24.7117451
        ],
        [
          46.6781818,
          24.7118442
        ],
        [
          46.6781276,
          24.7119648
        ]
      ]
    ]
  }
},
{
  "type": "Feature",
  "id": "way/1301276067",
  "properties": {
    "addr:city": "الرياض",
    "addr:street": "مالك بن خلف",
    "building": "house",
    "id": "way/1301276067"
  },
  "geometry": {
    "type": "Polygon",
    "coordinates": [
      [
        [
          46.6781905,
          24.7118065
        ],
        [
          46.6779719,
          24.7117141
        ],
        [
          46.6780436,
          24.711574
        ],
        [
          46.678171,
          24.7116278
        ],
        [
          46.678156,
          24.7116572
        ],
        [
          46.6781863,
          24.71167
        ],
        [
          46.6782014,
          24.7116405
        ],
        [
          46.6782623,
          24.7116662
        ],
        [
          46.6781905,
          24.7118065
        ]
      ]
    ]
  }
},
{
  "type": "Feature",
  "id": "way/1301276068",
  "properties": {
    "addr:city": "الرياض",
    "addr:street": "مالك بن خلف",
    "building": "house",
    "id": "way/1301276068"
  },
  "geometry": {
    "type": "Polygon",
    "coordinates": [
      [
        [
          46.6782833,
          24.7116425
        ],
        [
          46.6780183,
          24.7115294
        ],
        [
          46.6780865,
          24.7113975
        ],
        [
          46.6783515,
          24.7115107
        ],
        [
          46.6782833,
          24.7116425
        ]
      ]
    ]
  }
},
{
  "type": "Feature",
  "id": "way/1301276070",
  "properties": {
    "addr:city": "الرياض",
    "addr:street": "سيدة الرؤساء",
    "building": "house",
    "id": "way/1301276070"
  },
  "geometry": {
    "type": "Polygon",
    "coordinates": [
      [
        [
          46.6777006,
          24.7136537
        ],
        [
          46.6774172,
          24.7135334
        ],
        [
          46.677518,
          24.7133373
        ],
        [
          46.6778015,
          24.7134576
        ],
        [
          46.6777006,
          24.7136537
        ]
      ]
    ]
  }
},
{
  "type": "Feature",
  "id": "way/1301276071",
  "properties": {
    "addr:city": "الرياض",
    "addr:street": "ابن صنعين",
    "building": "house",
    "id": "way/1301276071"
  },
  "geometry": {
    "type": "Polygon",
    "coordinates": [
      [
        [
          46.6778094,
          24.7134427
        ],
        [
          46.677532,
          24.7133302
        ],
        [
          46.677615,
          24.7131612
        ],
        [
          46.6778924,
          24.7132736
        ],
        [
          46.6778094,
          24.7134427
        ]
      ]
    ]
  }
},
{
  "type": "Feature",
  "id": "way/1301276072",
  "properties": {
    "addr:city": "الرياض",
    "addr:street": "طريق العليا العام",
    "building": "yes",
    "id": "way/1301276072"
  },
  "geometry": {
    "type": "Polygon",
    "coordinates": [
      [
        [
          46.6773828,
          24.7108361
        ],
        [
          46.6768905,
          24.7106231
        ],
        [
          46.677047,
          24.7103247
        ],
        [
          46.6775447,
          24.7105399
        ],
        [
          46.6774743,
          24.7106742
        ],
        [
          46.6773601,
          24.7106248
        ],
        [
          46.6773382,
          24.7106667
        ],
        [
          46.6774469,
          24.7107137
        ],
        [
          46.6773828,
          24.7108361
        ]
      ]
    ]
  }
},
{
  "type": "Feature",
  "id": "way/1301276073",
  "properties": {
    "addr:city": "الرياض",
    "addr:street": "طريق العليا العام",
    "building": "yes",
    "id": "way/1301276073"
  },
  "geometry": {
    "type": "Polygon",
    "coordinates": [
      [
        [
          46.6773014,
          24.7110044
        ],
        [
          46.6768078,
          24.7107921
        ],
        [
          46.6768629,
          24.7106863
        ],
        [
          46.6773566,
          24.7108986
        ],
        [
          46.6773014,
          24.7110044
        ]
      ]
    ]
  }
},
{
  "type": "Feature",
  "id": "way/1301276074",
  "properties": {
    "addr:city": "الرياض",
    "addr:street": "طريق العليا العام",
    "building": "yes",
    "id": "way/1301276074"
  },
  "geometry": {
    "type": "Polygon",
    "coordinates": [
      [
        [
          46.6766313,
          24.7111412
        ],
        [
          46.6767521,
          24.7108875
        ],
        [
          46.6772409,
          24.7110795
        ],
        [
          46.6771202,
          24.7113332
        ],
        [
          46.6766313,
          24.7111412
        ]
      ]
    ]
  }
},
{
  "type": "Feature",
  "id": "way/1301276075",
  "properties": {
    "addr:city": "الرياض",
    "addr:street": "طريق العليا العام",
    "building": "yes",
    "building:levels": "24",
    "id": "way/1301276075"
  },
  "geometry": {
    "type": "Polygon",
    "coordinates": [
      [
        [
          46.6769114,
          24.7114306
        ],
        [
          46.6765629,
          24.7112903
        ],
        [
          46.6766099,
          24.711194
        ],
        [
          46.6769584,
          24.7113344
        ],
        [
          46.6769114,
          24.7114306
        ]
      ]
    ]
  }
},
{
  "type": "Feature",
  "id": "way/1301276076",
  "properties": {
    "addr:city": "الرياض",
    "addr:street": "طريق العليا العام",
    "building": "yes",
    "id": "way/1301276076"
  },
  "geometry": {
    "type": "Polygon",
    "coordinates": [
      [
        [
          46.676927,
          24.7122107
        ],
        [
          46.6763806,
          24.7119793
        ],
        [
          46.676436,
          24.7118714
        ],
        [
          46.6769824,
          24.7121027
        ],
        [
          46.676927,
          24.7122107
        ]
      ]
    ]
  }
},
{
  "type": "Feature",
  "id": "way/1301276077",
  "properties": {
    "addr:city": "الرياض",
    "addr:street": "طريق العليا العام",
    "building": "yes",
    "id": "way/1301276077"
  },
  "geometry": {
    "type": "Polygon",
    "coordinates": [
      [
        [
          46.6766945,
          24.7117741
        ],
        [
          46.6763728,
          24.7116584
        ],
        [
          46.6765252,
          24.7113251
        ],
        [
          46.6768469,
          24.7114499
        ],
        [
          46.6766945,
          24.7117741
        ]
      ]
    ]
  }
},
{
  "type": "Feature",
  "id": "way/1301280609",
  "properties": {
    "addr:city": "الرياض",
    "addr:street": "ابن صنعين",
    "building": "house",
    "id": "way/1301280609"
  },
  "geometry": {
    "type": "Polygon",
    "coordinates": [
      [
        [
          46.6784097,
          24.7122752
        ],
        [
          46.6781195,
          24.7121529
        ],
        [
          46.6782084,
          24.7119789
        ],
        [
          46.6784986,
          24.7121012
        ],
        [
          46.6784097,
          24.7122752
        ]
      ]
    ]
  }
},
{
  "type": "Feature",
  "id": "way/1301280610",
  "properties": {
    "addr:city": "الرياض",
    "addr:street": "ابن صنعين",
    "building": "house",
    "id": "way/1301280610"
  },
  "geometry": {
    "type": "Polygon",
    "coordinates": [
      [
        [
          46.6783281,
          24.7124386
        ],
        [
          46.6780487,
          24.7123208
        ],
        [
          46.6781266,
          24.7121686
        ],
        [
          46.6784059,
          24.7122865
        ],
        [
          46.6783281,
          24.7124386
        ]
      ]
    ]
  }
},
{
  "type": "Feature",
  "id": "way/1301280611",
  "properties": {
    "addr:city": "الرياض",
    "addr:street": "ابن صنعين",
    "building": "house",
    "id": "way/1301280611"
  },
  "geometry": {
    "type": "Polygon",
    "coordinates": [
      [
        [
          46.678255,
          24.7125831
        ],
        [
          46.6779816,
          24.7124675
        ],
        [
          46.6780472,
          24.7123393
        ],
        [
          46.6783206,
          24.7124548
        ],
        [
          46.678255,
          24.7125831
        ]
      ]
    ]
  }
},
{
  "type": "Feature",
  "id": "way/1301280612",
  "properties": {
    "addr:city": "الرياض",
    "addr:street": "ابن صنعين",
    "building": "house",
    "id": "way/1301280612"
  },
  "geometry": {
    "type": "Polygon",
    "coordinates": [
      [
        [
          46.6780916,
          24.7129228
        ],
        [
          46.6778031,
          24.7128057
        ],
        [
          46.6778816,
          24.7126462
        ],
        [
          46.6781701,
          24.7127633
        ],
        [
          46.6780916,
          24.7129228
        ]
      ]
    ]
  }
},
{
  "type": "Feature",
  "id": "way/1301280613",
  "properties": {
    "addr:city": "الرياض",
    "addr:street": "ابن صنعين",
    "building": "house",
    "id": "way/1301280613"
  },
  "geometry": {
    "type": "Polygon",
    "coordinates": [
      [
        [
          46.6781656,
          24.712749
        ],
        [
          46.6778884,
          24.7126361
        ],
        [
          46.6779622,
          24.7124865
        ],
        [
          46.6782394,
          24.7125994
        ],
        [
          46.6781656,
          24.712749
        ]
      ]
    ]
  }
},
{
  "type": "Feature",
  "id": "way/1301280614",
  "properties": {
    "addr:city": "الرياض",
    "addr:street": "مالك بن خلف",
    "building": "house",
    "id": "way/1301280614"
  },
  "geometry": {
    "type": "Polygon",
    "coordinates": [
      [
        [
          46.6777905,
          24.7132068
        ],
        [
          46.6776859,
          24.7131652
        ],
        [
          46.6777549,
          24.7130222
        ],
        [
          46.6778595,
          24.7130638
        ],
        [
          46.6777905,
          24.7132068
        ]
      ]
    ]
  }
},
{
  "type": "Feature",
  "id": "way/1301280615",
  "properties": {
    "addr:city": "الرياض",
    "addr:street": "مالك بن خلف",
    "building": "house",
    "id": "way/1301280615"
  },
  "geometry": {
    "type": "Polygon",
    "coordinates": [
      [
        [
          46.6778236,
          24.7130153
        ],
        [
          46.677772,
          24.7129946
        ],
        [
          46.6778404,
          24.7128538
        ],
        [
          46.6779439,
          24.7128952
        ],
        [
          46.6779204,
          24.7129437
        ],
        [
          46.677925,
          24.7129627
        ],
        [
          46.6779022,
          24.7130097
        ],
        [
          46.6778387,
          24.7129843
        ],
        [
          46.6778236,
          24.7130153
        ]
      ]
    ]
  }
},
{
  "type": "Feature",
  "id": "way/1301280616",
  "properties": {
    "addr:city": "الرياض",
    "addr:street": "ابن صنعين",
    "building": "house",
    "id": "way/1301280616"
  },
  "geometry": {
    "type": "Polygon",
    "coordinates": [
      [
        [
          46.6779071,
          24.7132571
        ],
        [
          46.6778169,
          24.7132189
        ],
        [
          46.6778429,
          24.7131683
        ],
        [
          46.6778823,
          24.713185
        ],
        [
          46.6778921,
          24.7131658
        ],
        [
          46.6778638,
          24.7131538
        ],
        [
          46.6778855,
          24.7131115
        ],
        [
          46.6779227,
          24.7131178
        ],
        [
          46.677938,
          24.713088
        ],
        [
          46.6779839,
          24.7131074
        ],
        [
          46.6779071,
          24.7132571
        ]
      ]
    ]
  }
},
{
  "type": "Feature",
  "id": "way/1301280617",
  "properties": {
    "addr:city": "الرياض",
    "addr:street": "ابن صنعين",
    "building": "house",
    "id": "way/1301280617"
  },
  "geometry": {
    "type": "Polygon",
    "coordinates": [
      [
        [
          46.6780446,
          24.7130134
        ],
        [
          46.6780098,
          24.7129997
        ],
        [
          46.6779892,
          24.7130373
        ],
        [
          46.6779337,
          24.7130091
        ],
        [
          46.6779986,
          24.7129036
        ],
        [
          46.6780887,
          24.7129471
        ],
        [
          46.6780446,
          24.7130134
        ]
      ]
    ]
  }
},
{
  "type": "Feature",
  "id": "way/1301280618",
  "properties": {
    "addr:city": "الرياض",
    "addr:street": "سيدة الرؤساء",
    "building": "yes",
    "id": "way/1301280618"
  },
  "geometry": {
    "type": "Polygon",
    "coordinates": [
      [
        [
          46.6778121,
          24.7140864
        ],
        [
          46.6776555,
          24.7140257
        ],
        [
          46.6777256,
          24.7138767
        ],
        [
          46.6778822,
          24.7139375
        ],
        [
          46.6778121,
          24.7140864
        ]
      ]
    ]
  }
},
{
  "type": "Feature",
  "id": "way/1301280619",
  "properties": {
    "addr:city": "الرياض",
    "addr:street": "العروبة",
    "building": "yes",
    "id": "way/1301280619"
  },
  "geometry": {
    "type": "Polygon",
    "coordinates": [
      [
        [
          46.6776969,
          24.7143559
        ],
        [
          46.6775597,
          24.7142966
        ],
        [
          46.6776793,
          24.7140683
        ],
        [
          46.6778165,
          24.7141277
        ],
        [
          46.6776969,
          24.7143559
        ]
      ]
    ]
  }
},
{
  "type": "Feature",
  "id": "way/1301280620",
  "properties": {
    "addr:city": "الرياض",
    "addr:street": "سيدة الرؤساء",
    "building": "yes",
    "id": "way/1301280620"
  },
  "geometry": {
    "type": "Polygon",
    "coordinates": [
      [
        [
          46.677774,
          24.7143812
        ],
        [
          46.6777074,
          24.714351
        ],
        [
          46.6778269,
          24.7141331
        ],
        [
          46.6778255,
          24.7141057
        ],
        [
          46.6778427,
          24.7140536
        ],
        [
          46.6778815,
          24.7140457
        ],
        [
          46.6778585,
          24.7140236
        ],
        [
          46.677862,
          24.7140024
        ],
        [
          46.6779116,
          24.7140092
        ],
        [
          46.677904,
          24.7139803
        ],
        [
          46.6779748,
          24.7139649
        ],
        [
          46.678058,
          24.7139936
        ],
        [
          46.6780939,
          24.7140184
        ],
        [
          46.6781179,
          24.7140819
        ],
        [
          46.6781863,
          24.7140605
        ],
        [
          46.6782244,
          24.7141611
        ],
        [
          46.6781838,
          24.7141738
        ],
        [
          46.6782059,
          24.7142322
        ],
        [
          46.6781901,
          24.7142752
        ],
        [
          46.6781009,
          24.7143067
        ],
        [
          46.6780028,
          24.7140772
        ],
        [
          46.6779692,
          24.714089
        ],
        [
          46.6779757,
          24.7141044
        ],
        [
          46.677955,
          24.7141117
        ],
        [
          46.677978,
          24.7141654
        ],
        [
          46.6778958,
          24.7141944
        ],
        [
          46.67787,
          24.7142452
        ],
        [
          46.6778442,
          24.7142531
        ],
        [
          46.677774,
          24.7143812
        ]
      ]
    ]
  }
},
{
  "type": "Feature",
  "id": "way/1301280621",
  "properties": {
    "addr:city": "الرياض",
    "addr:street": "العروبة",
    "building": "yes",
    "id": "way/1301280621"
  },
  "geometry": {
    "type": "Polygon",
    "coordinates": [
      [
        [
          46.6779444,
          24.7144337
        ],
        [
          46.677899,
          24.7143386
        ],
        [
          46.6780023,
          24.7142978
        ],
        [
          46.6780478,
          24.7143929
        ],
        [
          46.6779444,
          24.7144337
        ]
      ]
    ]
  }
},
{
  "type": "Feature",
  "id": "way/1303255198",
  "properties": {
    "addr:city": "الرياض",
    "addr:street": "الحربي",
    "building": "commercial",
    "name": "القرعاوي قاليريا",
    "id": "way/1303255198"
  },
  "geometry": {
    "type": "Polygon",
    "coordinates": [
      [
        [
          46.6713081,
          24.7125869
        ],
        [
          46.670447,
          24.7122283
        ],
        [
          46.6706307,
          24.7118662
        ],
        [
          46.6714891,
          24.7122212
        ],
        [
          46.6713081,
          24.7125869
        ]
      ]
    ]
  }
},
{
  "type": "Feature",
  "id": "way/1303255199",
  "properties": {
    "amenity": "parking_space",
    "id": "way/1303255199"
  },
  "geometry": {
    "type": "Polygon",
    "coordinates": [
      [
        [
          46.6714986,
          24.7122144
        ],
        [
          46.6706376,
          24.7118518
        ],
        [
          46.6707052,
          24.7117195
        ],
        [
          46.6714554,
          24.7120356
        ],
        [
          46.6715007,
          24.7121358
        ],
        [
          46.6714986,
          24.7122144
        ]
      ]
    ]
  }
},
{
  "type": "Feature",
  "id": "way/1303285301",
  "properties": {
    "addr:city": "الرياض",
    "addr:street": "الحربي",
    "building": "commercial",
    "id": "way/1303285301"
  },
  "geometry": {
    "type": "Polygon",
    "coordinates": [
      [
        [
          46.6709763,
          24.7126172
        ],
        [
          46.6712163,
          24.7127208
        ],
        [
          46.6711449,
          24.7128574
        ],
        [
          46.6711301,
          24.7128556
        ],
        [
          46.6709048,
          24.712754
        ],
        [
          46.6709763,
          24.7126172
        ]
      ]
    ]
  }
},
{
  "type": "Feature",
  "id": "way/1303643793",
  "properties": {
    "addr:city": "Riyadh",
    "addr:street": "الغريراء",
    "building": "house",
    "id": "way/1303643793"
  },
  "geometry": {
    "type": "Polygon",
    "coordinates": [
      [
        [
          46.6757464,
          24.7153014
        ],
        [
          46.6755024,
          24.7152073
        ],
        [
          46.675578,
          24.7150628
        ],
        [
          46.67582,
          24.7151637
        ],
        [
          46.6757464,
          24.7153014
        ]
      ]
    ]
  }
},
{
  "type": "Feature",
  "id": "way/1303643794",
  "properties": {
    "addr:city": "Riyadh",
    "addr:street": "الغريراء",
    "building": "house",
    "id": "way/1303643794"
  },
  "geometry": {
    "type": "Polygon",
    "coordinates": [
      [
        [
          46.6758257,
          24.7151402
        ],
        [
          46.6755818,
          24.7150428
        ],
        [
          46.6756573,
          24.7148949
        ],
        [
          46.6758938,
          24.7150042
        ],
        [
          46.6758257,
          24.7151402
        ]
      ]
    ]
  }
},
{
  "type": "Feature",
  "id": "way/1303643795",
  "properties": {
    "addr:city": "Riyadh",
    "addr:street": "الغريراء",
    "building": "house",
    "id": "way/1303643795"
  },
  "geometry": {
    "type": "Polygon",
    "coordinates": [
      [
        [
          46.6758968,
          24.7149806
        ],
        [
          46.6756627,
          24.714884
        ],
        [
          46.6757529,
          24.7146914
        ],
        [
          46.6757886,
          24.7146902
        ],
        [
          46.6759944,
          24.714783
        ],
        [
          46.6758968,
          24.7149806
        ]
      ]
    ]
  }
},
{
  "type": "Feature",
  "id": "way/1303643803",
  "properties": {
    "addr:city": "Riyadh",
    "addr:street": "عبدالخالق بن أحمد",
    "building": "house",
    "id": "way/1303643803"
  },
  "geometry": {
    "type": "Polygon",
    "coordinates": [
      [
        [
          46.6759115,
          24.7149929
        ],
        [
          46.6761069,
          24.7150706
        ],
        [
          46.6760343,
          24.7152212
        ],
        [
          46.6758389,
          24.7151435
        ],
        [
          46.6759115,
          24.7149929
        ]
      ]
    ]
  }
},
{
  "type": "Feature",
  "id": "way/1303643804",
  "properties": {
    "addr:city": "Riyadh",
    "addr:street": "عبدالخالق بن أحمد",
    "building": "house",
    "id": "way/1303643804"
  },
  "geometry": {
    "type": "Polygon",
    "coordinates": [
      [
        [
          46.6760077,
          24.714783
        ],
        [
          46.6761849,
          24.7148605
        ],
        [
          46.6761883,
          24.7149077
        ],
        [
          46.6761157,
          24.7150583
        ],
        [
          46.6759203,
          24.7149806
        ],
        [
          46.6760077,
          24.714783
        ]
      ]
    ]
  }
},
{
  "type": "Feature",
  "id": "way/1303643805",
  "properties": {
    "addr:city": "Riyadh",
    "addr:street": "عبدالوهاب بن عبدالقادر",
    "building": "house",
    "id": "way/1303643805"
  },
  "geometry": {
    "type": "Polygon",
    "coordinates": [
      [
        [
          46.6762834,
          24.7149607
        ],
        [
          46.6763395,
          24.714925
        ],
        [
          46.6765471,
          24.7150155
        ],
        [
          46.6765583,
          24.7150575
        ],
        [
          46.6764837,
          24.7152158
        ],
        [
          46.6762129,
          24.7151105
        ],
        [
          46.6762834,
          24.7149607
        ]
      ]
    ]
  }
},
{
  "type": "Feature",
  "id": "way/1303643814",
  "properties": {
    "addr:city": "Riyadh",
    "addr:street": "محمد بن الذهبي",
    "building": "house",
    "id": "way/1303643814"
  },
  "geometry": {
    "type": "Polygon",
    "coordinates": [
      [
        [
          46.6765792,
          24.715208
        ],
        [
          46.6766446,
          24.7150665
        ],
        [
          46.676942,
          24.71518
        ],
        [
          46.6768765,
          24.7153215
        ],
        [
          46.6765792,
          24.715208
        ]
      ]
    ]
  }
},
{
  "type": "Feature",
  "id": "way/1304220352",
  "properties": {
    "alt_name:en": "BSF",
    "amenity": "bank",
    "brand": "البنك السعودي الفرنسي",
    "brand:ar": "البنك السعودي الفرنسي",
    "brand:en": "Banque Saudi Fransi",
    "brand:wikidata": "Q7181252",
    "building": "yes",
    "name": "البنك السعودي الفرنسي",
    "name:ar": "البنك السعودي الفرنسي",
    "name:en": "Banque Saudi Fransi",
    "id": "way/1304220352"
  },
  "geometry": {
    "type": "Polygon",
    "coordinates": [
      [
        [
          46.6751012,
          24.7141928
        ],
        [
          46.675202,
          24.7139491
        ],
        [
          46.675482,
          24.7138628
        ],
        [
          46.6757765,
          24.7139858
        ],
        [
          46.6755436,
          24.7143919
        ],
        [
          46.6751291,
          24.7142469
        ],
        [
          46.6751012,
          24.7141928
        ]
      ]
    ]
  }
},
{
  "type": "Feature",
  "id": "way/1304220353",
  "properties": {
    "addr:city": "Riyadh",
    "addr:street": "العروبة",
    "building": "commercial",
    "id": "way/1304220353"
  },
  "geometry": {
    "type": "Polygon",
    "coordinates": [
      [
        [
          46.6755782,
          24.7144269
        ],
        [
          46.675835,
          24.7139855
        ],
        [
          46.675986,
          24.7140581
        ],
        [
          46.6757291,
          24.7144994
        ],
        [
          46.6755782,
          24.7144269
        ]
      ]
    ]
  }
},
{
  "type": "Feature",
  "id": "way/1304220354",
  "properties": {
    "addr:city": "Riyadh",
    "addr:street": "العروبة",
    "building": "commercial",
    "id": "way/1304220354"
  },
  "geometry": {
    "type": "Polygon",
    "coordinates": [
      [
        [
          46.6758973,
          24.7142739
        ],
        [
          46.6760022,
          24.7140862
        ],
        [
          46.6761621,
          24.7141599
        ],
        [
          46.6760573,
          24.7143476
        ],
        [
          46.6758973,
          24.7142739
        ]
      ]
    ]
  }
},
{
  "type": "Feature",
  "id": "way/1304220355",
  "properties": {
    "addr:city": "Riyadh",
    "addr:street": "العروبة",
    "building": "commercial",
    "id": "way/1304220355"
  },
  "geometry": {
    "type": "Polygon",
    "coordinates": [
      [
        [
          46.6759675,
          24.7145733
        ],
        [
          46.676182,
          24.7141686
        ],
        [
          46.6763496,
          24.7142312
        ],
        [
          46.6761203,
          24.7146375
        ],
        [
          46.6759675,
          24.7145733
        ]
      ]
    ]
  }
},
{
  "type": "Feature",
  "id": "way/1304220356",
  "properties": {
    "addr:city": "Riyadh",
    "addr:street": "العروبة",
    "building": "commercial",
    "id": "way/1304220356"
  },
  "geometry": {
    "type": "Polygon",
    "coordinates": [
      [
        [
          46.6761331,
          24.7146491
        ],
        [
          46.6763807,
          24.7142195
        ],
        [
          46.6765317,
          24.714292
        ],
        [
          46.676306,
          24.7147216
        ],
        [
          46.6761331,
          24.7146491
        ]
      ]
    ]
  }
},
{
  "type": "Feature",
  "id": "way/1304220357",
  "properties": {
    "addr:city": "Riyadh",
    "addr:street": "العروبة",
    "building": "commercial",
    "id": "way/1304220357"
  },
  "geometry": {
    "type": "Polygon",
    "coordinates": [
      [
        [
          46.6764556,
          24.7145145
        ],
        [
          46.6765493,
          24.7143376
        ],
        [
          46.6768522,
          24.7144699
        ],
        [
          46.6767585,
          24.7146468
        ],
        [
          46.6764556,
          24.7145145
        ]
      ]
    ]
  }
},
{
  "type": "Feature",
  "id": "way/1304220358",
  "properties": {
    "addr:city": "Riyadh",
    "addr:street": "العروبة",
    "building": "commercial",
    "id": "way/1304220358"
  },
  "geometry": {
    "type": "Polygon",
    "coordinates": [
      [
        [
          46.6763327,
          24.7147277
        ],
        [
          46.6764264,
          24.7145458
        ],
        [
          46.6767293,
          24.7146781
        ],
        [
          46.6766338,
          24.714855
        ],
        [
          46.6763327,
          24.7147277
        ]
      ]
    ]
  }
},
{
  "type": "Feature",
  "id": "way/1304220359",
  "properties": {
    "addr:city": "riyadh",
    "addr:street": "العروبة",
    "building": "commercial",
    "id": "way/1304220359"
  },
  "geometry": {
    "type": "Polygon",
    "coordinates": [
      [
        [
          46.6768891,
          24.714679
        ],
        [
          46.6769686,
          24.7145235
        ],
        [
          46.6771279,
          24.7145906
        ],
        [
          46.6770483,
          24.7147462
        ],
        [
          46.6768891,
          24.714679
        ]
      ]
    ]
  }
},
{
  "type": "Feature",
  "id": "way/1304220360",
  "properties": {
    "addr:city": "riyadh",
    "addr:street": "العروبة",
    "building": "commercial",
    "id": "way/1304220360"
  },
  "geometry": {
    "type": "Polygon",
    "coordinates": [
      [
        [
          46.6770899,
          24.7147627
        ],
        [
          46.6771694,
          24.7146072
        ],
        [
          46.6773287,
          24.7146743
        ],
        [
          46.6772491,
          24.7148299
        ],
        [
          46.6770899,
          24.7147627
        ]
      ]
    ]
  }
},
{
  "type": "Feature",
  "id": "way/1304220361",
  "properties": {
    "addr:city": "riyadh",
    "addr:street": "العروبة",
    "building": "commercial",
    "id": "way/1304220361"
  },
  "geometry": {
    "type": "Polygon",
    "coordinates": [
      [
        [
          46.6772719,
          24.7148357
        ],
        [
          46.6773514,
          24.7146802
        ],
        [
          46.6776572,
          24.7148289
        ],
        [
          46.6775894,
          24.7149823
        ],
        [
          46.6772719,
          24.7148357
        ]
      ]
    ]
  }
},
{
  "type": "Feature",
  "id": "way/1304220362",
  "properties": {
    "addr:city": "riyadh",
    "addr:street": "العروبة",
    "building": "commercial",
    "id": "way/1304220362"
  },
  "geometry": {
    "type": "Polygon",
    "coordinates": [
      [
        [
          46.6775084,
          24.7151933
        ],
        [
          46.6777048,
          24.7148451
        ],
        [
          46.6779319,
          24.7149509
        ],
        [
          46.6777354,
          24.715299
        ],
        [
          46.6775084,
          24.7151933
        ]
      ]
    ]
  }
},
{
  "type": "Feature",
  "id": "way/1304220363",
  "properties": {
    "addr:city": "Riyadh",
    "addr:street": "الخرمة",
    "building": "commercial",
    "id": "way/1304220363"
  },
  "geometry": {
    "type": "Polygon",
    "coordinates": [
      [
        [
          46.6774252,
          24.714949
        ],
        [
          46.6775616,
          24.7150133
        ],
        [
          46.6774387,
          24.7152284
        ],
        [
          46.6773023,
          24.7151641
        ],
        [
          46.6774252,
          24.714949
        ]
      ]
    ]
  }
},
{
  "type": "Feature",
  "id": "way/1304220364",
  "properties": {
    "addr:city": "Riyadh",
    "addr:street": "الخرمة",
    "building": "commercial",
    "id": "way/1304220364"
  },
  "geometry": {
    "type": "Polygon",
    "coordinates": [
      [
        [
          46.67687,
          24.714715
        ],
        [
          46.6770064,
          24.7147793
        ],
        [
          46.6768835,
          24.7149944
        ],
        [
          46.6767471,
          24.7149301
        ],
        [
          46.67687,
          24.714715
        ]
      ]
    ]
  }
},
{
  "type": "Feature",
  "id": "way/1304220365",
  "properties": {
    "addr:city": "Riyadh",
    "addr:street": "الخرمة",
    "building": "commercial",
    "id": "way/1304220365"
  },
  "geometry": {
    "type": "Polygon",
    "coordinates": [
      [
        [
          46.6771133,
          24.7148074
        ],
        [
          46.6772497,
          24.7148717
        ],
        [
          46.6771268,
          24.7150868
        ],
        [
          46.6769904,
          24.7150225
        ],
        [
          46.6771133,
          24.7148074
        ]
      ]
    ]
  }
},
{
  "type": "Feature",
  "id": "way/1304220413",
  "properties": {
    "building": "yes",
    "tourism": "hotel",
    "id": "way/1304220413"
  },
  "geometry": {
    "type": "Polygon",
    "coordinates": [
      [
        [
          46.6750961,
          24.7153752
        ],
        [
          46.6746742,
          24.7151886
        ],
        [
          46.6747362,
          24.7150644
        ],
        [
          46.6751599,
          24.7152453
        ],
        [
          46.6750961,
          24.7153752
        ]
      ]
    ]
  }
},
{
  "type": "Feature",
  "id": "way/1470059611",
  "properties": {
    "building:levels": "20",
    "building:part": "yes",
    "id": "way/1470059611"
  },
  "geometry": {
    "type": "Polygon",
    "coordinates": [
      [
        [
          46.6720772,
          24.7101146
        ],
        [
          46.6721247,
          24.7100882
        ],
        [
          46.6721792,
          24.7100775
        ],
        [
          46.6722346,
          24.7100836
        ],
        [
          46.6722846,
          24.710106
        ],
        [
          46.6723238,
          24.7101421
        ],
        [
          46.6723477,
          24.7101878
        ],
        [
          46.6723537,
          24.7102382
        ],
        [
          46.6723411,
          24.7102876
        ],
        [
          46.6723114,
          24.7103304
        ],
        [
          46.6722678,
          24.710362
        ],
        [
          46.6722167,
          24.7103785
        ],
        [
          46.6721626,
          24.7103793
        ],
        [
          46.672111,
          24.7103644
        ],
        [
          46.6720673,
          24.7103352
        ],
        [
          46.6720363,
          24.7102949
        ],
        [
          46.672021,
          24.7102477
        ],
        [
          46.6720232,
          24.7101985
        ],
        [
          46.6720426,
          24.7101525
        ],
        [
          46.6720772,
          24.7101146
        ]
      ]
    ]
  }
},
{
  "type": "Feature",
  "id": "way/1470059612",
  "properties": {
    "building:levels": "20",
    "building:part": "yes",
    "id": "way/1470059612"
  },
  "geometry": {
    "type": "Polygon",
    "coordinates": [
      [
        [
          46.6717329,
          24.7108681
        ],
        [
          46.6717808,
          24.7107693
        ],
        [
          46.6720414,
          24.7108736
        ],
        [
          46.6719935,
          24.7109723
        ],
        [
          46.6717329,
          24.7108681
        ]
      ]
    ]
  }
},
{
  "type": "Feature",
  "id": "way/1470059613",
  "properties": {
    "building:levels": "15",
    "building:part": "yes",
    "id": "way/1470059613"
  },
  "geometry": {
    "type": "Polygon",
    "coordinates": [
      [
        [
          46.6717386,
          24.7109671
        ],
        [
          46.6717732,
          24.7110166
        ],
        [
          46.6717935,
          24.711069
        ],
        [
          46.6718458,
          24.7110683
        ],
        [
          46.6719223,
          24.7110877
        ],
        [
          46.6719753,
          24.7111172
        ],
        [
          46.6719581,
          24.7111672
        ],
        [
          46.6719271,
          24.7112172
        ],
        [
          46.6718755,
          24.7112573
        ],
        [
          46.6718996,
          24.7113223
        ],
        [
          46.671828,
          24.7113486
        ],
        [
          46.6718211,
          24.7113617
        ],
        [
          46.6718238,
          24.7114268
        ],
        [
          46.6718059,
          24.7114687
        ],
        [
          46.6717743,
          24.7115181
        ],
        [
          46.6717164,
          24.7115018
        ],
        [
          46.6716682,
          24.7114724
        ],
        [
          46.6716214,
          24.7114224
        ],
        [
          46.6715402,
          24.7114505
        ],
        [
          46.671512,
          24.7113767
        ],
        [
          46.6714466,
          24.7113849
        ],
        [
          46.6713991,
          24.7113742
        ],
        [
          46.6713591,
          24.7113536
        ],
        [
          46.6713337,
          24.7113348
        ],
        [
          46.6713488,
          24.7112848
        ],
        [
          46.6713887,
          24.7112273
        ],
        [
          46.6714383,
          24.7111941
        ],
        [
          46.6714089,
          24.7111533
        ],
        [
          46.6714603,
          24.7111722
        ],
        [
          46.6716084,
          24.71123
        ],
        [
          46.6717386,
          24.7109671
        ]
      ]
    ]
  }
},
{
  "type": "Feature",
  "id": "way/1470059614",
  "properties": {
    "building:levels": "18",
    "building:part": "yes",
    "id": "way/1470059614"
  },
  "geometry": {
    "type": "Polygon",
    "coordinates": [
      [
        [
          46.6714603,
          24.7111722
        ],
        [
          46.6715485,
          24.7109836
        ],
        [
          46.6716983,
          24.7110464
        ],
        [
          46.6716084,
          24.71123
        ],
        [
          46.6714603,
          24.7111722
        ]
      ]
    ]
  }
},
{
  "type": "Feature",
  "id": "way/38124839",
  "properties": {
    "highway": "motorway",
    "lanes": "3",
    "maxspeed": "100",
    "name": "طريق الملك فهد",
    "name:ar": "طريق الملك فهد",
    "name:en": "King Fahd Road",
    "oneway": "yes",
    "ref": "65",
    "surface": "asphalt",
    "wikidata": "Q12221758",
    "id": "way/38124839"
  },
  "geometry": {
    "type": "LineString",
    "coordinates": [
      [
        46.6715873,
        24.7128918
      ],
      [
        46.67077,
        24.7145312
      ],
      [
        46.6700738,
        24.7160964
      ],
      [
        46.6690264,
        24.7180785
      ],
      [
        46.6689816,
        24.7181532
      ],
      [
        46.667838,
        24.7203794
      ],
      [
        46.6672476,
        24.7215304
      ],
      [
        46.666683,
        24.7226975
      ],
      [
        46.665776,
        24.7244686
      ]
    ]
  }
},
{
  "type": "Feature",
  "id": "way/38322226",
  "properties": {
    "highway": "residential",
    "maxspeed": "50",
    "name": "شارع هلال بن أمية",
    "name:en": "Hilal Bin Omaya",
    "id": "way/38322226"
  },
  "geometry": {
    "type": "LineString",
    "coordinates": [
      [
        46.664761,
        24.7078799
      ],
      [
        46.6656998,
        24.7082594
      ],
      [
        46.6662241,
        24.708488
      ],
      [
        46.6676556,
        24.7090799
      ],
      [
        46.6694824,
        24.7098619
      ],
      [
        46.6714718,
        24.7107102
      ]
    ]
  }
},
{
  "type": "Feature",
  "id": "way/38322227",
  "properties": {
    "highway": "residential",
    "maxspeed": "50",
    "name": "شارع الصفوي",
    "name:en": "Al Safwa",
    "id": "way/38322227"
  },
  "geometry": {
    "type": "LineString",
    "coordinates": [
      [
        46.6717301,
        24.7101955
      ],
      [
        46.6697404,
        24.7093548
      ],
      [
        46.6679051,
        24.7085863
      ]
    ]
  }
},
{
  "type": "Feature",
  "id": "way/38934820",
  "properties": {
    "highway": "residential",
    "name": "الأمير فيصل بن سعد بن عبدالرحمن",
    "name:en": "Prince Faisal Ibn Saad Ibn Abdul Rahman",
    "id": "way/38934820"
  },
  "geometry": {
    "type": "LineString",
    "coordinates": [
      [
        46.6758539,
        24.7192168
      ],
      [
        46.6762894,
        24.7183824
      ],
      [
        46.6767741,
        24.7174252
      ],
      [
        46.676942,
        24.7170504
      ],
      [
        46.6771309,
        24.7167182
      ],
      [
        46.6776958,
        24.7155864
      ],
      [
        46.6777717,
        24.715443
      ],
      [
        46.6780521,
        24.7148673
      ]
    ]
  }
},
{
  "type": "Feature",
  "id": "way/39015992",
  "properties": {
    "highway": "residential",
    "name": "الخرمة",
    "name:en": "Al Kharma",
    "id": "way/39015992"
  },
  "geometry": {
    "type": "LineString",
    "coordinates": [
      [
        46.6777717,
        24.715443
      ],
      [
        46.6770233,
        24.7151445
      ],
      [
        46.6766296,
        24.7149816
      ],
      [
        46.6762724,
        24.7148284
      ],
      [
        46.6757235,
        24.7145901
      ],
      [
        46.6749216,
        24.7142641
      ],
      [
        46.6748592,
        24.7142387
      ]
    ]
  }
},
{
  "type": "Feature",
  "id": "way/39231928",
  "properties": {
    "highway": "residential",
    "name": "الغريراء",
    "name:en": "Al Ghoreira'",
    "id": "way/39231928"
  },
  "geometry": {
    "type": "LineString",
    "coordinates": [
      [
        46.6757235,
        24.7145901
      ],
      [
        46.6753262,
        24.7153978
      ],
      [
        46.6750032,
        24.7160596
      ]
    ]
  }
},
{
  "type": "Feature",
  "id": "way/39231955",
  "properties": {
    "highway": "living_street",
    "name": "عبدالوهاب بن عبدالقادر",
    "name:en": "Abdulwahab Bin Abdulqader",
    "id": "way/39231955"
  },
  "geometry": {
    "type": "LineString",
    "coordinates": [
      [
        46.675395,
        24.7166018
      ],
      [
        46.6755538,
        24.7162654
      ],
      [
        46.6759323,
        24.7155498
      ],
      [
        46.6762724,
        24.7148284
      ]
    ]
  }
},
{
  "type": "Feature",
  "id": "way/39231956",
  "properties": {
    "highway": "living_street",
    "name": "محمد بن الذهبي",
    "name:en": "Mohammed Bin Al Dhahabi",
    "id": "way/39231956"
  },
  "geometry": {
    "type": "LineString",
    "coordinates": [
      [
        46.675838,
        24.716582
      ],
      [
        46.6760038,
        24.7162468
      ],
      [
        46.6766296,
        24.7149816
      ],
      [
        46.6769028,
        24.7144376
      ],
      [
        46.6769403,
        24.7143629
      ]
    ]
  }
},
{
  "type": "Feature",
  "id": "way/39257936",
  "properties": {
    "highway": "residential",
    "name": "رقم 96",
    "name:en": "No.96",
    "id": "way/39257936"
  },
  "geometry": {
    "type": "LineString",
    "coordinates": [
      [
        46.6738108,
        24.7160337
      ],
      [
        46.6735501,
        24.71592
      ],
      [
        46.6726429,
        24.7155242
      ],
      [
        46.672176,
        24.7153304
      ],
      [
        46.6719135,
        24.7152211
      ],
      [
        46.670944,
        24.7148495
      ],
      [
        46.6708711,
        24.7148216
      ]
    ]
  }
},
{
  "type": "Feature",
  "id": "way/39257937",
  "properties": {
    "highway": "residential",
    "name": "وادي حنيفة",
    "name:en": "Haneefa Valley",
    "id": "way/39257937"
  },
  "geometry": {
    "type": "LineString",
    "coordinates": [
      [
        46.6743801,
        24.7098224
      ],
      [
        46.6749829,
        24.7086556
      ],
      [
        46.6753093,
        24.7080783
      ],
      [
        46.675599,
        24.7074731
      ],
      [
        46.675833,
        24.7070784
      ],
      [
        46.6760503,
        24.7067038
      ],
      [
        46.6762092,
        24.7063222
      ]
    ]
  }
},
{
  "type": "Feature",
  "id": "way/39257940",
  "properties": {
    "highway": "residential",
    "name": "وادي الثمامة",
    "name:en": "Al Thumama Valley",
    "id": "way/39257940"
  },
  "geometry": {
    "type": "LineString",
    "coordinates": [
      [
        46.6756504,
        24.7103337
      ],
      [
        46.6762763,
        24.7091877
      ],
      [
        46.6768516,
        24.7080311
      ],
      [
        46.6770242,
        24.7077378
      ],
      [
        46.6771796,
        24.7074369
      ],
      [
        46.6774734,
        24.7068387
      ]
    ]
  }
},
{
  "type": "Feature",
  "id": "way/39257942",
  "properties": {
    "highway": "residential",
    "name": "رقم 92",
    "name:en": "No. 92",
    "oneway": "yes",
    "surface": "asphalt",
    "id": "way/39257942"
  },
  "geometry": {
    "type": "LineString",
    "coordinates": [
      [
        46.6741743,
        24.7083035
      ],
      [
        46.6742337,
        24.7083262
      ],
      [
        46.6749829,
        24.7086556
      ],
      [
        46.6756004,
        24.708892
      ],
      [
        46.6756785,
        24.7089408
      ],
      [
        46.6762763,
        24.7091877
      ],
      [
        46.6769132,
        24.7094647
      ],
      [
        46.677035,
        24.7095177
      ]
    ]
  }
},
{
  "type": "Feature",
  "id": "way/39257945",
  "properties": {
    "highway": "residential",
    "lanes": "2",
    "maxspeed": "30",
    "name": "وادي الأوسط",
    "name:en": "Wadi Al Awsat",
    "oneway": "yes",
    "id": "way/39257945"
  },
  "geometry": {
    "type": "LineString",
    "coordinates": [
      [
        46.6750863,
        24.7099688
      ],
      [
        46.6753583,
        24.7094461
      ],
      [
        46.675502,
        24.7091661
      ],
      [
        46.6755641,
        24.7090026
      ],
      [
        46.6756004,
        24.708892
      ],
      [
        46.6761726,
        24.7077359
      ],
      [
        46.6763763,
        24.7073117
      ],
      [
        46.6765732,
        24.7069043
      ],
      [
        46.6767384,
        24.7065602
      ]
    ]
  }
},
{
  "type": "Feature",
  "id": "way/39257947",
  "properties": {
    "highway": "residential",
    "name": "رقم 90",
    "name:en": "No. 90",
    "surface": "asphalt",
    "id": "way/39257947"
  },
  "geometry": {
    "type": "LineString",
    "coordinates": [
      [
        46.6776074,
        24.7084008
      ],
      [
        46.6775372,
        24.7083493
      ],
      [
        46.6775213,
        24.7083419
      ],
      [
        46.6768516,
        24.7080311
      ],
      [
        46.6762678,
        24.7077816
      ]
    ]
  }
},
{
  "type": "Feature",
  "id": "way/39257979",
  "properties": {
    "highway": "residential",
    "name": "سيدة الرؤساء",
    "name:en": "Sayedat Al Roasa",
    "oneway": "yes",
    "id": "way/39257979"
  },
  "geometry": {
    "type": "LineString",
    "coordinates": [
      [
        46.6755322,
        24.7128372
      ],
      [
        46.6755809,
        24.7128544
      ],
      [
        46.6756061,
        24.7128633
      ],
      [
        46.6757362,
        24.7129092
      ],
      [
        46.6765008,
        24.7131791
      ],
      [
        46.6769918,
        24.7134058
      ],
      [
        46.6773438,
        24.7135552
      ],
      [
        46.6777169,
        24.7137268
      ],
      [
        46.6784452,
        24.7140404
      ]
    ]
  }
},
{
  "type": "Feature",
  "id": "way/39257981",
  "properties": {
    "highway": "residential",
    "name": "زهير رستم",
    "name:en": "Zuhair Rostom",
    "id": "way/39257981"
  },
  "geometry": {
    "type": "LineString",
    "coordinates": [
      [
        46.6783166,
        24.7108008
      ],
      [
        46.678152,
        24.7111197
      ],
      [
        46.6769918,
        24.7134058
      ]
    ]
  }
},
{
  "type": "Feature",
  "id": "way/39257984",
  "properties": {
    "highway": "residential",
    "name": "الكر",
    "id": "way/39257984"
  },
  "geometry": {
    "type": "LineString",
    "coordinates": [
      [
        46.678152,
        24.7111197
      ],
      [
        46.6775938,
        24.7108912
      ]
    ]
  }
},
{
  "type": "Feature",
  "id": "way/39257992",
  "properties": {
    "highway": "residential",
    "maxspeed": "50",
    "name": "ابن صنعين",
    "name:en": "Ibn Sanein",
    "id": "way/39257992"
  },
  "geometry": {
    "type": "LineString",
    "coordinates": [
      [
        46.6787407,
        24.7117101
      ],
      [
        46.6777169,
        24.7137268
      ]
    ]
  }
},
{
  "type": "Feature",
  "id": "way/39257996",
  "properties": {
    "highway": "residential",
    "maxspeed": "50",
    "name": "عبدالله بن زمعة",
    "name:en": "Abdullah Bin Zamaa",
    "id": "way/39257996"
  },
  "geometry": {
    "type": "LineString",
    "coordinates": [
      [
        46.6787769,
        24.7086149
      ],
      [
        46.6783667,
        24.7094375
      ],
      [
        46.6779424,
        24.7102045
      ],
      [
        46.6777644,
        24.7105686
      ],
      [
        46.6775938,
        24.7108912
      ],
      [
        46.6765008,
        24.7131791
      ]
    ]
  }
},
{
  "type": "Feature",
  "id": "way/39258002",
  "properties": {
    "highway": "residential",
    "maxspeed": "50",
    "name": "مالك بن خلف",
    "name:en": "Malik Bin Khalaf",
    "id": "way/39258002"
  },
  "geometry": {
    "type": "LineString",
    "coordinates": [
      [
        46.6770303,
        24.714208
      ],
      [
        46.6770818,
        24.7141007
      ],
      [
        46.6773438,
        24.7135552
      ],
      [
        46.6783625,
        24.7115448
      ],
      [
        46.678524,
        24.7112353
      ],
      [
        46.6786754,
        24.710954
      ]
    ]
  }
},
{
  "type": "Feature",
  "id": "way/39258003",
  "properties": {
    "highway": "residential",
    "maxspeed": "50",
    "name": "ابن عقيل",
    "name:en": "Ibn Aqil",
    "id": "way/39258003"
  },
  "geometry": {
    "type": "LineString",
    "coordinates": [
      [
        46.6768759,
        24.7101858
      ],
      [
        46.6777644,
        24.7105686
      ],
      [
        46.6783166,
        24.7108008
      ],
      [
        46.6786754,
        24.710954
      ],
      [
        46.6787439,
        24.7109832
      ]
    ]
  }
},
{
  "type": "Feature",
  "id": "way/39258005",
  "properties": {
    "highway": "residential",
    "maxspeed": "50",
    "name": "أبي القاسم الشاطبي",
    "name:en": "Abi Al Qassem Al Shatbi",
    "id": "way/39258005"
  },
  "geometry": {
    "type": "LineString",
    "coordinates": [
      [
        46.6779424,
        24.7102045
      ],
      [
        46.6786074,
        24.7104853
      ],
      [
        46.678927,
        24.7106182
      ]
    ]
  }
},
{
  "type": "Feature",
  "id": "way/39452626",
  "properties": {
    "highway": "primary",
    "lanes": "3",
    "lit": "yes",
    "maxspeed": "90",
    "name": "طريق العروبة الفرعي",
    "name:ar": "طريق العروبة الفرعي",
    "name:en": "Al Uaroba Branch Road",
    "oneway": "yes",
    "surface": "asphalt",
    "id": "way/39452626"
  },
  "geometry": {
    "type": "LineString",
    "coordinates": [
      [
        46.6711046,
        24.7132089
      ],
      [
        46.6711817,
        24.7129547
      ],
      [
        46.6713075,
        24.7126574
      ],
      [
        46.671437,
        24.7124278
      ],
      [
        46.6714971,
        24.7123127
      ],
      [
        46.6715206,
        24.7122411
      ],
      [
        46.6715366,
        24.7121695
      ],
      [
        46.6715384,
        24.7121028
      ],
      [
        46.6715114,
        24.7120302
      ],
      [
        46.671384,
        24.7119339
      ],
      [
        46.6711434,
        24.7118559
      ],
      [
        46.6710173,
        24.7117926
      ],
      [
        46.6706352,
        24.7116195
      ],
      [
        46.670252,
        24.7114454
      ],
      [
        46.6696377,
        24.7111816
      ],
      [
        46.6692707,
        24.7110356
      ],
      [
        46.668057,
        24.7105196
      ],
      [
        46.6678914,
        24.7104414
      ],
      [
        46.6675364,
        24.7102954
      ],
      [
        46.6673462,
        24.7102165
      ],
      [
        46.6671502,
        24.710126
      ],
      [
        46.6669824,
        24.7100628
      ],
      [
        46.6668821,
        24.7100156
      ],
      [
        46.6667829,
        24.7099802
      ],
      [
        46.6660576,
        24.7096826
      ],
      [
        46.6654169,
        24.7093905
      ],
      [
        46.6646802,
        24.7090824
      ],
      [
        46.6636511,
        24.7086449
      ],
      [
        46.6633282,
        24.7085229
      ],
      [
        46.6632103,
        24.7084742
      ],
      [
        46.6628016,
        24.708286
      ],
      [
        46.6619255,
        24.7079211
      ],
      [
        46.6615436,
        24.7077624
      ],
      [
        46.6610767,
        24.7075646
      ],
      [
        46.6594319,
        24.7068791
      ],
      [
        46.6588824,
        24.706522
      ]
    ]
  }
},
{
  "type": "Feature",
  "id": "way/39452627",
  "properties": {
    "highway": "primary",
    "lanes": "4",
    "maxspeed": "90",
    "name": "طريق العروبة",
    "name:ar": "طريق العروبة",
    "name:en": "Al Uaroba Road",
    "oneway": "yes",
    "source": "Yahoo",
    "id": "way/39452627"
  },
  "geometry": {
    "type": "LineString",
    "coordinates": [
      [
        46.6929069,
        24.7213785
      ],
      [
        46.6923914,
        24.7211592
      ],
      [
        46.692021,
        24.7209958
      ],
      [
        46.6910246,
        24.7205649
      ],
      [
        46.6903045,
        24.7202526
      ],
      [
        46.6897736,
        24.7200208
      ],
      [
        46.6892619,
        24.7197976
      ],
      [
        46.6884304,
        24.7194338
      ],
      [
        46.6875502,
        24.719044
      ],
      [
        46.6864351,
        24.7185599
      ],
      [
        46.685471,
        24.7181413
      ],
      [
        46.6843306,
        24.7176348
      ],
      [
        46.6834088,
        24.7172257
      ],
      [
        46.6830802,
        24.7170831
      ],
      [
        46.6821342,
        24.7166581
      ],
      [
        46.6819055,
        24.7165653
      ],
      [
        46.6818214,
        24.7165295
      ],
      [
        46.6811872,
        24.7162464
      ],
      [
        46.6807922,
        24.7160746
      ],
      [
        46.6807153,
        24.7160412
      ],
      [
        46.6806452,
        24.7160103
      ],
      [
        46.6804079,
        24.7159055
      ],
      [
        46.6803668,
        24.7158873
      ],
      [
        46.6803298,
        24.7158709
      ],
      [
        46.6800479,
        24.7157456
      ],
      [
        46.6790059,
        24.7152844
      ],
      [
        46.6786176,
        24.7151142
      ],
      [
        46.6780521,
        24.7148673
      ],
      [
        46.6770243,
        24.714401
      ],
      [
        46.6769403,
        24.7143629
      ],
      [
        46.6765338,
        24.7141764
      ]
    ]
  }
},
{
  "type": "Feature",
  "id": "way/39453203",
  "properties": {
    "highway": "residential",
    "maxspeed": "50",
    "name": "شارع حوطة بني تميم",
    "name:ar": "شارع حوطة بني تميم",
    "name:en": "Hauta Bin Tamim Street",
    "id": "way/39453203"
  },
  "geometry": {
    "type": "LineString",
    "coordinates": [
      [
        46.6760453,
        24.7016266
      ],
      [
        46.675726,
        24.7022215
      ],
      [
        46.6755117,
        24.7026285
      ],
      [
        46.6753672,
        24.7029191
      ],
      [
        46.6751139,
        24.7034727
      ],
      [
        46.6748637,
        24.7039855
      ],
      [
        46.674682,
        24.7043134
      ],
      [
        46.67452,
        24.704625
      ],
      [
        46.6742137,
        24.7052082
      ],
      [
        46.6739885,
        24.7056973
      ],
      [
        46.6738161,
        24.706064
      ],
      [
        46.6737859,
        24.7061306
      ],
      [
        46.673607,
        24.7064632
      ],
      [
        46.6733667,
        24.7069506
      ],
      [
        46.6730218,
        24.7076391
      ],
      [
        46.6728581,
        24.7079959
      ],
      [
        46.6726992,
        24.7083126
      ]
    ]
  }
},
{
  "type": "Feature",
  "id": "way/39529764",
  "properties": {
    "highway": "residential",
    "maxspeed": "50",
    "name": "شارع أبي المفاخر الحموي",
    "name:en": "Abi Al Mafakher Al Hamawi",
    "id": "way/39529764"
  },
  "geometry": {
    "type": "LineString",
    "coordinates": [
      [
        46.6723959,
        24.7088559
      ],
      [
        46.6706817,
        24.7081102
      ]
    ]
  }
},
{
  "type": "Feature",
  "id": "way/39529765",
  "properties": {
    "highway": "residential",
    "maxspeed": "50",
    "name": "شارع الحسامي",
    "name:en": "Al Hessami",
    "id": "way/39529765"
  },
  "geometry": {
    "type": "LineString",
    "coordinates": [
      [
        46.6726992,
        24.7083126
      ],
      [
        46.6709502,
        24.7075553
      ],
      [
        46.6706159,
        24.7074256
      ]
    ]
  }
},
{
  "type": "Feature",
  "id": "way/39529771",
  "properties": {
    "highway": "residential",
    "maxspeed": "50",
    "name": "شارع الرابية",
    "name:en": "Al Rabeya",
    "surface": "asphalt",
    "id": "way/39529771"
  },
  "geometry": {
    "type": "LineString",
    "coordinates": [
      [
        46.6735746,
        24.708301
      ],
      [
        46.6728581,
        24.7079959
      ],
      [
        46.6710022,
        24.7072111
      ],
      [
        46.6707831,
        24.7071063
      ]
    ]
  }
},
{
  "type": "Feature",
  "id": "way/39529773",
  "properties": {
    "highway": "residential",
    "maxspeed": "50",
    "name": "شارع مظفر السوادي",
    "name:en": "Methfer Al Sawadi",
    "id": "way/39529773"
  },
  "geometry": {
    "type": "LineString",
    "coordinates": [
      [
        46.6721114,
        24.7094214
      ],
      [
        46.6703971,
        24.7086599
      ],
      [
        46.6700557,
        24.7085299
      ]
    ]
  }
},
{
  "type": "Feature",
  "id": "way/39529774",
  "properties": {
    "highway": "residential",
    "lit": "yes",
    "maxspeed": "50",
    "name": "شارع ابن إياس الكناني",
    "name:en": "Ibn Ayas Al Kinani",
    "surface": "asphalt",
    "id": "way/39529774"
  },
  "geometry": {
    "type": "LineString",
    "coordinates": [
      [
        46.6726947,
        24.7101038
      ],
      [
        46.6726124,
        24.7100699
      ],
      [
        46.6719151,
        24.7097828
      ],
      [
        46.6699822,
        24.708973
      ]
    ]
  }
},
{
  "type": "Feature",
  "id": "way/40539707",
  "properties": {
    "highway": "residential",
    "name": "الحربي",
    "name:ar": "الحربي",
    "name:en": "Al Harbee",
    "id": "way/40539707"
  },
  "geometry": {
    "type": "LineString",
    "coordinates": [
      [
        46.6677197,
        24.7111544
      ],
      [
        46.6685525,
        24.7115189
      ],
      [
        46.6687431,
        24.7115999
      ],
      [
        46.6689338,
        24.7116809
      ],
      [
        46.6693123,
        24.7118453
      ],
      [
        46.6695288,
        24.7119312
      ],
      [
        46.6697975,
        24.7120453
      ],
      [
        46.6699631,
        24.7121137
      ],
      [
        46.6703175,
        24.7122554
      ],
      [
        46.6706146,
        24.7123843
      ],
      [
        46.6713075,
        24.7126574
      ]
    ]
  }
},
{
  "type": "Feature",
  "id": "way/40924131",
  "properties": {
    "highway": "motorway",
    "lanes": "3",
    "lit": "yes",
    "maxspeed": "100",
    "name": "طريق الملك فهد",
    "name:ar": "طريق الملك فهد",
    "name:en": "King Fahd Road",
    "oneway": "yes",
    "ref": "65",
    "surface": "asphalt",
    "wikidata": "Q12221758",
    "id": "way/40924131"
  },
  "geometry": {
    "type": "LineString",
    "coordinates": [
      [
        46.6803121,
        24.6956441
      ],
      [
        46.6791172,
        24.6981279
      ],
      [
        46.6785823,
        24.6991884
      ],
      [
        46.6775281,
        24.7011826
      ],
      [
        46.6757748,
        24.7046837
      ],
      [
        46.6741319,
        24.7079727
      ],
      [
        46.6740843,
        24.7080754
      ],
      [
        46.6729732,
        24.7101726
      ]
    ]
  }
},
{
  "type": "Feature",
  "id": "way/53156608",
  "properties": {
    "highway": "service",
    "oneway": "yes",
    "id": "way/53156608"
  },
  "geometry": {
    "type": "LineString",
    "coordinates": [
      [
        46.6734065,
        24.7130876
      ],
      [
        46.6734037,
        24.7131053
      ],
      [
        46.6729505,
        24.7139144
      ],
      [
        46.6728536,
        24.7138933
      ],
      [
        46.672778,
        24.714045
      ],
      [
        46.6726879,
        24.7141873
      ],
      [
        46.6727179,
        24.7143085
      ],
      [
        46.672176,
        24.7153304
      ]
    ]
  }
},
{
  "type": "Feature",
  "id": "way/53625322",
  "properties": {
    "id": "way/53625322"
  },
  "geometry": {
    "type": "LineString",
    "coordinates": [
      [
        46.692636,
        24.7211971
      ],
      [
        46.6719602,
        24.7120463
      ],
      [
        46.6718054,
        24.7123292
      ],
      [
        46.6711248,
        24.7136542
      ],
      [
        46.6706188,
        24.7146846
      ],
      [
        46.6698904,
        24.7161563
      ],
      [
        46.6693352,
        24.71728
      ],
      [
        46.6688804,
        24.7181661
      ],
      [
        46.66562,
        24.7246384
      ],
      [
        46.6640274,
        24.7277853
      ],
      [
        46.6648083,
        24.7281116
      ]
    ]
  }
},
{
  "type": "Feature",
  "id": "way/54209420",
  "properties": {
    "highway": "unclassified",
    "name": "رقم 94",
    "name:en": "No. 94",
    "oneway": "yes",
    "id": "way/54209420"
  },
  "geometry": {
    "type": "LineString",
    "coordinates": [
      [
        46.6735701,
        24.7094961
      ],
      [
        46.6738465,
        24.7095937
      ],
      [
        46.6743801,
        24.7098224
      ],
      [
        46.6747608,
        24.7098691
      ],
      [
        46.6750863,
        24.7099688
      ],
      [
        46.6751693,
        24.7099995
      ],
      [
        46.6754435,
        24.7101647
      ],
      [
        46.6756504,
        24.7103337
      ],
      [
        46.6763492,
        24.7106273
      ],
      [
        46.6763843,
        24.7106346
      ],
      [
        46.6764557,
        24.7106385
      ],
      [
        46.6765444,
        24.7105426
      ]
    ]
  }
},
{
  "type": "Feature",
  "id": "way/266899333",
  "properties": {
    "highway": "primary",
    "lanes": "2",
    "maxspeed": "60",
    "name": "طريق الملك فهد الفرعي",
    "name:ar": "طريق الملك فهد الفرعي",
    "name:en": "King Fahad Branch Road",
    "oneway": "yes",
    "surface": "asphalt",
    "id": "way/266899333"
  },
  "geometry": {
    "type": "LineString",
    "coordinates": [
      [
        46.6639378,
        24.7274522
      ],
      [
        46.6640064,
        24.7272441
      ],
      [
        46.6642542,
        24.7267938
      ],
      [
        46.6648439,
        24.725516
      ],
      [
        46.6648533,
        24.7254956
      ],
      [
        46.6651945,
        24.7247627
      ],
      [
        46.6652617,
        24.7246289
      ],
      [
        46.6657978,
        24.7235915
      ],
      [
        46.6658123,
        24.7235635
      ],
      [
        46.6663221,
        24.7225597
      ],
      [
        46.6668864,
        24.7215109
      ],
      [
        46.6670729,
        24.7211577
      ],
      [
        46.6672519,
        24.7208189
      ],
      [
        46.6673079,
        24.7206097
      ],
      [
        46.6676364,
        24.7200628
      ],
      [
        46.6679965,
        24.7193669
      ],
      [
        46.6680138,
        24.7193327
      ],
      [
        46.6683416,
        24.7186865
      ],
      [
        46.6685486,
        24.7182009
      ],
      [
        46.6686277,
        24.7180808
      ],
      [
        46.6687861,
        24.7177889
      ],
      [
        46.6692884,
        24.7168251
      ],
      [
        46.6696272,
        24.7161786
      ],
      [
        46.6697273,
        24.7159527
      ],
      [
        46.6697683,
        24.7158218
      ],
      [
        46.6698045,
        24.7157278
      ],
      [
        46.6700381,
        24.7152749
      ],
      [
        46.6701666,
        24.7150443
      ],
      [
        46.6703657,
        24.7146821
      ],
      [
        46.6706498,
        24.7141106
      ],
      [
        46.6711046,
        24.7132089
      ],
      [
        46.6717061,
        24.7120273
      ],
      [
        46.6717642,
        24.7118992
      ]
    ]
  }
},
{
  "type": "Feature",
  "id": "way/266901970",
  "properties": {
    "highway": "motorway",
    "lanes": "3",
    "lit": "yes",
    "maxheight": "5.5",
    "maxspeed": "100",
    "name": "طريق الملك فهد",
    "name:ar": "طريق الملك فهد",
    "name:en": "King Fahd Road",
    "oneway": "yes",
    "ref": "65",
    "surface": "asphalt",
    "wikidata": "Q12221758",
    "id": "way/266901970"
  },
  "geometry": {
    "type": "LineString",
    "coordinates": [
      [
        46.6729732,
        24.7101726
      ],
      [
        46.6721625,
        24.7117488
      ],
      [
        46.6715873,
        24.7128918
      ]
    ]
  }
},
{
  "type": "Feature",
  "id": "way/266901971",
  "properties": {
    "highway": "motorway",
    "lanes": "3",
    "lit": "yes",
    "maxheight": "5.5",
    "maxspeed": "100",
    "name": "طريق الملك فهد",
    "name:ar": "طريق الملك فهد",
    "name:en": "King Fahd Road",
    "oneway": "yes",
    "ref": "65",
    "surface": "asphalt",
    "wikidata": "Q12221758",
    "id": "way/266901971"
  },
  "geometry": {
    "type": "LineString",
    "coordinates": [
      [
        46.6738603,
        24.7080869
      ],
      [
        46.6743171,
        24.7071156
      ],
      [
        46.6744699,
        24.7068177
      ],
      [
        46.6785774,
        24.6987679
      ],
      [
        46.6786687,
        24.6986301
      ],
      [
        46.6801859,
        24.6956024
      ]
    ]
  }
},
{
  "type": "Feature",
  "id": "way/266901972",
  "properties": {
    "highway": "motorway",
    "lanes": "4",
    "lit": "yes",
    "maxheight": "5.5",
    "maxspeed": "100",
    "name": "طريق الملك فهد",
    "name:ar": "طريق الملك فهد",
    "name:en": "King Fahd Road",
    "oneway": "yes",
    "ref": "65",
    "surface": "asphalt",
    "wikidata": "Q12221758",
    "id": "way/266901972"
  },
  "geometry": {
    "type": "LineString",
    "coordinates": [
      [
        46.6714844,
        24.712849
      ],
      [
        46.672039,
        24.7117332
      ],
      [
        46.6728437,
        24.7101318
      ]
    ]
  }
},
{
  "type": "Feature",
  "id": "way/266901973",
  "properties": {
    "highway": "primary_link",
    "lanes": "2",
    "oneway": "yes",
    "surface": "asphalt",
    "id": "way/266901973"
  },
  "geometry": {
    "type": "LineString",
    "coordinates": [
      [
        46.6711046,
        24.7132089
      ],
      [
        46.6712968,
        24.7128319
      ],
      [
        46.6713374,
        24.7127805
      ],
      [
        46.6713908,
        24.7127389
      ],
      [
        46.6714514,
        24.712716
      ]
    ]
  }
},
{
  "type": "Feature",
  "id": "way/266901974",
  "properties": {
    "bridge": "yes",
    "highway": "primary_link",
    "lanes": "2",
    "layer": "1",
    "oneway": "yes",
    "surface": "asphalt",
    "id": "way/266901974"
  },
  "geometry": {
    "type": "LineString",
    "coordinates": [
      [
        46.6724736,
        24.7114424
      ],
      [
        46.6724016,
        24.7114579
      ],
      [
        46.672332,
        24.7114542
      ],
      [
        46.6722688,
        24.7114354
      ],
      [
        46.6722237,
        24.7114062
      ],
      [
        46.672181,
        24.7113631
      ],
      [
        46.6721562,
        24.7112988
      ]
    ]
  }
},
{
  "type": "Feature",
  "id": "way/266902957",
  "properties": {
    "highway": "primary",
    "lanes": "2",
    "name": "العروبة",
    "name:en": "Al Orouba",
    "oneway": "yes",
    "surface": "asphalt",
    "id": "way/266902957"
  },
  "geometry": {
    "type": "LineString",
    "coordinates": [
      [
        46.6724692,
        24.7117005
      ],
      [
        46.6724204,
        24.7119785
      ],
      [
        46.6724222,
        24.7119983
      ],
      [
        46.6724263,
        24.7120423
      ],
      [
        46.6724347,
        24.7120729
      ],
      [
        46.6724533,
        24.7121044
      ],
      [
        46.6725191,
        24.7121486
      ],
      [
        46.6728185,
        24.7123089
      ],
      [
        46.6729803,
        24.7124328
      ]
    ]
  }
},
{
  "type": "Feature",
  "id": "way/306482454",
  "properties": {
    "highway": "unclassified",
    "oneway": "yes",
    "id": "way/306482454"
  },
  "geometry": {
    "type": "LineString",
    "coordinates": [
      [
        46.6754435,
        24.7101647
      ],
      [
        46.6754475,
        24.7102363
      ],
      [
        46.6754241,
        24.7102787
      ],
      [
        46.6753558,
        24.710325
      ]
    ]
  }
},
{
  "type": "Feature",
  "id": "way/306482455",
  "properties": {
    "highway": "unclassified",
    "oneway": "yes",
    "id": "way/306482455"
  },
  "geometry": {
    "type": "LineString",
    "coordinates": [
      [
        46.6746143,
        24.7100043
      ],
      [
        46.6746302,
        24.7099584
      ],
      [
        46.6746512,
        24.7099202
      ],
      [
        46.6747608,
        24.7098691
      ]
    ]
  }
},
{
  "type": "Feature",
  "id": "way/306482456",
  "properties": {
    "highway": "unclassified",
    "oneway": "yes",
    "id": "way/306482456"
  },
  "geometry": {
    "type": "LineString",
    "coordinates": [
      [
        46.6741125,
        24.7097906
      ],
      [
        46.6740834,
        24.7097393
      ],
      [
        46.6738976,
        24.7096525
      ],
      [
        46.6738465,
        24.7095937
      ]
    ]
  }
},
{
  "type": "Feature",
  "id": "way/409737149",
  "properties": {
    "id": "way/409737149"
  },
  "geometry": {
    "type": "LineString",
    "coordinates": [
      [
        46.6468294,
        24.7205286
      ],
      [
        46.6482108,
        24.7177354
      ],
      [
        46.6499992,
        24.7142521
      ],
      [
        46.6510656,
        24.7120872
      ],
      [
        46.6514842,
        24.7109192
      ],
      [
        46.6524865,
        24.7078374
      ],
      [
        46.6527234,
        24.7071762
      ],
      [
        46.6531249,
        24.706314
      ],
      [
        46.654092,
        24.7044191
      ],
      [
        46.6548356,
        24.7046958
      ],
      [
        46.6564555,
        24.7054276
      ],
      [
        46.6635235,
        24.7083822
      ],
      [
        46.6654195,
        24.7091847
      ],
      [
        46.6677976,
        24.7102219
      ],
      [
        46.6704777,
        24.7113392
      ],
      [
        46.6719602,
        24.7120463
      ],
      [
        46.6718054,
        24.7123292
      ],
      [
        46.6711248,
        24.7136542
      ],
      [
        46.6706188,
        24.7146846
      ],
      [
        46.6698904,
        24.7161563
      ],
      [
        46.6693352,
        24.71728
      ],
      [
        46.6688804,
        24.7181661
      ],
      [
        46.66562,
        24.7246384
      ],
      [
        46.6640274,
        24.7277853
      ],
      [
        46.6639851,
        24.7277675
      ],
      [
        46.657872,
        24.7251964
      ],
      [
        46.654401,
        24.7236839
      ],
      [
        46.6532506,
        24.7232127
      ],
      [
        46.6526757,
        24.7229994
      ],
      [
        46.6517791,
        24.7226599
      ],
      [
        46.6468294,
        24.7205286
      ]
    ]
  }
},
{
  "type": "Feature",
  "id": "way/409737153",
  "properties": {
    "id": "way/409737153"
  },
  "geometry": {
    "type": "LineString",
    "coordinates": [
      [
        46.6887598,
        24.6788199
      ],
      [
        46.6873827,
        24.6782361
      ],
      [
        46.6849855,
        24.6772343
      ],
      [
        46.6847624,
        24.6771411
      ],
      [
        46.6837921,
        24.6767482
      ],
      [
        46.682817,
        24.6764431
      ],
      [
        46.6820755,
        24.6762206
      ],
      [
        46.6808104,
        24.6758661
      ],
      [
        46.6795117,
        24.6756263
      ],
      [
        46.6784012,
        24.6754577
      ],
      [
        46.6782125,
        24.6754484
      ],
      [
        46.678201,
        24.6757753
      ],
      [
        46.67822,
        24.6760465
      ],
      [
        46.6783412,
        24.6773332
      ],
      [
        46.6783702,
        24.6777026
      ],
      [
        46.6783665,
        24.6781214
      ],
      [
        46.6783324,
        24.6785143
      ],
      [
        46.6782373,
        24.6789619
      ],
      [
        46.6781462,
        24.6792753
      ],
      [
        46.6779834,
        24.6796721
      ],
      [
        46.677225,
        24.681156
      ],
      [
        46.6767144,
        24.6821844
      ],
      [
        46.6754563,
        24.6846979
      ],
      [
        46.6748417,
        24.6859396
      ],
      [
        46.6738735,
        24.6878833
      ],
      [
        46.6719811,
        24.6915501
      ],
      [
        46.6713826,
        24.6928118
      ],
      [
        46.6703349,
        24.6949211
      ],
      [
        46.6685853,
        24.6983301
      ],
      [
        46.6685112,
        24.6984848
      ],
      [
        46.6678798,
        24.6997371
      ],
      [
        46.666665,
        24.7021402
      ],
      [
        46.6651831,
        24.7050485
      ],
      [
        46.6649888,
        24.70543
      ],
      [
        46.6639164,
        24.7075909
      ],
      [
        46.6635235,
        24.7083822
      ],
      [
        46.6677976,
        24.7102219
      ],
      [
        46.6704777,
        24.7113392
      ],
      [
        46.6719602,
        24.7120463
      ],
      [
        46.6730918,
        24.7125657
      ],
      [
        46.6819391,
        24.7165395
      ],
      [
        46.6820055,
        24.7164073
      ],
      [
        46.6830896,
        24.7143577
      ],
      [
        46.6831734,
        24.7141988
      ],
      [
        46.6864841,
        24.7079203
      ],
      [
        46.6873284,
        24.7063191
      ],
      [
        46.6879573,
        24.7065772
      ],
      [
        46.6902047,
        24.7074958
      ],
      [
        46.6904494,
        24.7076001
      ],
      [
        46.6912524,
        24.705955
      ],
      [
        46.6919137,
        24.7018478
      ],
      [
        46.6961385,
        24.6933079
      ],
      [
        46.7033416,
        24.6968874
      ],
      [
        46.6991005,
        24.6861026
      ],
      [
        46.698929,
        24.6853161
      ],
      [
        46.6992352,
        24.6843245
      ],
      [
        46.6996686,
        24.6834171
      ],
      [
        46.7019144,
        24.6787828
      ],
      [
        46.7024478,
        24.67744
      ],
      [
        46.7028033,
        24.6766357
      ],
      [
        46.7031612,
        24.6758566
      ]
    ]
  }
},
{
  "type": "Feature",
  "id": "way/458485611",
  "properties": {
    "highway": "primary",
    "horse": "no",
    "lanes": "3",
    "maxspeed": "70",
    "name": "شارع العليا",
    "name:ar": "شارع العليا",
    "name:en": "Al Olaya Street",
    "oneway": "yes",
    "surface": "asphalt",
    "id": "way/458485611"
  },
  "geometry": {
    "type": "LineString",
    "coordinates": [
      [
        46.6752818,
        24.7133301
      ],
      [
        46.6752789,
        24.7133368
      ],
      [
        46.6752669,
        24.7133641
      ],
      [
        46.6752281,
        24.7134465
      ],
      [
        46.6751681,
        24.713579
      ],
      [
        46.6751223,
        24.7136752
      ],
      [
        46.6751097,
        24.7137016
      ],
      [
        46.6750662,
        24.7138027
      ]
    ]
  }
},
{
  "type": "Feature",
  "id": "way/535677695",
  "properties": {
    "highway": "primary",
    "horse": "no",
    "lanes": "3",
    "maxspeed": "60",
    "name": "شارع العليا",
    "name:ar": "شارع العليا",
    "name:en": "Al Olaya Street",
    "oneway": "yes",
    "surface": "asphalt",
    "id": "way/535677695"
  },
  "geometry": {
    "type": "LineString",
    "coordinates": [
      [
        46.6755322,
        24.7128372
      ],
      [
        46.6752818,
        24.7133301
      ]
    ]
  }
},
{
  "type": "Feature",
  "id": "way/539903325",
  "properties": {
    "highway": "primary_link",
    "lanes": "1",
    "oneway": "yes",
    "id": "way/539903325"
  },
  "geometry": {
    "type": "LineString",
    "coordinates": [
      [
        46.6729,
        24.712608
      ],
      [
        46.672839,
        24.7126036
      ],
      [
        46.6727898,
        24.7125922
      ],
      [
        46.6727292,
        24.7125719
      ],
      [
        46.6726902,
        24.712553
      ],
      [
        46.6726103,
        24.7125183
      ],
      [
        46.6725421,
        24.7124899
      ],
      [
        46.6723247,
        24.7123881
      ],
      [
        46.6722795,
        24.7123792
      ],
      [
        46.672238,
        24.7123703
      ],
      [
        46.6721588,
        24.7124171
      ],
      [
        46.6720931,
        24.7124945
      ],
      [
        46.671996,
        24.7126043
      ]
    ]
  }
},
{
  "type": "Feature",
  "id": "way/569512708",
  "properties": {
    "highway": "primary",
    "lanes": "4",
    "lit": "yes",
    "maxspeed": "60",
    "name": "طريق الملك فهد الفرعي",
    "name:ar": "طريق الملك فهد الفرعي",
    "name:en": "King Fahad Branch Road",
    "oneway": "yes",
    "surface": "asphalt",
    "id": "way/569512708"
  },
  "geometry": {
    "type": "LineString",
    "coordinates": [
      [
        46.6730164,
        24.7094212
      ],
      [
        46.673079,
        24.709312
      ],
      [
        46.6732501,
        24.7089526
      ],
      [
        46.6732844,
        24.7088943
      ],
      [
        46.673337,
        24.7088061
      ],
      [
        46.6733969,
        24.7086869
      ],
      [
        46.6734703,
        24.7085406
      ],
      [
        46.6735746,
        24.708301
      ],
      [
        46.6739811,
        24.7074879
      ],
      [
        46.6740113,
        24.7074274
      ],
      [
        46.6740827,
        24.7072845
      ],
      [
        46.6743156,
        24.7068368
      ],
      [
        46.6743301,
        24.7068066
      ],
      [
        46.6744673,
        24.7065206
      ],
      [
        46.6745099,
        24.7064318
      ],
      [
        46.6745162,
        24.7064199
      ],
      [
        46.6746961,
        24.7060787
      ],
      [
        46.6753442,
        24.7048495
      ],
      [
        46.6754232,
        24.7046996
      ],
      [
        46.6754625,
        24.7046252
      ],
      [
        46.6754669,
        24.7046164
      ],
      [
        46.6755367,
        24.7044748
      ],
      [
        46.6757659,
        24.7040104
      ],
      [
        46.6763368,
        24.7028536
      ],
      [
        46.6764377,
        24.7026492
      ],
      [
        46.6765866,
        24.7023464
      ],
      [
        46.6767104,
        24.7020965
      ],
      [
        46.6769059,
        24.7016731
      ],
      [
        46.6769254,
        24.7016308
      ],
      [
        46.6770871,
        24.7013499
      ],
      [
        46.6773844,
        24.7008334
      ],
      [
        46.6773872,
        24.7008285
      ],
      [
        46.677395,
        24.7008126
      ]
    ]
  }
},
{
  "type": "Feature",
  "id": "way/569517077",
  "properties": {
    "highway": "primary",
    "horse": "no",
    "lanes": "3",
    "maxspeed": "60",
    "name": "شارع العليا",
    "name:ar": "شارع العليا",
    "name:en": "Al Olaya Street",
    "oneway": "yes",
    "surface": "asphalt",
    "id": "way/569517077"
  },
  "geometry": {
    "type": "LineString",
    "coordinates": [
      [
        46.6782343,
        24.7074814
      ],
      [
        46.6779966,
        24.7079462
      ],
      [
        46.6779827,
        24.7079734
      ],
      [
        46.6779383,
        24.7080602
      ],
      [
        46.6779077,
        24.7081228
      ],
      [
        46.677891,
        24.7081563
      ],
      [
        46.6778059,
        24.7083274
      ],
      [
        46.6777421,
        24.7084549
      ],
      [
        46.6777032,
        24.7085325
      ],
      [
        46.6769214,
        24.7100949
      ],
      [
        46.6768759,
        24.7101858
      ],
      [
        46.6768348,
        24.7102678
      ],
      [
        46.6766739,
        24.7105884
      ],
      [
        46.6765757,
        24.7107841
      ],
      [
        46.6765277,
        24.7108936
      ],
      [
        46.6765147,
        24.7109135
      ],
      [
        46.6764853,
        24.7109748
      ],
      [
        46.6763444,
        24.7112562
      ],
      [
        46.6759463,
        24.7120381
      ],
      [
        46.6759172,
        24.7120928
      ],
      [
        46.6755814,
        24.7127421
      ],
      [
        46.6755322,
        24.7128372
      ]
    ]
  }
},
{
  "type": "Feature",
  "id": "way/569540470",
  "properties": {
    "highway": "unclassified",
    "name": "رقم 94",
    "name:en": "No. 94",
    "oneway": "yes",
    "id": "way/569540470"
  },
  "geometry": {
    "type": "LineString",
    "coordinates": [
      [
        46.6763779,
        24.7108502
      ],
      [
        46.6763826,
        24.7107529
      ],
      [
        46.6763653,
        24.7107158
      ],
      [
        46.676283,
        24.7106752
      ],
      [
        46.6759306,
        24.7105339
      ],
      [
        46.6754841,
        24.7103548
      ],
      [
        46.675405,
        24.7103231
      ],
      [
        46.6753558,
        24.710325
      ],
      [
        46.6750758,
        24.7102765
      ],
      [
        46.6749194,
        24.7102107
      ],
      [
        46.6746663,
        24.7100447
      ],
      [
        46.6746514,
        24.7100311
      ],
      [
        46.6746143,
        24.7100043
      ],
      [
        46.6745881,
        24.7099938
      ],
      [
        46.6741125,
        24.7097906
      ],
      [
        46.6737028,
        24.7096337
      ],
      [
        46.6735697,
        24.7096677
      ],
      [
        46.6734424,
        24.7097676
      ]
    ]
  }
},
{
  "type": "Feature",
  "id": "way/569540473",
  "properties": {
    "highway": "primary",
    "horse": "no",
    "lanes": "3",
    "maxspeed": "70",
    "name": "شارع العليا",
    "name:ar": "شارع العليا",
    "name:en": "Al Olaya Street",
    "oneway": "yes",
    "surface": "asphalt",
    "id": "way/569540473"
  },
  "geometry": {
    "type": "LineString",
    "coordinates": [
      [
        46.6750662,
        24.7138027
      ],
      [
        46.6748592,
        24.7142387
      ],
      [
        46.6746128,
        24.7147359
      ],
      [
        46.6741307,
        24.7157104
      ]
    ]
  }
},
{
  "type": "Feature",
  "id": "way/593386383",
  "properties": {
    "highway": "service",
    "oneway": "yes",
    "id": "way/593386383"
  },
  "geometry": {
    "type": "LineString",
    "coordinates": [
      [
        46.6728185,
        24.7123089
      ],
      [
        46.6729667,
        24.7123185
      ],
      [
        46.6731052,
        24.7123583
      ],
      [
        46.6735431,
        24.712507
      ],
      [
        46.6735854,
        24.712495
      ],
      [
        46.6736303,
        24.7124427
      ],
      [
        46.6736888,
        24.7121448
      ],
      [
        46.6737336,
        24.7120353
      ],
      [
        46.6738277,
        24.7119176
      ],
      [
        46.6739113,
        24.711805
      ],
      [
        46.6739406,
        24.7117845
      ],
      [
        46.6739667,
        24.7117848
      ]
    ]
  }
},
{
  "type": "Feature",
  "id": "way/593386384",
  "properties": {
    "highway": "residential",
    "oneway": "yes",
    "id": "way/593386384"
  },
  "geometry": {
    "type": "LineString",
    "coordinates": [
      [
        46.6759306,
        24.7105339
      ],
      [
        46.6758485,
        24.7105451
      ],
      [
        46.6756228,
        24.7105425
      ]
    ]
  }
},
{
  "type": "Feature",
  "id": "way/593386385",
  "properties": {
    "highway": "residential",
    "layer": "-1",
    "oneway": "yes",
    "tunnel": "yes",
    "id": "way/593386385"
  },
  "geometry": {
    "type": "LineString",
    "coordinates": [
      [
        46.6753917,
        24.7120328
      ],
      [
        46.6756043,
        24.7116465
      ]
    ]
  }
},
{
  "type": "Feature",
  "id": "way/593386386",
  "properties": {
    "highway": "service",
    "layer": "-1",
    "oneway": "yes",
    "id": "way/593386386"
  },
  "geometry": {
    "type": "LineString",
    "coordinates": [
      [
        46.6756043,
        24.7116465
      ],
      [
        46.6757623,
        24.7115134
      ],
      [
        46.675837,
        24.7114325
      ],
      [
        46.6758887,
        24.7113411
      ],
      [
        46.6759864,
        24.711135
      ],
      [
        46.6759979,
        24.7110423
      ],
      [
        46.6759864,
        24.7109444
      ],
      [
        46.6759218,
        24.7108413
      ],
      [
        46.6756879,
        24.7106225
      ],
      [
        46.6756228,
        24.7105425
      ],
      [
        46.6754841,
        24.7103548
      ]
    ]
  }
},
{
  "type": "Feature",
  "id": "way/593386387",
  "properties": {
    "embankment": "yes",
    "highway": "service",
    "oneway": "yes",
    "id": "way/593386387"
  },
  "geometry": {
    "type": "LineString",
    "coordinates": [
      [
        46.6746375,
        24.7128444
      ],
      [
        46.674774,
        24.7128366
      ],
      [
        46.6750412,
        24.7128027
      ],
      [
        46.6751848,
        24.7127061
      ],
      [
        46.6753055,
        24.712479
      ],
      [
        46.6753716,
        24.7123016
      ],
      [
        46.6753831,
        24.7121189
      ],
      [
        46.6753917,
        24.7120328
      ]
    ]
  }
},
{
  "type": "Feature",
  "id": "way/593386388",
  "properties": {
    "highway": "service",
    "layer": "-1",
    "oneway": "yes",
    "tunnel": "yes",
    "id": "way/593386388"
  },
  "geometry": {
    "type": "LineString",
    "coordinates": [
      [
        46.6739667,
        24.7117848
      ],
      [
        46.6743373,
        24.7119205
      ]
    ]
  }
},
{
  "type": "Feature",
  "id": "way/593386389",
  "properties": {
    "highway": "service",
    "oneway": "yes",
    "id": "way/593386389"
  },
  "geometry": {
    "type": "LineString",
    "coordinates": [
      [
        46.6743373,
        24.7119205
      ],
      [
        46.6743518,
        24.7119364
      ],
      [
        46.674359,
        24.7119595
      ],
      [
        46.6743086,
        24.7121789
      ],
      [
        46.674287,
        24.7122576
      ],
      [
        46.6742394,
        24.7123292
      ],
      [
        46.6741944,
        24.712389
      ],
      [
        46.6741391,
        24.7124453
      ],
      [
        46.6740856,
        24.7125098
      ],
      [
        46.674027,
        24.7125626
      ],
      [
        46.6740102,
        24.7126309
      ],
      [
        46.6740456,
        24.7127325
      ],
      [
        46.6742982,
        24.7128392
      ],
      [
        46.6744957,
        24.7128438
      ],
      [
        46.6746375,
        24.7128444
      ]
    ]
  }
},
{
  "type": "Feature",
  "id": "way/593386390",
  "properties": {
    "highway": "service",
    "oneway": "yes",
    "id": "way/593386390"
  },
  "geometry": {
    "type": "LineString",
    "coordinates": [
      [
        46.6734132,
        24.7098241
      ],
      [
        46.6734409,
        24.7099762
      ],
      [
        46.6734524,
        24.7101093
      ],
      [
        46.6734467,
        24.7102267
      ],
      [
        46.6732839,
        24.7105507
      ]
    ]
  }
},
{
  "type": "Feature",
  "id": "way/593386393",
  "properties": {
    "highway": "service",
    "oneway": "yes",
    "id": "way/593386393"
  },
  "geometry": {
    "type": "LineString",
    "coordinates": [
      [
        46.6753558,
        24.710325
      ],
      [
        46.6751647,
        24.7103337
      ],
      [
        46.6750584,
        24.7103598
      ],
      [
        46.6750656,
        24.7105418
      ],
      [
        46.6750578,
        24.7106311
      ],
      [
        46.6750003,
        24.7107748
      ],
      [
        46.6748752,
        24.7109407
      ],
      [
        46.6746648,
        24.7111741
      ]
    ]
  }
},
{
  "type": "Feature",
  "id": "way/593386396",
  "properties": {
    "highway": "service",
    "layer": "-1",
    "oneway": "yes",
    "tunnel": "yes",
    "id": "way/593386396"
  },
  "geometry": {
    "type": "LineString",
    "coordinates": [
      [
        46.6746648,
        24.7111741
      ],
      [
        46.6744034,
        24.7110593
      ]
    ]
  }
},
{
  "type": "Feature",
  "id": "way/593386400",
  "properties": {
    "highway": "service",
    "oneway": "yes",
    "id": "way/593386400"
  },
  "geometry": {
    "type": "LineString",
    "coordinates": [
      [
        46.6744034,
        24.7110593
      ],
      [
        46.6744436,
        24.7109001
      ],
      [
        46.6744637,
        24.7107565
      ],
      [
        46.6744896,
        24.7106208
      ],
      [
        46.6744982,
        24.7105686
      ],
      [
        46.6745241,
        24.7105164
      ],
      [
        46.6745729,
        24.7104381
      ],
      [
        46.6746706,
        24.710365
      ],
      [
        46.6747568,
        24.7103154
      ],
      [
        46.6748257,
        24.7102867
      ],
      [
        46.6748286,
        24.7102293
      ],
      [
        46.6746397,
        24.7100662
      ],
      [
        46.6746143,
        24.7100043
      ]
    ]
  }
},
{
  "type": "Feature",
  "id": "way/593386402",
  "properties": {
    "highway": "service",
    "layer": "-1",
    "oneway": "yes",
    "tunnel": "yes",
    "id": "way/593386402"
  },
  "geometry": {
    "type": "LineString",
    "coordinates": [
      [
        46.6732839,
        24.7105507
      ],
      [
        46.6732513,
        24.7106156
      ],
      [
        46.6729091,
        24.7113166
      ]
    ]
  }
},
{
  "type": "Feature",
  "id": "way/593386406",
  "properties": {
    "highway": "primary_link",
    "lanes": "1",
    "oneway": "yes",
    "id": "way/593386406"
  },
  "geometry": {
    "type": "LineString",
    "coordinates": [
      [
        46.6729091,
        24.7113166
      ],
      [
        46.6728301,
        24.7114412
      ],
      [
        46.6727686,
        24.7115439
      ],
      [
        46.6726901,
        24.7116244
      ],
      [
        46.6724692,
        24.7117005
      ]
    ]
  }
},
{
  "type": "Feature",
  "id": "way/593386408",
  "properties": {
    "highway": "service",
    "layer": "-1",
    "oneway": "yes",
    "id": "way/593386408"
  },
  "geometry": {
    "type": "LineString",
    "coordinates": [
      [
        46.6754714,
        24.7126618
      ],
      [
        46.6754442,
        24.7125756
      ],
      [
        46.6754314,
        24.7124751
      ],
      [
        46.6754317,
        24.7122696
      ],
      [
        46.6754902,
        24.7120797
      ]
    ]
  }
},
{
  "type": "Feature",
  "id": "way/593386410",
  "properties": {
    "highway": "residential",
    "layer": "-1",
    "oneway": "yes",
    "tunnel": "yes",
    "id": "way/593386410"
  },
  "geometry": {
    "type": "LineString",
    "coordinates": [
      [
        46.6754902,
        24.7120797
      ],
      [
        46.6756485,
        24.7116916
      ]
    ]
  }
},
{
  "type": "Feature",
  "id": "way/593386412",
  "properties": {
    "highway": "service",
    "layer": "-1",
    "oneway": "yes",
    "id": "way/593386412"
  },
  "geometry": {
    "type": "LineString",
    "coordinates": [
      [
        46.6756485,
        24.7116916
      ],
      [
        46.6757501,
        24.7116156
      ],
      [
        46.6759463,
        24.7114571
      ],
      [
        46.6761029,
        24.7114089
      ]
    ]
  }
},
{
  "type": "Feature",
  "id": "way/604942959",
  "properties": {
    "highway": "primary",
    "lanes": "3",
    "maxspeed": "60",
    "name": "شارع العليا",
    "name:ar": "شارع العليا",
    "name:en": "Al Olaya Street",
    "oneway": "yes",
    "surface": "asphalt",
    "id": "way/604942959"
  },
  "geometry": {
    "type": "LineString",
    "coordinates": [
      [
        46.6759096,
        24.711792
      ],
      [
        46.6761029,
        24.7114089
      ],
      [
        46.6762233,
        24.711161
      ],
      [
        46.676337,
        24.7109269
      ],
      [
        46.6763612,
        24.7108795
      ],
      [
        46.6763779,
        24.7108502
      ],
      [
        46.6763893,
        24.710835
      ],
      [
        46.6764452,
        24.710721
      ],
      [
        46.6765444,
        24.7105426
      ],
      [
        46.6766373,
        24.7103486
      ],
      [
        46.6769825,
        24.7096273
      ]
    ]
  }
},
{
  "type": "Feature",
  "id": "way/669045347",
  "properties": {
    "highway": "residential",
    "id": "way/669045347"
  },
  "geometry": {
    "type": "LineString",
    "coordinates": [
      [
        46.6739406,
        24.7117845
      ],
      [
        46.6739854,
        24.7117099
      ],
      [
        46.6740109,
        24.7116752
      ],
      [
        46.6740417,
        24.7116435
      ],
      [
        46.6740672,
        24.7116307
      ],
      [
        46.6741108,
        24.7116185
      ],
      [
        46.6743334,
        24.7117026
      ],
      [
        46.6743462,
        24.711713
      ],
      [
        46.6743623,
        24.7117459
      ],
      [
        46.674379,
        24.7118165
      ],
      [
        46.674365,
        24.7118927
      ],
      [
        46.6743518,
        24.7119364
      ]
    ]
  }
},
{
  "type": "Feature",
  "id": "way/669045912",
  "properties": {
    "highway": "service",
    "id": "way/669045912"
  },
  "geometry": {
    "type": "LineString",
    "coordinates": [
      [
        46.6713776,
        24.7145028
      ],
      [
        46.6714011,
        24.7144443
      ]
    ]
  }
},
{
  "type": "Feature",
  "id": "way/669045913",
  "properties": {
    "highway": "service",
    "id": "way/669045913"
  },
  "geometry": {
    "type": "LineString",
    "coordinates": [
      [
        46.6720156,
        24.7131701
      ],
      [
        46.671768,
        24.7130451
      ]
    ]
  }
},
{
  "type": "Feature",
  "id": "way/669045914",
  "properties": {
    "highway": "service",
    "oneway": "yes",
    "id": "way/669045914"
  },
  "geometry": {
    "type": "LineString",
    "coordinates": [
      [
        46.6734065,
        24.7130876
      ],
      [
        46.6734011,
        24.7130786
      ],
      [
        46.6733932,
        24.7130695
      ],
      [
        46.6732393,
        24.7129107
      ],
      [
        46.67322,
        24.712874
      ],
      [
        46.6732046,
        24.7128359
      ],
      [
        46.6731899,
        24.7127819
      ],
      [
        46.673183,
        24.7127266
      ]
    ]
  }
},
{
  "type": "Feature",
  "id": "way/669045915",
  "properties": {
    "highway": "service",
    "id": "way/669045915"
  },
  "geometry": {
    "type": "LineString",
    "coordinates": [
      [
        46.6711223,
        24.714333
      ],
      [
        46.6714011,
        24.7144443
      ],
      [
        46.6720156,
        24.7131701
      ],
      [
        46.6722467,
        24.7126663
      ],
      [
        46.6722681,
        24.7126282
      ],
      [
        46.6722918,
        24.7125952
      ],
      [
        46.6723447,
        24.7125788
      ],
      [
        46.6724316,
        24.7125786
      ],
      [
        46.6730148,
        24.7128158
      ],
      [
        46.6730439,
        24.7128149
      ],
      [
        46.6730473,
        24.7128003
      ],
      [
        46.6730566,
        24.7127728
      ],
      [
        46.6730802,
        24.7126831
      ]
    ]
  }
},
{
  "type": "Feature",
  "id": "way/669045916",
  "properties": {
    "highway": "service",
    "id": "way/669045916"
  },
  "geometry": {
    "type": "LineString",
    "coordinates": [
      [
        46.6719135,
        24.7152211
      ],
      [
        46.6719711,
        24.7150961
      ],
      [
        46.6719733,
        24.7150873
      ],
      [
        46.6719724,
        24.715079
      ],
      [
        46.6719657,
        24.7150702
      ],
      [
        46.6719536,
        24.7150632
      ],
      [
        46.6713428,
        24.7148592
      ],
      [
        46.6713119,
        24.7148488
      ],
      [
        46.6712818,
        24.7148354
      ],
      [
        46.6712643,
        24.714811
      ],
      [
        46.6712603,
        24.714783
      ],
      [
        46.671271,
        24.7147501
      ],
      [
        46.6713776,
        24.7145028
      ],
      [
        46.6710912,
        24.7143934
      ]
    ]
  }
},
{
  "type": "Feature",
  "id": "way/678570859",
  "properties": {
    "highway": "residential",
    "lanes": "2",
    "layer": "1",
    "maxspeed": "30",
    "name": "وادي الأوسط",
    "name:en": "Wadi Al Awsat",
    "oneway": "yes",
    "id": "way/678570859"
  },
  "geometry": {
    "type": "LineString",
    "coordinates": [
      [
        46.677502,
        24.7053854
      ],
      [
        46.677333,
        24.7057053
      ],
      [
        46.677303,
        24.7057634
      ],
      [
        46.6772678,
        24.7058648
      ],
      [
        46.6771246,
        24.7061357
      ],
      [
        46.677073,
        24.7062234
      ],
      [
        46.676862,
        24.7066108
      ],
      [
        46.6762678,
        24.7077816
      ],
      [
        46.6756785,
        24.7089408
      ],
      [
        46.6751693,
        24.7099995
      ]
    ]
  }
},
{
  "type": "Feature",
  "id": "way/678572087",
  "properties": {
    "highway": "residential",
    "oneway": "yes",
    "id": "way/678572087"
  },
  "geometry": {
    "type": "LineString",
    "coordinates": [
      [
        46.6734065,
        24.7126082
      ],
      [
        46.6734875,
        24.7125534
      ],
      [
        46.673595,
        24.7125653
      ],
      [
        46.6737561,
        24.7126242
      ],
      [
        46.6738299,
        24.712651
      ],
      [
        46.6739117,
        24.7126827
      ],
      [
        46.6740002,
        24.7127144
      ],
      [
        46.6740456,
        24.7127325
      ]
    ]
  }
},
{
  "type": "Feature",
  "id": "way/779862593",
  "properties": {
    "highway": "motorway",
    "lanes": "3",
    "maxspeed": "100",
    "name": "طريق الملك فهد",
    "name:ar": "طريق الملك فهد",
    "name:en": "King Fahd Road",
    "oneway": "yes",
    "ref": "65",
    "surface": "asphalt",
    "wikidata": "Q12221758",
    "id": "way/779862593"
  },
  "geometry": {
    "type": "LineString",
    "coordinates": [
      [
        46.6655379,
        24.7245894
      ],
      [
        46.6656737,
        24.7243078
      ],
      [
        46.6664147,
        24.7227711
      ],
      [
        46.6668167,
        24.7220809
      ],
      [
        46.6690523,
        24.7176954
      ],
      [
        46.6692396,
        24.717328
      ],
      [
        46.6698186,
        24.716104
      ],
      [
        46.6701971,
        24.7153799
      ],
      [
        46.6706577,
        24.7144846
      ],
      [
        46.6714844,
        24.712849
      ]
    ]
  }
},
{
  "type": "Feature",
  "id": "way/844036241",
  "properties": {
    "highway": "primary",
    "lanes": "4",
    "maxspeed": "60",
    "name": "طريق الملك فهد الفرعي",
    "name:ar": "طريق الملك فهد الفرعي",
    "name:en": "King Fahad Branch Road",
    "oneway": "yes",
    "surface": "asphalt",
    "id": "way/844036241"
  },
  "geometry": {
    "type": "LineString",
    "coordinates": [
      [
        46.6735024,
        24.70964
      ],
      [
        46.6734424,
        24.7097676
      ],
      [
        46.6734132,
        24.7098241
      ],
      [
        46.6732183,
        24.7102032
      ],
      [
        46.6726705,
        24.7112836
      ],
      [
        46.6724692,
        24.7117005
      ],
      [
        46.6722637,
        24.7120873
      ],
      [
        46.672248,
        24.7121151
      ],
      [
        46.6721879,
        24.7122436
      ],
      [
        46.671996,
        24.7126043
      ],
      [
        46.671768,
        24.7130451
      ],
      [
        46.6715787,
        24.7133666
      ],
      [
        46.6711223,
        24.714333
      ],
      [
        46.6710912,
        24.7143934
      ],
      [
        46.6708711,
        24.7148216
      ],
      [
        46.6707517,
        24.7151138
      ],
      [
        46.6703511,
        24.7159962
      ],
      [
        46.6696472,
        24.7172921
      ],
      [
        46.6687343,
        24.719065
      ],
      [
        46.6687077,
        24.7191276
      ],
      [
        46.6680508,
        24.7205253
      ],
      [
        46.6679848,
        24.7206653
      ],
      [
        46.6674818,
        24.7215888
      ],
      [
        46.6674069,
        24.7217337
      ],
      [
        46.6673763,
        24.7217929
      ],
      [
        46.667249,
        24.7220394
      ],
      [
        46.6671676,
        24.7221971
      ],
      [
        46.6668309,
        24.7228658
      ],
      [
        46.666313,
        24.7239584
      ],
      [
        46.6662567,
        24.7240771
      ],
      [
        46.6661875,
        24.7242231
      ],
      [
        46.6655986,
        24.7253107
      ],
      [
        46.6654937,
        24.7254898
      ],
      [
        46.6653861,
        24.7256736
      ],
      [
        46.6648773,
        24.7266648
      ],
      [
        46.6647346,
        24.7269378
      ],
      [
        46.6646909,
        24.7270213
      ],
      [
        46.6645339,
        24.7273791
      ]
    ]
  }
},
{
  "type": "Feature",
  "id": "way/916939924",
  "properties": {
    "id": "way/916939924"
  },
  "geometry": {
    "type": "LineString",
    "coordinates": [
      [
        46.6887598,
        24.6788199
      ],
      [
        46.6804498,
        24.6952129
      ],
      [
        46.6803536,
        24.6954035
      ],
      [
        46.6718054,
        24.7123292
      ],
      [
        46.6711248,
        24.7136542
      ],
      [
        46.6706188,
        24.7146846
      ],
      [
        46.6698904,
        24.7161563
      ],
      [
        46.6693352,
        24.71728
      ],
      [
        46.6688804,
        24.7181661
      ],
      [
        46.6640274,
        24.7277853
      ],
      [
        46.6626522,
        24.7305243
      ],
      [
        46.6591466,
        24.7374283
      ],
      [
        46.6574595,
        24.7407631
      ],
      [
        46.6555314,
        24.7445997
      ],
      [
        46.6545587,
        24.7465269
      ],
      [
        46.6533938,
        24.7488152
      ],
      [
        46.6492072,
        24.7570817
      ],
      [
        46.6472405,
        24.7610016
      ]
    ]
  }
},
{
  "type": "Feature",
  "id": "way/916939925",
  "properties": {
    "id": "way/916939925"
  },
  "geometry": {
    "type": "LineString",
    "coordinates": [
      [
        46.6472405,
        24.7610016
      ],
      [
        46.6492072,
        24.7570817
      ],
      [
        46.6533938,
        24.7488152
      ],
      [
        46.6545587,
        24.7465269
      ],
      [
        46.6555314,
        24.7445997
      ],
      [
        46.6574595,
        24.7407631
      ],
      [
        46.6591466,
        24.7374283
      ],
      [
        46.6626522,
        24.7305243
      ],
      [
        46.6640274,
        24.7277853
      ],
      [
        46.6688804,
        24.7181661
      ],
      [
        46.6693352,
        24.71728
      ],
      [
        46.6698904,
        24.7161563
      ],
      [
        46.6706188,
        24.7146846
      ],
      [
        46.6711248,
        24.7136542
      ],
      [
        46.6718054,
        24.7123292
      ],
      [
        46.6830752,
        24.6900561
      ],
      [
        46.6887598,
        24.6788199
      ],
      [
        46.6889525,
        24.6783992
      ],
      [
        46.6893571,
        24.677644
      ],
      [
        46.6904463,
        24.6755391
      ],
      [
        46.6911565,
        24.6740422
      ],
      [
        46.6916259,
        24.6731106
      ],
      [
        46.6922038,
        24.6720345
      ],
      [
        46.6925311,
        24.671486
      ],
      [
        46.69286,
        24.6710326
      ],
      [
        46.693138,
        24.670686
      ],
      [
        46.6934607,
        24.6703426
      ],
      [
        46.6941487,
        24.6697171
      ],
      [
        46.6957592,
        24.6682543
      ]
    ]
  }
},
{
  "type": "Feature",
  "id": "way/954231069",
  "properties": {
    "destination": "العروبة",
    "highway": "primary",
    "lanes": "4",
    "maxspeed": "90",
    "name": "طريق العروبة",
    "name:ar": "طريق العروبة",
    "name:en": "Al Uaroba Road",
    "oneway": "yes",
    "id": "way/954231069"
  },
  "geometry": {
    "type": "LineString",
    "coordinates": [
      [
        46.6755062,
        24.7135579
      ],
      [
        46.6770303,
        24.714208
      ],
      [
        46.6777121,
        24.7145197
      ],
      [
        46.6780973,
        24.7146686
      ],
      [
        46.6781369,
        24.7146858
      ],
      [
        46.6781713,
        24.7147019
      ],
      [
        46.6791323,
        24.7151522
      ],
      [
        46.680355,
        24.7156815
      ],
      [
        46.6804407,
        24.7157186
      ],
      [
        46.6807338,
        24.7158356
      ],
      [
        46.6808053,
        24.7158641
      ],
      [
        46.6817989,
        24.716315
      ],
      [
        46.6819008,
        24.7163631
      ],
      [
        46.6819945,
        24.7164073
      ],
      [
        46.6821892,
        24.7164935
      ],
      [
        46.6824692,
        24.7166203
      ],
      [
        46.6827194,
        24.7167272
      ]
    ]
  }
},
{
  "type": "Feature",
  "id": "way/963613680",
  "properties": {
    "highway": "primary",
    "lanes": "5",
    "maxspeed": "90",
    "name": "طريق العروبة",
    "name:ar": "طريق العروبة",
    "name:en": "Al Uaroba Road",
    "oneway": "yes",
    "id": "way/963613680"
  },
  "geometry": {
    "type": "LineString",
    "coordinates": [
      [
        46.6748464,
        24.7132817
      ],
      [
        46.6749798,
        24.7133441
      ],
      [
        46.6750132,
        24.7133597
      ],
      [
        46.6750614,
        24.7133786
      ],
      [
        46.6750992,
        24.7133934
      ],
      [
        46.6752281,
        24.7134465
      ],
      [
        46.6752511,
        24.7134555
      ]
    ]
  }
},
{
  "type": "Feature",
  "id": "way/963621615",
  "properties": {
    "highway": "primary",
    "lanes": "3",
    "maxspeed": "70",
    "name": "شارع العليا",
    "name:ar": "شارع العليا",
    "name:en": "Al Olaya Street",
    "oneway": "yes",
    "surface": "asphalt",
    "id": "way/963621615"
  },
  "geometry": {
    "type": "LineString",
    "coordinates": [
      [
        46.6735234,
        24.7166181
      ],
      [
        46.6736368,
        24.7163874
      ],
      [
        46.6737238,
        24.7162106
      ],
      [
        46.6738108,
        24.7160337
      ],
      [
        46.6742626,
        24.7150567
      ],
      [
        46.674388,
        24.7147946
      ],
      [
        46.6744409,
        24.7146896
      ],
      [
        46.6748632,
        24.7138986
      ],
      [
        46.6749471,
        24.7137096
      ],
      [
        46.6749738,
        24.7136549
      ],
      [
        46.6749853,
        24.7136313
      ],
      [
        46.6749925,
        24.7136164
      ],
      [
        46.6750346,
        24.7135301
      ],
      [
        46.6750992,
        24.7133934
      ],
      [
        46.6751603,
        24.7132834
      ],
      [
        46.6752512,
        24.7131196
      ],
      [
        46.675299,
        24.7130202
      ],
      [
        46.6753116,
        24.712994
      ],
      [
        46.6754714,
        24.7126618
      ],
      [
        46.6759096,
        24.711792
      ]
    ]
  }
},
{
  "type": "Feature",
  "id": "way/984456219",
  "properties": {
    "highway": "service",
    "oneway": "yes",
    "id": "way/984456219"
  },
  "geometry": {
    "type": "LineString",
    "coordinates": [
      [
        46.6729505,
        24.7139144
      ],
      [
        46.6732921,
        24.7140499
      ],
      [
        46.6731162,
        24.7143674
      ],
      [
        46.6729974,
        24.714413
      ],
      [
        46.6727179,
        24.7143085
      ]
    ]
  }
},
{
  "type": "Feature",
  "id": "way/993724571",
  "properties": {
    "highway": "primary",
    "lanes": "3",
    "lit": "yes",
    "maxspeed": "90",
    "name": "طريق العروبة",
    "name:ar": "طريق العروبة",
    "name:en": "Al Uaroba Road",
    "oneway": "yes",
    "source": "Yahoo",
    "surface": "asphalt",
    "id": "way/993724571"
  },
  "geometry": {
    "type": "LineString",
    "coordinates": [
      [
        46.6721556,
        24.7120704
      ],
      [
        46.672248,
        24.7121151
      ],
      [
        46.6729803,
        24.7124328
      ],
      [
        46.6732993,
        24.7125641
      ],
      [
        46.6734065,
        24.7126082
      ],
      [
        46.6743236,
        24.7130242
      ],
      [
        46.6746014,
        24.7131713
      ],
      [
        46.6748464,
        24.7132817
      ]
    ]
  }
},
{
  "type": "Feature",
  "id": "way/1030704555",
  "properties": {
    "highway": "primary_link",
    "lanes": "1",
    "name": "العليا",
    "name:en": "Al Olaya",
    "oneway": "yes",
    "id": "way/1030704555"
  },
  "geometry": {
    "type": "LineString",
    "coordinates": [
      [
        46.6743236,
        24.7130242
      ],
      [
        46.6744164,
        24.713034
      ],
      [
        46.6745114,
        24.7130661
      ],
      [
        46.6747849,
        24.7131815
      ],
      [
        46.674889,
        24.7132229
      ],
      [
        46.6749335,
        24.7132406
      ],
      [
        46.674982,
        24.713249
      ],
      [
        46.6750568,
        24.7132368
      ],
      [
        46.6751552,
        24.7131974
      ],
      [
        46.6752512,
        24.7131196
      ]
    ]
  }
},
{
  "type": "Feature",
  "id": "way/1035935038",
  "properties": {
    "highway": "service",
    "id": "way/1035935038"
  },
  "geometry": {
    "type": "LineString",
    "coordinates": [
      [
        46.6742165,
        24.714598
      ],
      [
        46.6743974,
        24.7146718
      ],
      [
        46.6744409,
        24.7146896
      ]
    ]
  }
},
{
  "type": "Feature",
  "id": "way/1035935039",
  "properties": {
    "highway": "service",
    "id": "way/1035935039"
  },
  "geometry": {
    "type": "LineString",
    "coordinates": [
      [
        46.674388,
        24.7147946
      ],
      [
        46.674169,
        24.7146924
      ]
    ]
  }
},
{
  "type": "Feature",
  "id": "way/1035935040",
  "properties": {
    "highway": "service",
    "id": "way/1035935040"
  },
  "geometry": {
    "type": "LineString",
    "coordinates": [
      [
        46.6744639,
        24.7132858
      ],
      [
        46.6743649,
        24.7134407
      ]
    ]
  }
},
{
  "type": "Feature",
  "id": "way/1035935041",
  "properties": {
    "highway": "service",
    "id": "way/1035935041"
  },
  "geometry": {
    "type": "LineString",
    "coordinates": [
      [
        46.6735501,
        24.71592
      ],
      [
        46.6736295,
        24.7157624
      ],
      [
        46.674169,
        24.7146924
      ],
      [
        46.6742165,
        24.714598
      ],
      [
        46.6746318,
        24.7137743
      ],
      [
        46.6746023,
        24.713672
      ],
      [
        46.6745031,
        24.713499
      ],
      [
        46.6743649,
        24.7134407
      ],
      [
        46.6734065,
        24.7130876
      ]
    ]
  }
},
{
  "type": "Feature",
  "id": "way/1038620487",
  "properties": {
    "highway": "service",
    "oneway": "yes",
    "id": "way/1038620487"
  },
  "geometry": {
    "type": "LineString",
    "coordinates": [
      [
        46.6780882,
        24.7144503
      ],
      [
        46.6780973,
        24.7146686
      ]
    ]
  }
},
{
  "type": "Feature",
  "id": "way/1038620488",
  "properties": {
    "highway": "service",
    "oneway": "yes",
    "id": "way/1038620488"
  },
  "geometry": {
    "type": "LineString",
    "coordinates": [
      [
        46.6777121,
        24.7145197
      ],
      [
        46.6778249,
        24.7144423
      ]
    ]
  }
},
{
  "type": "Feature",
  "id": "way/1038620489",
  "properties": {
    "highway": "service",
    "oneway": "yes",
    "id": "way/1038620489"
  },
  "geometry": {
    "type": "LineString",
    "coordinates": [
      [
        46.6778249,
        24.7144423
      ],
      [
        46.6780882,
        24.7144503
      ]
    ]
  }
},
{
  "type": "Feature",
  "id": "way/1038620490",
  "properties": {
    "highway": "service",
    "id": "way/1038620490"
  },
  "geometry": {
    "type": "LineString",
    "coordinates": [
      [
        46.6778249,
        24.7144423
      ],
      [
        46.6779459,
        24.7142349
      ],
      [
        46.6780111,
        24.7142045
      ],
      [
        46.6780584,
        24.7142555
      ],
      [
        46.6780882,
        24.7144503
      ]
    ]
  }
},
{
  "type": "Feature",
  "id": "way/1038665397",
  "properties": {
    "highway": "service",
    "id": "way/1038665397"
  },
  "geometry": {
    "type": "LineString",
    "coordinates": [
      [
        46.6748389,
        24.7075563
      ],
      [
        46.6750127,
        24.7076316
      ],
      [
        46.6750489,
        24.7076852
      ],
      [
        46.6750449,
        24.7077486
      ],
      [
        46.6748571,
        24.7081043
      ],
      [
        46.6747914,
        24.7081214
      ],
      [
        46.674723,
        24.7081116
      ],
      [
        46.6745308,
        24.708057
      ]
    ]
  }
},
{
  "type": "Feature",
  "id": "way/1119515481",
  "properties": {
    "highway": "service",
    "service": "parking_aisle",
    "id": "way/1119515481"
  },
  "geometry": {
    "type": "LineString",
    "coordinates": [
      [
        46.6734703,
        24.7085406
      ],
      [
        46.6733001,
        24.708465
      ],
      [
        46.6729139,
        24.7082944
      ]
    ]
  }
},
{
  "type": "Feature",
  "id": "way/1247262036",
  "properties": {
    "electrified": "rail",
    "gauge": "1435",
    "layer": "-2",
    "name": "المسار الازرق",
    "name:ar": "المسار الازرق",
    "name:en": "Blue Line",
    "railway": "subway",
    "tunnel": "yes",
    "id": "way/1247262036"
  },
  "geometry": {
    "type": "LineString",
    "coordinates": [
      [
        46.6751435,
        24.7134715
      ],
      [
        46.6755802,
        24.7126288
      ],
      [
        46.6765521,
        24.7107371
      ]
    ]
  }
},
{
  "type": "Feature",
  "id": "way/1247262037",
  "properties": {
    "electrified": "rail",
    "gauge": "1435",
    "layer": "-2",
    "name": "المسار الازرق",
    "name:ar": "المسار الازرق",
    "name:en": "Blue Line",
    "railway": "subway",
    "tunnel": "yes",
    "id": "way/1247262037"
  },
  "geometry": {
    "type": "LineString",
    "coordinates": [
      [
        46.6712682,
        24.7212783
      ],
      [
        46.6747263,
        24.7143127
      ],
      [
        46.6751435,
        24.7134715
      ]
    ]
  }
},
{
  "type": "Feature",
  "id": "way/1298768896",
  "properties": {
    "id": "way/1298768896"
  },
  "geometry": {
    "type": "LineString",
    "coordinates": [
      [
        46.6717629,
        24.7103165
      ],
      [
        46.6723112,
        24.7105285
      ],
      [
        46.6721859,
        24.7107959
      ]
    ]
  }
},
{
  "type": "Feature",
  "id": "way/1298997886",
  "properties": {
    "id": "way/1298997886"
  },
  "geometry": {
    "type": "LineString",
    "coordinates": [
      [
        46.6721618,
        24.7108474
      ],
      [
        46.6716135,
        24.7106354
      ],
      [
        46.6716789,
        24.7104957
      ]
    ]
  }
},
{
  "type": "Feature",
  "id": "way/1298997887",
  "properties": {
    "highway": "service",
    "layer": "-1",
    "oneway": "yes",
    "service": "parking_aisle",
    "id": "way/1298997887"
  },
  "geometry": {
    "type": "LineString",
    "coordinates": [
      [
        46.6726124,
        24.7100699
      ],
      [
        46.6726191,
        24.7099352
      ],
      [
        46.6726054,
        24.7099027
      ],
      [
        46.6725771,
        24.7098279
      ],
      [
        46.672801,
        24.7093637
      ]
    ]
  }
},
{
  "type": "Feature",
  "id": "way/1299053650",
  "properties": {
    "highway": "service",
    "oneway": "yes",
    "service": "parking_aisle",
    "id": "way/1299053650"
  },
  "geometry": {
    "type": "LineString",
    "coordinates": [
      [
        46.672801,
        24.7093637
      ],
      [
        46.6730344,
        24.7089091
      ],
      [
        46.6732501,
        24.7089526
      ]
    ]
  }
},
{
  "type": "Feature",
  "id": "way/1299550951",
  "properties": {
    "highway": "secondary",
    "name": "شارع خالد بن يزيد بن معاويه",
    "oneway": "yes",
    "id": "way/1299550951"
  },
  "geometry": {
    "type": "LineString",
    "coordinates": [
      [
        46.6776824,
        24.7082425
      ],
      [
        46.6777433,
        24.7082059
      ],
      [
        46.6777913,
        24.7081795
      ],
      [
        46.677891,
        24.7081563
      ],
      [
        46.6779674,
        24.7081454
      ],
      [
        46.6780631,
        24.7081782
      ],
      [
        46.6781564,
        24.7082239
      ]
    ]
  }
},
{
  "type": "Feature",
  "id": "way/1299689985",
  "properties": {
    "barrier": "kerb",
    "id": "way/1299689985"
  },
  "geometry": {
    "type": "LineString",
    "coordinates": [
      [
        46.6730834,
        24.7123821
      ],
      [
        46.6732483,
        24.7124444
      ],
      [
        46.6734277,
        24.7125163
      ]
    ]
  }
},
{
  "type": "Feature",
  "id": "way/1299689987",
  "properties": {
    "highway": "service",
    "id": "way/1299689987"
  },
  "geometry": {
    "type": "LineString",
    "coordinates": [
      [
        46.6739161,
        24.7099828
      ],
      [
        46.6738058,
        24.7100003
      ],
      [
        46.6736733,
        24.710048
      ],
      [
        46.6735685,
        24.7101206
      ],
      [
        46.6735216,
        24.7102108
      ],
      [
        46.6734582,
        24.7103236
      ],
      [
        46.673414,
        24.7104088
      ],
      [
        46.6733561,
        24.710489
      ],
      [
        46.6732839,
        24.7105507
      ]
    ]
  }
},
{
  "type": "Feature",
  "id": "way/1299707038",
  "properties": {
    "barrier": "kerb",
    "id": "way/1299707038"
  },
  "geometry": {
    "type": "LineString",
    "coordinates": [
      [
        46.6751859,
        24.7133572
      ],
      [
        46.6752107,
        24.7133067
      ],
      [
        46.6753054,
        24.713123
      ],
      [
        46.6757401,
        24.7122369
      ],
      [
        46.6759125,
        24.7119002
      ],
      [
        46.6763083,
        24.7111243
      ],
      [
        46.6765053,
        24.7107356
      ]
    ]
  }
},
{
  "type": "Feature",
  "id": "way/1299707039",
  "properties": {
    "highway": "primary_link",
    "lanes": "1",
    "name": "طريق العليا العام",
    "oneway": "yes",
    "id": "way/1299707039"
  },
  "geometry": {
    "type": "LineString",
    "coordinates": [
      [
        46.6766739,
        24.7105884
      ],
      [
        46.6766328,
        24.7106205
      ],
      [
        46.6766046,
        24.7106435
      ],
      [
        46.6765787,
        24.7106556
      ],
      [
        46.676547,
        24.7106509
      ],
      [
        46.6765337,
        24.7106419
      ],
      [
        46.6765303,
        24.7105949
      ],
      [
        46.6765444,
        24.7105426
      ]
    ]
  }
},
{
  "type": "Feature",
  "id": "way/1299707041",
  "properties": {
    "barrier": "kerb",
    "id": "way/1299707041"
  },
  "geometry": {
    "type": "LineString",
    "coordinates": [
      [
        46.6765645,
        24.710622
      ],
      [
        46.6769093,
        24.7099243
      ],
      [
        46.6770121,
        24.7097347
      ],
      [
        46.6771556,
        24.7094517
      ],
      [
        46.6773122,
        24.7091274
      ],
      [
        46.6777718,
        24.7082261
      ]
    ]
  }
},
{
  "type": "Feature",
  "id": "way/1299707042",
  "properties": {
    "barrier": "kerb",
    "id": "way/1299707042"
  },
  "geometry": {
    "type": "LineString",
    "coordinates": [
      [
        46.6778153,
        24.7081392
      ],
      [
        46.6780123,
        24.7077506
      ],
      [
        46.6781038,
        24.707562
      ],
      [
        46.6781953,
        24.7073733
      ],
      [
        46.6784177,
        24.7069354
      ],
      [
        46.6785464,
        24.7066923
      ],
      [
        46.6789194,
        24.7059436
      ],
      [
        46.6790175,
        24.7057495
      ]
    ]
  }
},
{
  "type": "Feature",
  "id": "way/1300692242",
  "properties": {
    "id": "way/1300692242"
  },
  "geometry": {
    "type": "LineString",
    "coordinates": [
      [
        46.6716789,
        24.7104957
      ],
      [
        46.6717629,
        24.7103165
      ]
    ]
  }
},
{
  "type": "Feature",
  "id": "way/1300692243",
  "properties": {
    "id": "way/1300692243"
  },
  "geometry": {
    "type": "LineString",
    "coordinates": [
      [
        46.6721859,
        24.7107959
      ],
      [
        46.6721618,
        24.7108474
      ]
    ]
  }
},
{
  "type": "Feature",
  "id": "way/1300838677",
  "properties": {
    "highway": "residential",
    "lit": "yes",
    "maxspeed": "50",
    "name": "شارع حوطة بني تميم",
    "name:ar": "شارع حوطة بني تميم",
    "name:en": "Hauta Bin Tamim Street",
    "surface": "asphalt",
    "id": "way/1300838677"
  },
  "geometry": {
    "type": "LineString",
    "coordinates": [
      [
        46.6726992,
        24.7083126
      ],
      [
        46.6723959,
        24.7088559
      ],
      [
        46.6721114,
        24.7094214
      ],
      [
        46.6719151,
        24.7097828
      ],
      [
        46.6717301,
        24.7101955
      ],
      [
        46.6714718,
        24.7107102
      ],
      [
        46.6711473,
        24.7113892
      ]
    ]
  }
},
{
  "type": "Feature",
  "id": "way/1301239457",
  "properties": {
    "highway": "primary",
    "lanes": "3",
    "lit": "yes",
    "maxspeed": "60",
    "name": "طريق الملك فهد الفرعي",
    "name:ar": "طريق الملك فهد الفرعي",
    "name:en": "King Fahad Branch Road",
    "oneway": "yes",
    "surface": "asphalt",
    "id": "way/1301239457"
  },
  "geometry": {
    "type": "LineString",
    "coordinates": [
      [
        46.6717642,
        24.7118992
      ],
      [
        46.6719936,
        24.7114547
      ],
      [
        46.6721902,
        24.7110917
      ],
      [
        46.6724835,
        24.7105173
      ],
      [
        46.672615,
        24.7102606
      ],
      [
        46.6726947,
        24.7101038
      ],
      [
        46.6727682,
        24.7099623
      ],
      [
        46.6729456,
        24.7095607
      ],
      [
        46.6730164,
        24.7094212
      ]
    ]
  }
},
{
  "type": "Feature",
  "id": "way/1301290505",
  "properties": {
    "highway": "service",
    "oneway": "yes",
    "id": "way/1301290505"
  },
  "geometry": {
    "type": "LineString",
    "coordinates": [
      [
        46.6742982,
        24.7128392
      ],
      [
        46.6746209,
        24.7129699
      ],
      [
        46.674744,
        24.7130285
      ],
      [
        46.6748144,
        24.7130575
      ],
      [
        46.6748782,
        24.71308
      ],
      [
        46.6749381,
        24.7130989
      ],
      [
        46.675013,
        24.7130966
      ],
      [
        46.6750638,
        24.7130877
      ],
      [
        46.67517,
        24.7130599
      ],
      [
        46.6751833,
        24.7130537
      ],
      [
        46.6753116,
        24.712994
      ]
    ]
  }
},
{
  "type": "Feature",
  "id": "way/1301290506",
  "properties": {
    "destination": "طريق الملك فهد الرئيسي",
    "highway": "motorway_link",
    "lanes": "1",
    "lit": "yes",
    "oneway": "yes",
    "surface": "asphalt",
    "id": "way/1301290506"
  },
  "geometry": {
    "type": "LineString",
    "coordinates": [
      [
        46.673337,
        24.7088061
      ],
      [
        46.6735771,
        24.7084933
      ],
      [
        46.6736372,
        24.708397
      ],
      [
        46.6737026,
        24.7082814
      ],
      [
        46.6737521,
        24.7082172
      ],
      [
        46.6738603,
        24.7080869
      ]
    ]
  }
},
{
  "type": "Feature",
  "id": "way/1302839133",
  "properties": {
    "highway": "secondary_link",
    "maxspeed": "60",
    "oneway": "yes",
    "id": "way/1302839133"
  },
  "geometry": {
    "type": "LineString",
    "coordinates": [
      [
        46.6781117,
        24.7083302
      ],
      [
        46.6780995,
        24.7082993
      ],
      [
        46.6781041,
        24.7082667
      ],
      [
        46.6781246,
        24.7082396
      ],
      [
        46.6781564,
        24.7082239
      ]
    ]
  }
},
{
  "type": "Feature",
  "id": "way/1303274930",
  "properties": {
    "highway": "motorway",
    "lanes": "3",
    "lit": "yes",
    "maxspeed": "100",
    "name": "طريق الملك فهد",
    "name:ar": "طريق الملك فهد",
    "name:en": "King Fahd Road",
    "oneway": "yes",
    "ref": "65",
    "surface": "asphalt",
    "wikidata": "Q12221758",
    "id": "way/1303274930"
  },
  "geometry": {
    "type": "LineString",
    "coordinates": [
      [
        46.6728437,
        24.7101318
      ],
      [
        46.6735391,
        24.7088051
      ],
      [
        46.6738603,
        24.7080869
      ]
    ]
  }
},
{
  "type": "Feature",
  "id": "way/1303463499",
  "properties": {
    "highway": "primary",
    "lanes": "3",
    "maxspeed": "60",
    "name": "طريق الملك فهد الفرعي",
    "name:ar": "طريق الملك فهد الفرعي",
    "name:en": "King Fahad Branch Road",
    "oneway": "yes",
    "surface": "asphalt",
    "id": "way/1303463499"
  },
  "geometry": {
    "type": "LineString",
    "coordinates": [
      [
        46.6747406,
        24.7071188
      ],
      [
        46.6746986,
        24.7072065
      ],
      [
        46.6745672,
        24.7074809
      ],
      [
        46.6743939,
        24.7078518
      ],
      [
        46.6743187,
        24.7080129
      ],
      [
        46.6742107,
        24.7082329
      ],
      [
        46.6741743,
        24.7083035
      ],
      [
        46.6736285,
        24.7093846
      ],
      [
        46.6735701,
        24.7094961
      ],
      [
        46.6735024,
        24.70964
      ]
    ]
  }
},
{
  "type": "Feature",
  "id": "way/1303644082",
  "properties": {
    "highway": "primary",
    "lanes": "6",
    "maxspeed": "90",
    "name": "طريق العروبة",
    "name:ar": "طريق العروبة",
    "name:en": "Al Uaroba Road",
    "oneway": "yes",
    "source": "Yahoo",
    "id": "way/1303644082"
  },
  "geometry": {
    "type": "LineString",
    "coordinates": [
      [
        46.6759467,
        24.7139072
      ],
      [
        46.6753521,
        24.7136559
      ],
      [
        46.6753221,
        24.7136425
      ],
      [
        46.6752925,
        24.7136303
      ],
      [
        46.6751681,
        24.713579
      ],
      [
        46.6750346,
        24.7135301
      ]
    ]
  }
},
{
  "type": "Feature",
  "id": "way/1303644083",
  "properties": {
    "highway": "primary",
    "lanes": "3",
    "maxspeed": "90",
    "name": "طريق العروبة",
    "name:ar": "طريق العروبة",
    "name:en": "Al Uaroba Road",
    "oneway": "yes",
    "source": "Yahoo",
    "id": "way/1303644083"
  },
  "geometry": {
    "type": "LineString",
    "coordinates": [
      [
        46.6765338,
        24.7141764
      ],
      [
        46.6759467,
        24.7139072
      ]
    ]
  }
},
{
  "type": "Feature",
  "id": "way/1303644084",
  "properties": {
    "highway": "primary",
    "lanes": "3",
    "maxspeed": "90",
    "name": "طريق العروبة",
    "name:ar": "طريق العروبة",
    "name:en": "Al Uaroba Road",
    "oneway": "yes",
    "id": "way/1303644084"
  },
  "geometry": {
    "type": "LineString",
    "coordinates": [
      [
        46.6752511,
        24.7134555
      ],
      [
        46.6753619,
        24.7134999
      ],
      [
        46.6753878,
        24.7135103
      ],
      [
        46.6754298,
        24.7135272
      ],
      [
        46.6755062,
        24.7135579
      ]
    ]
  }
},
{
  "type": "Feature",
  "id": "way/1303644085",
  "properties": {
    "highway": "primary",
    "lanes": "3",
    "maxspeed": "90",
    "name": "طريق العروبة",
    "name:ar": "طريق العروبة",
    "name:en": "Al Uaroba Road",
    "oneway": "yes",
    "source": "Yahoo",
    "id": "way/1303644085"
  },
  "geometry": {
    "type": "LineString",
    "coordinates": [
      [
        46.6750346,
        24.7135301
      ],
      [
        46.6749899,
        24.7135121
      ],
      [
        46.6747987,
        24.7134301
      ],
      [
        46.6744639,
        24.7132858
      ],
      [
        46.6744075,
        24.7132629
      ]
    ]
  }
},
{
  "type": "Feature",
  "id": "way/1303644086",
  "properties": {
    "highway": "primary",
    "lanes": "4",
    "maxspeed": "90",
    "name": "طريق العروبة",
    "name:ar": "طريق العروبة",
    "name:en": "Al Uaroba Road",
    "oneway": "yes",
    "source": "Yahoo",
    "surface": "asphalt",
    "id": "way/1303644086"
  },
  "geometry": {
    "type": "LineString",
    "coordinates": [
      [
        46.6744075,
        24.7132629
      ],
      [
        46.6742236,
        24.713188
      ],
      [
        46.6735121,
        24.7128638
      ],
      [
        46.6733686,
        24.7128009
      ],
      [
        46.673183,
        24.7127266
      ],
      [
        46.6730802,
        24.7126831
      ],
      [
        46.6729,
        24.712608
      ],
      [
        46.6728887,
        24.712593
      ]
    ]
  }
},
{
  "type": "Feature",
  "id": "way/1303644087",
  "properties": {
    "highway": "primary",
    "lanes": "3",
    "maxspeed": "90",
    "name": "طريق العروبة",
    "name:ar": "طريق العروبة",
    "name:en": "Al Uaroba Road",
    "oneway": "yes",
    "source": "Yahoo",
    "surface": "asphalt",
    "id": "way/1303644087"
  },
  "geometry": {
    "type": "LineString",
    "coordinates": [
      [
        46.6728887,
        24.712593
      ],
      [
        46.6728561,
        24.712579
      ],
      [
        46.6724446,
        24.712375
      ],
      [
        46.6722557,
        24.7122783
      ],
      [
        46.6721879,
        24.7122436
      ],
      [
        46.672087,
        24.712197
      ]
    ]
  }
},
{
  "type": "Feature",
  "id": "way/1303644088",
  "properties": {
    "highway": "primary",
    "lanes": "6",
    "lit": "yes",
    "maxspeed": "90",
    "name": "طريق العروبة",
    "name:ar": "طريق العروبة",
    "name:en": "Al Uaroba Road",
    "oneway": "yes",
    "source": "Yahoo",
    "surface": "asphalt",
    "id": "way/1303644088"
  },
  "geometry": {
    "type": "LineString",
    "coordinates": [
      [
        46.6712992,
        24.7118462
      ],
      [
        46.6712338,
        24.711818
      ],
      [
        46.6702644,
        24.7113684
      ],
      [
        46.6699969,
        24.7112646
      ],
      [
        46.6697054,
        24.7111119
      ]
    ]
  }
},
{
  "type": "Feature",
  "id": "way/1303644090",
  "properties": {
    "highway": "tertiary",
    "lanes": "2",
    "lit": "yes",
    "maxspeed": "60",
    "name": "طريق العروبة الفرعي",
    "name:ar": "طريق العروبة الفرعي",
    "name:en": "Al Uaroba Branch Road",
    "oneway": "yes",
    "surface": "asphalt",
    "id": "way/1303644090"
  },
  "geometry": {
    "type": "LineString",
    "coordinates": [
      [
        46.668446,
        24.7102636
      ],
      [
        46.6691405,
        24.7105424
      ],
      [
        46.6707173,
        24.7112204
      ],
      [
        46.6711473,
        24.7113892
      ],
      [
        46.6714222,
        24.7115107
      ],
      [
        46.6716409,
        24.7116074
      ],
      [
        46.6717348,
        24.7116077
      ],
      [
        46.6718527,
        24.7115533
      ],
      [
        46.6719936,
        24.7114547
      ]
    ]
  }
},
{
  "type": "Feature",
  "id": "way/1303655448",
  "properties": {
    "highway": "primary_link",
    "lanes": "1",
    "maxspeed": "110",
    "oneway": "yes",
    "surface": "asphalt",
    "id": "way/1303655448"
  },
  "geometry": {
    "type": "LineString",
    "coordinates": [
      [
        46.6715893,
        24.7119753
      ],
      [
        46.671384,
        24.7119339
      ],
      [
        46.6712992,
        24.7118462
      ]
    ]
  }
},
{
  "type": "Feature",
  "id": "way/1304603065",
  "properties": {
    "highway": "secondary",
    "lanes": "2",
    "maxspeed": "60",
    "name": "شارع خالد بن يزيد بن معاوية",
    "name:ar": "شارع خالد بن يزيد بن معاوية",
    "name:en": "Khalid Bin Yazid Bin Mu'awiah Street",
    "oneway": "yes",
    "id": "way/1304603065"
  },
  "geometry": {
    "type": "LineString",
    "coordinates": [
      [
        46.6787437,
        24.7086007
      ],
      [
        46.6781117,
        24.7083302
      ],
      [
        46.6780397,
        24.7083075
      ],
      [
        46.6779576,
        24.7082921
      ],
      [
        46.6778745,
        24.7083008
      ],
      [
        46.6778059,
        24.7083274
      ]
    ]
  }
},
{
  "type": "Feature",
  "id": "way/1304610594",
  "properties": {
    "highway": "primary",
    "lanes": "3",
    "maxspeed": "70",
    "name": "شارع العليا",
    "name:ar": "شارع العليا",
    "name:en": "Al Olaya Street",
    "oneway": "yes",
    "id": "way/1304610594"
  },
  "geometry": {
    "type": "LineString",
    "coordinates": [
      [
        46.6776824,
        24.7082425
      ],
      [
        46.6777675,
        24.7080767
      ],
      [
        46.6778572,
        24.7079014
      ],
      [
        46.6780677,
        24.7074741
      ]
    ]
  }
},
{
  "type": "Feature",
  "id": "way/1304610595",
  "properties": {
    "highway": "primary",
    "lanes": "4",
    "maxspeed": "60",
    "name": "شارع العليا",
    "name:ar": "شارع العليا",
    "name:en": "Al Olaya Street",
    "oneway": "yes",
    "surface": "asphalt",
    "id": "way/1304610595"
  },
  "geometry": {
    "type": "LineString",
    "coordinates": [
      [
        46.6769825,
        24.7096273
      ],
      [
        46.6769922,
        24.709607
      ],
      [
        46.677035,
        24.7095177
      ],
      [
        46.677137,
        24.7093095
      ],
      [
        46.6776074,
        24.7084008
      ],
      [
        46.6776466,
        24.7083181
      ],
      [
        46.6776824,
        24.7082425
      ]
    ]
  }
},
{
  "type": "Feature",
  "id": "way/1308567254",
  "properties": {
    "electrified": "rail",
    "gauge": "1435",
    "layer": "-2",
    "name": "المسار الازرق",
    "name:ar": "المسار الازرق",
    "name:en": "Blue Line",
    "railway": "subway",
    "tunnel": "yes",
    "id": "way/1308567254"
  },
  "geometry": {
    "type": "LineString",
    "coordinates": [
      [
        46.6778323,
        24.7081468
      ],
      [
        46.6790463,
        24.7057428
      ]
    ]
  }
},
{
  "type": "Feature",
  "id": "way/1308567256",
  "properties": {
    "electrified": "rail",
    "gauge": "1435",
    "layer": "-2",
    "name": "المسار الازرق",
    "name:ar": "المسار الازرق",
    "name:en": "Blue Line",
    "railway": "subway",
    "tunnel": "yes",
    "id": "way/1308567256"
  },
  "geometry": {
    "type": "LineString",
    "coordinates": [
      [
        46.6765521,
        24.7107371
      ],
      [
        46.6778323,
        24.7081468
      ]
    ]
  }
},
{
  "type": "Feature",
  "id": "way/1337322287",
  "properties": {
    "highway": "footway",
    "id": "way/1337322287"
  },
  "geometry": {
    "type": "LineString",
    "coordinates": [
      [
        46.675211,
        24.713013
      ],
      [
        46.6752991,
        24.712859
      ],
      [
        46.6754442,
        24.7125756
      ]
    ]
  }
},
{
  "type": "Feature",
  "id": "way/1337322288",
  "properties": {
    "highway": "footway",
    "id": "way/1337322288"
  },
  "geometry": {
    "type": "LineString",
    "coordinates": [
      [
        46.6747918,
        24.7131031
      ],
      [
        46.6748263,
        24.7130836
      ],
      [
        46.6750152,
        24.7131425
      ],
      [
        46.6750608,
        24.7131519
      ],
      [
        46.6751296,
        24.7131329
      ],
      [
        46.6751564,
        24.7130933
      ]
    ]
  }
},
{
  "type": "Feature",
  "id": "way/1337322289",
  "properties": {
    "embankment": "yes",
    "highway": "footway",
    "id": "way/1337322289"
  },
  "geometry": {
    "type": "LineString",
    "coordinates": [
      [
        46.6751564,
        24.7130933
      ],
      [
        46.6751833,
        24.7130537
      ],
      [
        46.675211,
        24.713013
      ]
    ]
  }
},
{
  "type": "Feature",
  "id": "way/1337322290",
  "properties": {
    "highway": "footway",
    "id": "way/1337322290"
  },
  "geometry": {
    "type": "LineString",
    "coordinates": [
      [
        46.6750568,
        24.7132368
      ],
      [
        46.6751217,
        24.713266
      ],
      [
        46.6751603,
        24.7132834
      ],
      [
        46.6752107,
        24.7133067
      ],
      [
        46.6752789,
        24.7133368
      ],
      [
        46.6754169,
        24.7133964
      ]
    ]
  }
},
{
  "type": "Feature",
  "id": "way/1337322291",
  "properties": {
    "highway": "footway",
    "id": "way/1337322291"
  },
  "geometry": {
    "type": "LineString",
    "coordinates": [
      [
        46.6754169,
        24.7133964
      ],
      [
        46.6753619,
        24.7134999
      ],
      [
        46.6752925,
        24.7136303
      ],
      [
        46.6752495,
        24.7137138
      ],
      [
        46.6752061,
        24.7137132
      ],
      [
        46.6751223,
        24.7136752
      ],
      [
        46.6749925,
        24.7136164
      ],
      [
        46.6749454,
        24.7135951
      ],
      [
        46.6749899,
        24.7135121
      ],
      [
        46.6750614,
        24.7133786
      ],
      [
        46.6751217,
        24.713266
      ]
    ]
  }
},
{
  "type": "Feature",
  "id": "way/1337322292",
  "properties": {
    "highway": "footway",
    "id": "way/1337322292"
  },
  "geometry": {
    "type": "LineString",
    "coordinates": [
      [
        46.674791,
        24.7138749
      ],
      [
        46.6748124,
        24.7138829
      ],
      [
        46.6749454,
        24.7135951
      ]
    ]
  }
},
{
  "type": "Feature",
  "id": "way/1337322293",
  "properties": {
    "highway": "footway",
    "id": "way/1337322293"
  },
  "geometry": {
    "type": "LineString",
    "coordinates": [
      [
        46.6752061,
        24.7137132
      ],
      [
        46.6751008,
        24.7138879
      ]
    ]
  }
},
{
  "type": "Feature",
  "id": "way/1337322294",
  "properties": {
    "highway": "footway",
    "id": "way/1337322294"
  },
  "geometry": {
    "type": "LineString",
    "coordinates": [
      [
        46.6749216,
        24.7142641
      ],
      [
        46.6750587,
        24.7139763
      ]
    ]
  }
},
{
  "type": "Feature",
  "id": "way/1337322295",
  "properties": {
    "highway": "footway",
    "id": "way/1337322295"
  },
  "geometry": {
    "type": "LineString",
    "coordinates": [
      [
        46.6750587,
        24.7139763
      ],
      [
        46.6751008,
        24.7138879
      ]
    ]
  }
},
{
  "type": "Feature",
  "id": "way/1337322296",
  "properties": {
    "highway": "footway",
    "id": "way/1337322296"
  },
  "geometry": {
    "type": "LineString",
    "coordinates": [
      [
        46.6743974,
        24.7146718
      ],
      [
        46.674791,
        24.7138749
      ]
    ]
  }
},
{
  "type": "Feature",
  "id": "way/1337322297",
  "properties": {
    "highway": "footway",
    "id": "way/1337322297"
  },
  "geometry": {
    "type": "LineString",
    "coordinates": [
      [
        46.6754522,
        24.7132943
      ],
      [
        46.6755254,
        24.7133196
      ],
      [
        46.6757362,
        24.7129092
      ]
    ]
  }
},
{
  "type": "Feature",
  "id": "way/1337322298",
  "properties": {
    "highway": "footway",
    "id": "way/1337322298"
  },
  "geometry": {
    "type": "LineString",
    "coordinates": [
      [
        46.6754522,
        24.7132943
      ],
      [
        46.6754767,
        24.7134405
      ],
      [
        46.6770818,
        24.7141007
      ]
    ]
  }
},
{
  "type": "Feature",
  "id": "way/1337322299",
  "properties": {
    "highway": "footway",
    "id": "way/1337322299"
  },
  "geometry": {
    "type": "LineString",
    "coordinates": [
      [
        46.6752495,
        24.7137138
      ],
      [
        46.6769028,
        24.7144376
      ]
    ]
  }
},
{
  "type": "Feature",
  "id": "way/1337967968",
  "properties": {
    "highway": "footway",
    "id": "way/1337967968"
  },
  "geometry": {
    "type": "LineString",
    "coordinates": [
      [
        46.6749454,
        24.7135951
      ],
      [
        46.67453,
        24.7134083
      ]
    ]
  }
},
{
  "type": "Feature",
  "id": "way/1347842535",
  "properties": {
    "highway": "primary_link",
    "lanes": "2",
    "oneway": "yes",
    "surface": "asphalt",
    "id": "way/1347842535"
  },
  "geometry": {
    "type": "LineString",
    "coordinates": [
      [
        46.6726705,
        24.7112836
      ],
      [
        46.6725738,
        24.7113792
      ],
      [
        46.6724736,
        24.7114424
      ]
    ]
  }
},
{
  "type": "Feature",
  "id": "way/1347842536",
  "properties": {
    "highway": "primary_link",
    "lanes": "2",
    "oneway": "yes",
    "surface": "asphalt",
    "id": "way/1347842536"
  },
  "geometry": {
    "type": "LineString",
    "coordinates": [
      [
        46.6721562,
        24.7112988
      ],
      [
        46.6721621,
        24.7112366
      ],
      [
        46.6721902,
        24.7110917
      ]
    ]
  }
},
{
  "type": "Feature",
  "id": "way/1347842537",
  "properties": {
    "highway": "primary",
    "lanes": "3",
    "lit": "yes",
    "maxspeed": "90",
    "name": "طريق العروبة",
    "name:ar": "طريق العروبة",
    "name:en": "Al Uaroba Road",
    "oneway": "yes",
    "source": "Yahoo",
    "surface": "asphalt",
    "id": "way/1347842537"
  },
  "geometry": {
    "type": "LineString",
    "coordinates": [
      [
        46.6694068,
        24.7108088
      ],
      [
        46.670192,
        24.7111531
      ],
      [
        46.6717642,
        24.7118992
      ],
      [
        46.671815,
        24.7119219
      ]
    ]
  }
},
{
  "type": "Feature",
  "id": "way/1347842538",
  "properties": {
    "bridge": "yes",
    "highway": "primary",
    "lanes": "3",
    "layer": "1",
    "lit": "yes",
    "maxspeed": "90",
    "name": "طريق العروبة",
    "name:ar": "طريق العروبة",
    "name:en": "Al Uaroba Road",
    "oneway": "yes",
    "source": "Yahoo",
    "surface": "asphalt",
    "id": "way/1347842538"
  },
  "geometry": {
    "type": "LineString",
    "coordinates": [
      [
        46.671815,
        24.7119219
      ],
      [
        46.6721556,
        24.7120704
      ]
    ]
  }
},
{
  "type": "Feature",
  "id": "way/1347842539",
  "properties": {
    "highway": "primary",
    "lanes": "3",
    "maxspeed": "90",
    "name": "طريق العروبة",
    "name:ar": "طريق العروبة",
    "name:en": "Al Uaroba Road",
    "oneway": "yes",
    "source": "Yahoo",
    "surface": "asphalt",
    "id": "way/1347842539"
  },
  "geometry": {
    "type": "LineString",
    "coordinates": [
      [
        46.6717522,
        24.712048
      ],
      [
        46.6717061,
        24.7120273
      ],
      [
        46.6715893,
        24.7119753
      ],
      [
        46.6712992,
        24.7118462
      ]
    ]
  }
},
{
  "type": "Feature",
  "id": "way/1347842540",
  "properties": {
    "bridge": "yes",
    "highway": "primary",
    "lanes": "3",
    "layer": "1",
    "maxspeed": "90",
    "name": "طريق العروبة",
    "name:ar": "طريق العروبة",
    "name:en": "Al Uaroba Road",
    "oneway": "yes",
    "source": "Yahoo",
    "surface": "asphalt",
    "id": "way/1347842540"
  },
  "geometry": {
    "type": "LineString",
    "coordinates": [
      [
        46.672087,
        24.712197
      ],
      [
        46.6717522,
        24.712048
      ]
    ]
  }
},
{
  "type": "Feature",
  "id": "way/1347842541",
  "properties": {
    "highway": "primary_link",
    "lanes": "2",
    "oneway": "yes",
    "surface": "asphalt",
    "id": "way/1347842541"
  },
  "geometry": {
    "type": "LineString",
    "coordinates": [
      [
        46.6717689,
        24.7128368
      ],
      [
        46.6717817,
        24.7128814
      ],
      [
        46.6717711,
        24.7129282
      ],
      [
        46.6717402,
        24.7129958
      ],
      [
        46.6716988,
        24.7130754
      ],
      [
        46.6716629,
        24.7131463
      ],
      [
        46.6715787,
        24.7133666
      ]
    ]
  }
},
{
  "type": "Feature",
  "id": "way/1347842542",
  "properties": {
    "bridge": "yes",
    "highway": "primary_link",
    "lanes": "2",
    "layer": "1",
    "oneway": "yes",
    "surface": "asphalt",
    "id": "way/1347842542"
  },
  "geometry": {
    "type": "LineString",
    "coordinates": [
      [
        46.6714514,
        24.712716
      ],
      [
        46.6715153,
        24.7127036
      ],
      [
        46.6715858,
        24.7127119
      ],
      [
        46.67165,
        24.7127338
      ],
      [
        46.6717028,
        24.7127701
      ],
      [
        46.6717375,
        24.712797
      ],
      [
        46.6717689,
        24.7128368
      ]
    ]
  }
},
{
  "type": "Feature",
  "id": "way/939573189",
  "properties": {
    "id": "way/939573189"
  },
  "geometry": {
    "type": "LineString",
    "coordinates": [
      [
        46.6757401,
        24.7126956
      ],
      [
        46.6748335,
        24.7143671
      ],
      [
        46.6747263,
        24.7143127
      ],
      [
        46.6745546,
        24.7142257
      ],
      [
        46.6754719,
        24.7125835
      ],
      [
        46.6755802,
        24.7126288
      ],
      [
        46.6757401,
        24.7126956
      ]
    ]
  }
},
{
  "type": "Feature",
  "id": "node/469952698",
  "properties": {
    "id": "node/469952698"
  },
  "geometry": {
    "type": "Point",
    "coordinates": [
      46.6802126,
      24.703454
    ]
  }
},
{
  "type": "Feature",
  "id": "node/470147391",
  "properties": {
    "highway": "traffic_signals",
    "traffic_signals": "signal",
    "id": "node/470147391"
  },
  "geometry": {
    "type": "Point",
    "coordinates": [
      46.6717642,
      24.7118992
    ]
  }
},
{
  "type": "Feature",
  "id": "node/665108013",
  "properties": {
    "brand": "Carrefour",
    "brand:wikidata": "Q217599",
    "brand:wikipedia": "fr:Carrefour (enseigne)",
    "name": "Carrefour",
    "shop": "supermarket",
    "id": "node/665108013"
  },
  "geometry": {
    "type": "Point",
    "coordinates": [
      46.6727167,
      24.713113
    ]
  }
},
{
  "type": "Feature",
  "id": "node/672163112",
  "properties": {
    "brand": "Four Seasons",
    "brand:wikidata": "Q1424786",
    "jpoi_id": "100501",
    "name": "Four Seasons Hotel",
    "stars": "5",
    "tourism": "hotel",
    "wheelchair": "yes",
    "id": "node/672163112"
  },
  "geometry": {
    "type": "Point",
    "coordinates": [
      46.6733604,
      24.711037
    ]
  }
},
{
  "type": "Feature",
  "id": "node/672668414",
  "properties": {
    "amenity": "fast_food",
    "brand": "ماكدونالدز",
    "brand:ar": "ماكدونالدز",
    "brand:en": "McDonald's",
    "brand:wikidata": "Q38076",
    "brand:wikipedia": "ar:ماكدونالدز",
    "cuisine": "burger",
    "name": "ماكدونالدز",
    "name:ar": "ماكدونالدز",
    "name:en": "McDonald's",
    "takeaway": "yes",
    "id": "node/672668414"
  },
  "geometry": {
    "type": "Point",
    "coordinates": [
      46.6735034,
      24.7132672
    ]
  }
},
{
  "type": "Feature",
  "id": "node/672710400",
  "properties": {
    "name": "Halawani Market",
    "shop": "supermarket",
    "id": "node/672710400"
  },
  "geometry": {
    "type": "Point",
    "coordinates": [
      46.6762344,
      24.7136242
    ]
  }
},
{
  "type": "Feature",
  "id": "node/672710402",
  "properties": {
    "amenity": "atm",
    "operator": "Banque Saudi Faransi",
    "id": "node/672710402"
  },
  "geometry": {
    "type": "Point",
    "coordinates": [
      46.6753546,
      24.7138192
    ]
  }
},
{
  "type": "Feature",
  "id": "node/683654195",
  "properties": {
    "amenity": "cafe",
    "name": "Donut House",
    "id": "node/683654195"
  },
  "geometry": {
    "type": "Point",
    "coordinates": [
      46.6751475,
      24.7119322
    ]
  }
},
{
  "type": "Feature",
  "id": "node/683654196",
  "properties": {
    "amenity": "restaurant",
    "name": "Planet Hollywood",
    "id": "node/683654196"
  },
  "geometry": {
    "type": "Point",
    "coordinates": [
      46.6752226,
      24.7116691
    ]
  }
},
{
  "type": "Feature",
  "id": "node/683654197",
  "properties": {
    "amenity": "restaurant",
    "cuisine": "chinese",
    "name": "Shanghai Express",
    "id": "node/683654197"
  },
  "geometry": {
    "type": "Point",
    "coordinates": [
      46.6750938,
      24.7121272
    ]
  }
},
{
  "type": "Feature",
  "id": "node/683654198",
  "properties": {
    "amenity": "restaurant",
    "name": "Aladdin",
    "id": "node/683654198"
  },
  "geometry": {
    "type": "Point",
    "coordinates": [
      46.6750402,
      24.7117763
    ]
  }
},
{
  "type": "Feature",
  "id": "node/1242831609",
  "properties": {
    "amenity": "restaurant",
    "cuisine": "buffet",
    "name": "Quattro",
    "id": "node/1242831609"
  },
  "geometry": {
    "type": "Point",
    "coordinates": [
      46.6732363,
      24.7112433
    ]
  }
},
{
  "type": "Feature",
  "id": "node/2846344461",
  "properties": {
    "id": "node/2846344461"
  },
  "geometry": {
    "type": "Point",
    "coordinates": [
      46.7253075,
      24.6179116
    ]
  }
},
{
  "type": "Feature",
  "id": "node/2846350260",
  "properties": {
    "id": "node/2846350260"
  },
  "geometry": {
    "type": "Point",
    "coordinates": [
      46.745325,
      24.598461
    ]
  }
},
{
  "type": "Feature",
  "id": "node/3114326974",
  "properties": {
    "crossing": "traffic_signals",
    "crossing:markings": "yes",
    "crossing:signals": "yes",
    "highway": "crossing",
    "id": "node/3114326974"
  },
  "geometry": {
    "type": "Point",
    "coordinates": [
      46.6763653,
      24.7107158
    ]
  }
},
{
  "type": "Feature",
  "id": "node/3114326980",
  "properties": {
    "highway": "stop",
    "id": "node/3114326980"
  },
  "geometry": {
    "type": "Point",
    "coordinates": [
      46.6737028,
      24.7096337
    ]
  }
},
{
  "type": "Feature",
  "id": "node/3941133525",
  "properties": {
    "id": "node/3941133525"
  },
  "geometry": {
    "type": "Point",
    "coordinates": [
      46.6667348,
      24.726784
    ]
  }
},
{
  "type": "Feature",
  "id": "node/3942909571",
  "properties": {
    "id": "node/3942909571"
  },
  "geometry": {
    "type": "Point",
    "coordinates": [
      46.6166423,
      24.8295041
    ]
  }
},
{
  "type": "Feature",
  "id": "node/3942909573",
  "properties": {
    "id": "node/3942909573"
  },
  "geometry": {
    "type": "Point",
    "coordinates": [
      46.6257191,
      24.811572
    ]
  }
},
{
  "type": "Feature",
  "id": "node/3942909582",
  "properties": {
    "id": "node/3942909582"
  },
  "geometry": {
    "type": "Point",
    "coordinates": [
      46.6592353,
      24.7449382
    ]
  }
},
{
  "type": "Feature",
  "id": "node/3942909586",
  "properties": {
    "name": "محطة العروبة",
    "name:ar": "محطة العروبة",
    "name:en": "Al Urubah",
    "public_transport": "stop_position",
    "railway": "stop",
    "ref": "1C1",
    "subway": "yes",
    "id": "node/3942909586"
  },
  "geometry": {
    "type": "Point",
    "coordinates": [
      46.6751435,
      24.7134715
    ]
  }
},
{
  "type": "Feature",
  "id": "node/3942909592",
  "properties": {
    "id": "node/3942909592"
  },
  "geometry": {
    "type": "Point",
    "coordinates": [
      46.6949027,
      24.6744229
    ]
  }
},
{
  "type": "Feature",
  "id": "node/3942909651",
  "properties": {
    "id": "node/3942909651"
  },
  "geometry": {
    "type": "Point",
    "coordinates": [
      46.7214326,
      24.625642
    ]
  }
},
{
  "type": "Feature",
  "id": "node/3942909659",
  "properties": {
    "id": "node/3942909659"
  },
  "geometry": {
    "type": "Point",
    "coordinates": [
      46.7275898,
      24.6104261
    ]
  }
},
{
  "type": "Feature",
  "id": "node/3942909685",
  "properties": {
    "id": "node/3942909685"
  },
  "geometry": {
    "type": "Point",
    "coordinates": [
      46.6636368,
      24.7363221
    ]
  }
},
{
  "type": "Feature",
  "id": "node/3942909686",
  "properties": {
    "id": "node/3942909686"
  },
  "geometry": {
    "type": "Point",
    "coordinates": [
      46.6545802,
      24.7542521
    ]
  }
},
{
  "type": "Feature",
  "id": "node/3943451150",
  "properties": {
    "id": "node/3943451150"
  },
  "geometry": {
    "type": "Point",
    "coordinates": [
      46.7608754,
      24.5873003
    ]
  }
},
{
  "type": "Feature",
  "id": "node/4110734693",
  "properties": {
    "amenity": "fast_food",
    "cuisine": "burger",
    "name": "Herfy",
    "id": "node/4110734693"
  },
  "geometry": {
    "type": "Point",
    "coordinates": [
      46.6753243,
      24.7115383
    ]
  }
},
{
  "type": "Feature",
  "id": "node/4110734694",
  "properties": {
    "amenity": "restaurant",
    "cuisine": "regional",
    "name": "Kudu",
    "id": "node/4110734694"
  },
  "geometry": {
    "type": "Point",
    "coordinates": [
      46.6754146,
      24.7114181
    ]
  }
},
{
  "type": "Feature",
  "id": "node/4245099246",
  "properties": {
    "highway": "traffic_signals",
    "id": "node/4245099246"
  },
  "geometry": {
    "type": "Point",
    "coordinates": [
      46.6752818,
      24.7133301
    ]
  }
},
{
  "type": "Feature",
  "id": "node/4245099247",
  "properties": {
    "highway": "speed_camera",
    "maxspeed": "60",
    "id": "node/4245099247"
  },
  "geometry": {
    "type": "Point",
    "coordinates": [
      46.6752669,
      24.7133641
    ]
  }
},
{
  "type": "Feature",
  "id": "node/4245099249",
  "properties": {
    "highway": "speed_camera",
    "maxspeed": "60",
    "id": "node/4245099249"
  },
  "geometry": {
    "type": "Point",
    "coordinates": [
      46.6750132,
      24.7133597
    ]
  }
},
{
  "type": "Feature",
  "id": "node/4245099250",
  "properties": {
    "highway": "speed_camera",
    "maxspeed": "60",
    "id": "node/4245099250"
  },
  "geometry": {
    "type": "Point",
    "coordinates": [
      46.6753521,
      24.7136559
    ]
  }
},
{
  "type": "Feature",
  "id": "node/4245099253",
  "properties": {
    "highway": "speed_camera",
    "maxspeed": "60",
    "id": "node/4245099253"
  },
  "geometry": {
    "type": "Point",
    "coordinates": [
      46.6749853,
      24.7136313
    ]
  }
},
{
  "type": "Feature",
  "id": "node/4245099255",
  "properties": {
    "highway": "traffic_signals",
    "id": "node/4245099255"
  },
  "geometry": {
    "type": "Point",
    "coordinates": [
      46.6749738,
      24.7136549
    ]
  }
},
{
  "type": "Feature",
  "id": "node/4385439292",
  "properties": {
    "brand": "موبايلي",
    "brand:ar": "موبايلي",
    "brand:en": "Mobily",
    "brand:wikidata": "Q6887331",
    "name": "موبايلي",
    "name:ar": "موبايلي",
    "name:en": "Mobily",
    "office": "telecommunication",
    "id": "node/4385439292"
  },
  "geometry": {
    "type": "Point",
    "coordinates": [
      46.6767378,
      24.7081105
    ]
  }
},
{
  "type": "Feature",
  "id": "node/4582305081",
  "properties": {
    "public_transport": "stop_position",
    "id": "node/4582305081"
  },
  "geometry": {
    "type": "Point",
    "coordinates": [
      46.6759096,
      24.711792
    ]
  }
},
{
  "type": "Feature",
  "id": "node/5032905621",
  "properties": {
    "addr:street": "طريق الملك فهد",
    "amenity": "restaurant",
    "cuisine": "indian",
    "name": "Shikara Restaurant",
    "name:ar": "Shikara Restaurant",
    "name:en": "Shikara Restaurant",
    "opening_hours": "Mo-Su 00:30-23:00",
    "phone": "+966112305333",
    "id": "node/5032905621"
  },
  "geometry": {
    "type": "Point",
    "coordinates": [
      46.6711407,
      24.7128171
    ]
  }
},
{
  "type": "Feature",
  "id": "node/5477030384",
  "properties": {
    "highway": "traffic_signals",
    "traffic_signals": "signal",
    "id": "node/5477030384"
  },
  "geometry": {
    "type": "Point",
    "coordinates": [
      46.6722557,
      24.7122783
    ]
  }
},
{
  "type": "Feature",
  "id": "node/5477030393",
  "properties": {
    "highway": "traffic_signals",
    "traffic_signals": "signal",
    "id": "node/5477030393"
  },
  "geometry": {
    "type": "Point",
    "coordinates": [
      46.6717061,
      24.7120273
    ]
  }
},
{
  "type": "Feature",
  "id": "node/5477030395",
  "properties": {
    "name": "طريق العروبة",
    "name:ar": "طريق العروبة",
    "name:en": "Al Urubah Road",
    "id": "node/5477030395"
  },
  "geometry": {
    "type": "Point",
    "coordinates": [
      46.6713075,
      24.7126574
    ]
  }
},
{
  "type": "Feature",
  "id": "node/5477060770",
  "properties": {
    "crossing": "uncontrolled",
    "crossing:markings": "yes",
    "crossing:signals": "no",
    "highway": "traffic_signals;crossing",
    "traffic_signals": "signal",
    "id": "node/5477060770"
  },
  "geometry": {
    "type": "Point",
    "coordinates": [
      46.6750568,
      24.7132368
    ]
  }
},
{
  "type": "Feature",
  "id": "node/5477060773",
  "properties": {
    "parking_space": "bus",
    "id": "node/5477060773"
  },
  "geometry": {
    "type": "Point",
    "coordinates": [
      46.6744164,
      24.713034
    ]
  }
},
{
  "type": "Feature",
  "id": "node/5523656321",
  "properties": {
    "name:en": "Ibis Olaya",
    "tourism": "hotel",
    "id": "node/5523656321"
  },
  "geometry": {
    "type": "Point",
    "coordinates": [
      46.6764097,
      24.7123353
    ]
  }
},
{
  "type": "Feature",
  "id": "node/5931995788",
  "properties": {
    "amenity": "cafe",
    "name": "Al Masaa Cafe",
    "id": "node/5931995788"
  },
  "geometry": {
    "type": "Point",
    "coordinates": [
      46.6720732,
      24.7135789
    ]
  }
},
{
  "type": "Feature",
  "id": "node/6535480762",
  "properties": {
    "addr:floor": "54",
    "name": "McKinsey & Company",
    "office": "company",
    "phone": "+966 (11) 212 3600",
    "website": "https://www.mckinsey.com/middle-east/riyadh",
    "wikidata": "Q310207",
    "id": "node/6535480762"
  },
  "geometry": {
    "type": "Point",
    "coordinates": [
      46.6737654,
      24.7111809
    ]
  }
},
{
  "type": "Feature",
  "id": "node/6762662385",
  "properties": {
    "amenity": "cinema",
    "name:en": "VOX Cinemas Kingdom Centre",
    "id": "node/6762662385"
  },
  "geometry": {
    "type": "Point",
    "coordinates": [
      46.6755501,
      24.7109797
    ]
  }
},
{
  "type": "Feature",
  "id": "node/7397454266",
  "properties": {
    "building": "yes",
    "name": "مبنى موبايلي",
    "id": "node/7397454266"
  },
  "geometry": {
    "type": "Point",
    "coordinates": [
      46.6758053,
      24.7093047
    ]
  }
},
{
  "type": "Feature",
  "id": "node/7832546922",
  "properties": {
    "leisure": "park",
    "id": "node/7832546922"
  },
  "geometry": {
    "type": "Point",
    "coordinates": [
      46.677242,
      24.7108524
    ]
  }
},
{
  "type": "Feature",
  "id": "node/8254759010",
  "properties": {
    "addr:city": "riyadh",
    "addr:postcode": "12251",
    "addr:street": "العروبة",
    "description": "نحن عنوان الجمال أفضل الخدمات التجميلية الجلدية وأفضل خدمات العناية بالأسنان وجمالها",
    "email": "info@noor-clinics.com",
    "healthcare": "hospital",
    "healthcare:speciality": "dermatology;plastic_surgery;dentist;dental;oral_&_maxillofacial_surgery",
    "image": "http://noor-clinics.com/wp-content/uploads/2020/12/cropped-LOGO-NOOR1.png",
    "name": "NOOR CLINICS",
    "operator": "noor group",
    "phone": "0114202111",
    "picture": "http://noor-clinics.com/wp-content/uploads/2020/12/cropped-LOGO-NOOR1.png",
    "website": "https://noor-clinics.com/",
    "id": "node/8254759010"
  },
  "geometry": {
    "type": "Point",
    "coordinates": [
      46.6771731,
      24.7146603
    ]
  }
},
{
  "type": "Feature",
  "id": "node/8911340150",
  "properties": {
    "highway": "traffic_signals",
    "traffic_signals": "signal",
    "id": "node/8911340150"
  },
  "geometry": {
    "type": "Point",
    "coordinates": [
      46.6722637,
      24.7120873
    ]
  }
},
{
  "type": "Feature",
  "id": "node/8916090758",
  "properties": {
    "highway": "traffic_signals",
    "id": "node/8916090758"
  },
  "geometry": {
    "type": "Point",
    "coordinates": [
      46.6753221,
      24.7136425
    ]
  }
},
{
  "type": "Feature",
  "id": "node/9500812824",
  "properties": {
    "crossing": "traffic_signals",
    "crossing:signals": "yes",
    "highway": "crossing",
    "id": "node/9500812824"
  },
  "geometry": {
    "type": "Point",
    "coordinates": [
      46.6763779,
      24.7108502
    ]
  }
},
{
  "type": "Feature",
  "id": "node/11209514440",
  "properties": {
    "bus": "yes",
    "highway": "bus_stop",
    "name:en": "Olaya 212",
    "public_transport": "platform",
    "id": "node/11209514440"
  },
  "geometry": {
    "type": "Point",
    "coordinates": [
      46.6759172,
      24.7120928
    ]
  }
},
{
  "type": "Feature",
  "id": "node/12039396812",
  "properties": {
    "highway": "traffic_signals",
    "traffic_signals": "signal",
    "id": "node/12039396812"
  },
  "geometry": {
    "type": "Point",
    "coordinates": [
      46.6763893,
      24.710835
    ]
  }
},
{
  "type": "Feature",
  "id": "node/12043245706",
  "properties": {
    "crossing": "uncontrolled",
    "crossing:markings": "yes",
    "crossing:signals": "no",
    "highway": "crossing",
    "id": "node/12043245706"
  },
  "geometry": {
    "type": "Point",
    "coordinates": [
      46.6775372,
      24.7083493
    ]
  }
},
{
  "type": "Feature",
  "id": "node/12043245707",
  "properties": {
    "highway": "stop",
    "id": "node/12043245707"
  },
  "geometry": {
    "type": "Point",
    "coordinates": [
      46.6779576,
      24.7082921
    ]
  }
},
{
  "type": "Feature",
  "id": "node/12058917840",
  "properties": {
    "highway": "traffic_signals",
    "traffic_signals": "signal",
    "id": "node/12058917840"
  },
  "geometry": {
    "type": "Point",
    "coordinates": [
      46.6749798,
      24.7133441
    ]
  }
},
{
  "type": "Feature",
  "id": "node/12058917841",
  "properties": {
    "highway": "crossing",
    "id": "node/12058917841"
  },
  "geometry": {
    "type": "Point",
    "coordinates": [
      46.6753619,
      24.7134999
    ]
  }
},
{
  "type": "Feature",
  "id": "node/12059038614",
  "properties": {
    "public_transport": "stop_position",
    "id": "node/12059038614"
  },
  "geometry": {
    "type": "Point",
    "coordinates": [
      46.676337,
      24.7109269
    ]
  }
},
{
  "type": "Feature",
  "id": "node/12059038616",
  "properties": {
    "amenity": "parking",
    "parking": "street_side",
    "id": "node/12059038616"
  },
  "geometry": {
    "type": "Point",
    "coordinates": [
      46.6766373,
      24.7103486
    ]
  }
},
{
  "type": "Feature",
  "id": "node/12059038618",
  "properties": {
    "amenity": "parking",
    "parking": "street_side",
    "id": "node/12059038618"
  },
  "geometry": {
    "type": "Point",
    "coordinates": [
      46.6776466,
      24.7083181
    ]
  }
},
{
  "type": "Feature",
  "id": "node/12059207211",
  "properties": {
    "parking_space": "bus",
    "id": "node/12059207211"
  },
  "geometry": {
    "type": "Point",
    "coordinates": [
      46.6770243,
      24.714401
    ]
  }
},
{
  "type": "Feature",
  "id": "node/12059207213",
  "properties": {
    "highway": "crossing",
    "id": "node/12059207213"
  },
  "geometry": {
    "type": "Point",
    "coordinates": [
      46.6749899,
      24.7135121
    ]
  }
},
{
  "type": "Feature",
  "id": "node/12060954261",
  "properties": {
    "amenity": "parking",
    "parking": "street_side",
    "id": "node/12060954261"
  },
  "geometry": {
    "type": "Point",
    "coordinates": [
      46.677137,
      24.7093095
    ]
  }
},
{
  "type": "Feature",
  "id": "node/12066115696",
  "properties": {
    "highway": "stop",
    "id": "node/12066115696"
  },
  "geometry": {
    "type": "Point",
    "coordinates": [
      46.6768348,
      24.7102678
    ]
  }
},
{
  "type": "Feature",
  "id": "node/12066115697",
  "properties": {
    "crossing": "uncontrolled",
    "crossing:markings": "yes",
    "crossing:signals": "no",
    "highway": "crossing",
    "id": "node/12066115697"
  },
  "geometry": {
    "type": "Point",
    "coordinates": [
      46.6765147,
      24.7109135
    ]
  }
},
{
  "type": "Feature",
  "id": "node/12066115698",
  "properties": {
    "highway": "traffic_signals",
    "traffic_signals": "signal",
    "id": "node/12066115698"
  },
  "geometry": {
    "type": "Point",
    "coordinates": [
      46.6765277,
      24.7108936
    ]
  }
},
{
  "type": "Feature",
  "id": "node/12066115699",
  "properties": {
    "bus": "yes",
    "public_transport": "stop_position",
    "id": "node/12066115699"
  },
  "geometry": {
    "type": "Point",
    "coordinates": [
      46.6764853,
      24.7109748
    ]
  }
},
{
  "type": "Feature",
  "id": "node/12066115700",
  "properties": {
    "bus": "yes",
    "public_transport": "stop_position",
    "id": "node/12066115700"
  },
  "geometry": {
    "type": "Point",
    "coordinates": [
      46.6763444,
      24.7112562
    ]
  }
},
{
  "type": "Feature",
  "id": "node/12082551051",
  "properties": {
    "highway": "stop",
    "id": "node/12082551051"
  },
  "geometry": {
    "type": "Point",
    "coordinates": [
      46.6775213,
      24.7083419
    ]
  }
},
{
  "type": "Feature",
  "id": "node/12082551052",
  "properties": {
    "amenity": "parking",
    "parking": "street_side",
    "id": "node/12082551052"
  },
  "geometry": {
    "type": "Point",
    "coordinates": [
      46.6777421,
      24.7084549
    ]
  }
},
{
  "type": "Feature",
  "id": "node/12082551053",
  "properties": {
    "amenity": "parking",
    "parking": "street_side",
    "id": "node/12082551053"
  },
  "geometry": {
    "type": "Point",
    "coordinates": [
      46.6777032,
      24.7085325
    ]
  }
},
{
  "type": "Feature",
  "id": "node/12082551054",
  "properties": {
    "highway": "stop",
    "id": "node/12082551054"
  },
  "geometry": {
    "type": "Point",
    "coordinates": [
      46.6769132,
      24.7094647
    ]
  }
},
{
  "type": "Feature",
  "id": "node/12082551058",
  "properties": {
    "highway": "stop",
    "id": "node/12082551058"
  },
  "geometry": {
    "type": "Point",
    "coordinates": [
      46.6763843,
      24.7106346
    ]
  }
},
{
  "type": "Feature",
  "id": "node/12336502032",
  "properties": {
    "railway": "subway_entrance",
    "ref": "1",
    "id": "node/12336502032"
  },
  "geometry": {
    "type": "Point",
    "coordinates": [
      46.674791,
      24.7138749
    ]
  }
},
{
  "type": "Feature",
  "id": "node/12336663024",
  "properties": {
    "railway": "subway_entrance",
    "ref": "5",
    "id": "node/12336663024"
  },
  "geometry": {
    "type": "Point",
    "coordinates": [
      46.6751008,
      24.7138879
    ]
  }
},
{
  "type": "Feature",
  "id": "node/12336663025",
  "properties": {
    "railway": "subway_entrance",
    "ref": "4",
    "id": "node/12336663025"
  },
  "geometry": {
    "type": "Point",
    "coordinates": [
      46.6754522,
      24.7132943
    ]
  }
},
{
  "type": "Feature",
  "id": "node/12336663026",
  "properties": {
    "railway": "subway_entrance",
    "ref": "3",
    "id": "node/12336663026"
  },
  "geometry": {
    "type": "Point",
    "coordinates": [
      46.6747918,
      24.7131031
    ]
  }
},
{
  "type": "Feature",
  "id": "node/12336663027",
  "properties": {
    "railway": "subway_entrance",
    "ref": "5",
    "id": "node/12336663027"
  },
  "geometry": {
    "type": "Point",
    "coordinates": [
      46.6749565,
      24.7127837
    ]
  }
},
{
  "type": "Feature",
  "id": "node/12369254088",
  "properties": {
    "railway": "subway_entrance",
    "ref": "2",
    "id": "node/12369254088"
  },
  "geometry": {
    "type": "Point",
    "coordinates": [
      46.6748297,
      24.7136033
    ]
  }
},
{
  "type": "Feature",
  "id": "node/12369254097",
  "properties": {
    "highway": "crossing",
    "id": "node/12369254097"
  },
  "geometry": {
    "type": "Point",
    "coordinates": [
      46.6751833,
      24.7130537
    ]
  }
},
{
  "type": "Feature",
  "id": "node/12369254098",
  "properties": {
    "highway": "crossing",
    "id": "node/12369254098"
  },
  "geometry": {
    "type": "Point",
    "coordinates": [
      46.6752925,
      24.7136303
    ]
  }
},
{
  "type": "Feature",
  "id": "node/12369254099",
  "properties": {
    "highway": "crossing",
    "id": "node/12369254099"
  },
  "geometry": {
    "type": "Point",
    "coordinates": [
      46.6749925,
      24.7136164
    ]
  }
},
{
  "type": "Feature",
  "id": "node/12369254100",
  "properties": {
    "highway": "crossing",
    "id": "node/12369254100"
  },
  "geometry": {
    "type": "Point",
    "coordinates": [
      46.6751223,
      24.7136752
    ]
  }
},
{
  "type": "Feature",
  "id": "node/12369263401",
  "properties": {
    "highway": "crossing",
    "id": "node/12369263401"
  },
  "geometry": {
    "type": "Point",
    "coordinates": [
      46.6750614,
      24.7133786
    ]
  }
},
{
  "type": "Feature",
  "id": "node/12369263402",
  "properties": {
    "highway": "crossing",
    "id": "node/12369263402"
  },
  "geometry": {
    "type": "Point",
    "coordinates": [
      46.6751603,
      24.7132834
    ]
  }
},
{
  "type": "Feature",
  "id": "node/12369263403",
  "properties": {
    "highway": "crossing",
    "id": "node/12369263403"
  },
  "geometry": {
    "type": "Point",
    "coordinates": [
      46.6752789,
      24.7133368
    ]
  }
},
{
  "type": "Feature",
  "id": "node/12886374490",
  "properties": {
    "addr:city": "Riyadh",
    "addr:postcode": "11355",
    "addr:street": "P O. 385038, Riyadh 11355, Saudi Arabia",
    "name": "StandardTouch",
    "office": "company",
    "phone": "+966591153847",
    "website": "https://standardtouch.com/",
    "id": "node/12886374490"
  },
  "geometry": {
    "type": "Point",
    "coordinates": [
      46.6755148,
      24.7133929
    ]
  }
},
{
  "type": "Feature",
  "id": "node/14047426216",
  "properties": {
    "addr:city": "الرياض",
    "addr:city:simc": "Riyadh",
    "addr:postcode": "12244",
    "addr:street": "عبدالله بن زمعة",
    "addr:street:sym_ul": "Ibn Uqail",
    "name": "مشراق",
    "office": "estate_agent",
    "website": "https://www.mishraq.sa/",
    "id": "node/14047426216"
  },
  "geometry": {
    "type": "Point",
    "coordinates": [
      46.6776091,
      24.7098343
    ]
  }
},
{
  "type": "Feature",
  "id": "node/8703400244",
  "properties": {
    "id": "node/8703400244"
  },
  "geometry": {
    "type": "Point",
    "coordinates": [
      46.6712682,
      24.7212783
    ]
  }
},
{
  "type": "Feature",
  "id": "node/11435850923",
  "properties": {
    "id": "node/11435850923"
  },
  "geometry": {
    "type": "Point",
    "coordinates": [
      46.6430248,
      24.7675491
    ]
  }
},
{
  "type": "Feature",
  "id": "node/12080044112",
  "properties": {
    "id": "node/12080044112"
  },
  "geometry": {
    "type": "Point",
    "coordinates": [
      46.683726,
      24.6965131
    ]
  }
},
{
  "type": "Feature",
  "id": "node/12338832172",
  "properties": {
    "id": "node/12338832172"
  },
  "geometry": {
    "type": "Point",
    "coordinates": [
      46.6869331,
      24.690206
    ]
  }
},
{
  "type": "Feature",
  "id": "node/6018879099",
  "properties": {
    "id": "node/6018879099"
  },
  "geometry": {
    "type": "Point",
    "coordinates": [
      46.7023599,
      24.6647328
    ]
  }
},
{
  "type": "Feature",
  "id": "node/8678006165",
  "properties": {
    "id": "node/8678006165"
  },
  "geometry": {
    "type": "Point",
    "coordinates": [
      46.7042508,
      24.6597848
    ]
  }
},
{
  "type": "Feature",
  "id": "node/12347703285",
  "properties": {
    "id": "node/12347703285"
  },
  "geometry": {
    "type": "Point",
    "coordinates": [
      46.7131455,
      24.6453633
    ]
  }
},
{
  "type": "Feature",
  "id": "node/13267042616",
  "properties": {
    "id": "node/13267042616"
  },
  "geometry": {
    "type": "Point",
    "coordinates": [
      46.7148749,
      24.6383093
    ]
  }
},
{
  "type": "Feature",
  "id": "node/6018879091",
  "properties": {
    "id": "node/6018879091"
  },
  "geometry": {
    "type": "Point",
    "coordinates": [
      46.716453,
      24.6286855
    ]
  }
},
{
  "type": "Feature",
  "id": "node/6712570788",
  "properties": {
    "id": "node/6712570788"
  },
  "geometry": {
    "type": "Point",
    "coordinates": [
      46.735785,
      24.6006322
    ]
  }
},
{
  "type": "Feature",
  "id": "node/11594935252",
  "properties": {
    "id": "node/11594935252"
  },
  "geometry": {
    "type": "Point",
    "coordinates": [
      46.7763197,
      24.5600976
    ]
  }
},
{
  "type": "Feature",
  "id": "node/12320539046",
  "properties": {
    "id": "node/12320539046"
  },
  "geometry": {
    "type": "Point",
    "coordinates": [
      46.6429288,
      24.7672341
    ]
  }
}
]
}
